{"bsfs-stderr-0.log":{"path":"bsfs-stderr-0.log","md5":"d41d8cd98f00b204e9800998ecf8427e","size":0,"timeStamp":"2022-02-04T22:28:40.521646556Z"},"bsfs-stdout-0.log":{"path":"bsfs-stdout-0.log","md5":"d7afd8cf652141b16538682210ec97b3","size":1796,"timeStamp":"2022-02-04T22:28:40.514373929Z"},"bsfs-stdouterr-0.log":{"path":"bsfs-stdouterr-0.log","md5":"d7afd8cf652141b16538682210ec97b3","size":1796,"timeStamp":"2022-02-04T22:28:40.519680572Z"},"dragen-init-stderr-0.log":{"path":"dragen-init-stderr-0.log","md5":"f37957f6cdc32ef638effe4f5bff8a8a","size":161,"timeStamp":"2022-02-04T22:28:40.515540744Z"},"dragen-init-stdout-0.log":{"path":"dragen-init-stdout-0.log","md5":"58eb64c2c0a9f9c55d834f84365df385","size":324,"timeStamp":"2022-02-04T22:28:40.53018475Z"},"dragen-init-stdouterr-0.log":{"path":"dragen-init-stdouterr-0.log","md5":"f694105f3a459916ef5c9d27fb7b5353","size":485,"timeStamp":"2022-02-04T22:28:40.514239732Z"},"heartbeat-init-stderr-0.log":{"path":"heartbeat-init-stderr-0.log","md5":"dfbf0d3b2f13eae762fd3ec741c7e004","size":16430,"timeStamp":"2022-02-04T22:28:40.511138018Z"},"heartbeat-init-stdout-0.log":{"path":"heartbeat-init-stdout-0.log","md5":"d41d8cd98f00b204e9800998ecf8427e","size":0,"timeStamp":"2022-02-04T22:28:40.517671998Z"},"heartbeat-init-stdouterr-0.log":{"path":"heartbeat-init-stdouterr-0.log","md5":"dfbf0d3b2f13eae762fd3ec741c7e004","size":16430,"timeStamp":"2022-02-04T22:28:40.514174289Z"},"heartbeat-stderr-0.log":{"path":"heartbeat-stderr-0.log","md5":"818d86cadd500361b8286740b19108d2","size":677,"timeStamp":"2022-02-04T22:28:40.511458546Z"},"heartbeat-stdout-0.log":{"path":"heartbeat-stdout-0.log","md5":"d41d8cd98f00b204e9800998ecf8427e","size":0,"timeStamp":"2022-02-04T22:28:40.543789618Z"},"heartbeat-stdouterr-0.log":{"path":"heartbeat-stdouterr-0.log","md5":"818d86cadd500361b8286740b19108d2","size":677,"timeStamp":"2022-02-04T22:28:40.540509648Z"},"logging-stderr-0.log":{"path":"logging-stderr-0.log","md5":"5d7d52068da05df7ffa8c13abd362172","size":12159,"timeStamp":"2022-02-04T22:28:40.594442712Z"},"logging-stdout-0.log":{"path":"logging-stdout-0.log","md5":"38aba068a5ed417ba90755e25eb44070","size":90,"timeStamp":"2022-02-04T22:28:40.544915677Z"},"logging-stdouterr-0.log":{"path":"logging-stdouterr-0.log","md5":"8e031f1594f0863f67a9aa448483217b","size":12249,"timeStamp":"2022-02-04T22:28:40.549171591Z"},"network-init-stderr-0.log":{"path":"network-init-stderr-0.log","md5":"d41d8cd98f00b204e9800998ecf8427e","size":0,"timeStamp":"2022-02-04T22:28:40.546547105Z"},"network-init-stdout-0.log":{"path":"network-init-stdout-0.log","md5":"d41d8cd98f00b204e9800998ecf8427e","size":0,"timeStamp":"2022-02-04T22:28:40.621771249Z"},"network-init-stdouterr-0.log":{"path":"network-init-stdouterr-0.log","md5":"d41d8cd98f00b204e9800998ecf8427e","size":0,"timeStamp":"2022-02-04T22:28:40.553771553Z"},"output0-stderr-0.log":{"path":"output0-stderr-0.log","md5":"5f4075ae846f0ef6b603df0800a7e207","size":5005,"timeStamp":"2022-02-04T22:28:40.619664312Z"},"output0-stdout-0.log":{"path":"output0-stdout-0.log","md5":"d41d8cd98f00b204e9800998ecf8427e","size":0,"timeStamp":"2022-02-04T22:28:40.600250378Z"},"output0-stdouterr-0.log":{"path":"output0-stdouterr-0.log","md5":"5f4075ae846f0ef6b603df0800a7e207","size":5005,"timeStamp":"2022-02-04T22:28:40.582173139Z"},"output1-stderr-0.log":{"path":"output1-stderr-0.log","md5":"6b6dffa6ad0a91ae299ac9667ac103a4","size":1576,"timeStamp":"2022-02-04T22:28:40.572202341Z"},"output1-stdout-0.log":{"path":"output1-stdout-0.log","md5":"d41d8cd98f00b204e9800998ecf8427e","size":0,"timeStamp":"2022-02-04T22:28:40.575195774Z"},"output1-stdouterr-0.log":{"path":"output1-stdouterr-0.log","md5":"6b6dffa6ad0a91ae299ac9667ac103a4","size":1576,"timeStamp":"2022-02-04T22:28:40.577006763Z"},"permission-init-stderr-0.log":{"path":"permission-init-stderr-0.log","md5":"d41d8cd98f00b204e9800998ecf8427e","size":0,"timeStamp":"2022-02-04T22:28:40.574080698Z"},"permission-init-stdout-0.log":{"path":"permission-init-stdout-0.log","md5":"c5f95941f93e329bf3c69f0eb7d4db1d","size":2212,"timeStamp":"2022-02-04T22:28:40.579986142Z"},"permission-init-stdouterr-0.log":{"path":"permission-init-stdouterr-0.log","md5":"c5f95941f93e329bf3c69f0eb7d4db1d","size":2212,"timeStamp":"2022-02-04T22:28:40.627138794Z"},"pod-0.log":{"path":"pod-0.log","md5":"6c950cce95bf05263941aef8dc749f7f","size":56,"timeStamp":"2022-02-04T22:28:40.632942283Z"},"pod-metrics-0.log":{"path":"pod-metrics-0.log","md5":"ceb0ba16d741c3b1d1f6371e8baedf57","size":22860,"timeStamp":"2022-02-04T22:28:40.606245536Z"},"task-stderr-0.log":{"path":"task-stderr-0.log","md5":"b4d6e997589257cccda0527bbb4a8103","size":83,"timeStamp":"2022-02-04T22:28:40.619920604Z"},"task-stdout-0.log":{"path":"task-stdout-0.log","md5":"4fc612ca26c6da882d01c363605a4bd9","size":27877,"timeStamp":"2022-02-04T22:28:40.611308012Z"},"task-stdouterr-0.log":{"path":"task-stdouterr-0.log","md5":"117cd630b40a021f5de98eda37ce6a53","size":27960,"timeStamp":"2022-02-04T22:28:40.611871829Z"},"tes-input-handler-init-container-stderr-0.log":{"path":"tes-input-handler-init-container-stderr-0.log","md5":"d41d8cd98f00b204e9800998ecf8427e","size":0,"timeStamp":"2022-02-04T22:28:40.621740134Z"},"tes-input-handler-init-container-stdout-0.log":{"path":"tes-input-handler-init-container-stdout-0.log","md5":"d41d8cd98f00b204e9800998ecf8427e","size":0,"timeStamp":"2022-02-04T22:28:40.629033625Z"},"tes-input-handler-init-container-stdouterr-0.log":{"path":"tes-input-handler-init-container-stdouterr-0.log","md5":"d41d8cd98f00b204e9800998ecf8427e","size":0,"timeStamp":"2022-02-04T22:28:40.632330524Z"}}