{"bsfs-stderr-0.log":{"path":"bsfs-stderr-0.log","md5":"d41d8cd98f00b204e9800998ecf8427e","size":0,"timeStamp":"2022-02-04T22:27:52.225699262Z"},"bsfs-stdout-0.log":{"path":"bsfs-stdout-0.log","md5":"8a6c8ea2ed31be93721aee0e601d2e53","size":1795,"timeStamp":"2022-02-04T22:27:52.248830909Z"},"bsfs-stdouterr-0.log":{"path":"bsfs-stdouterr-0.log","md5":"8a6c8ea2ed31be93721aee0e601d2e53","size":1795,"timeStamp":"2022-02-04T22:27:52.236079231Z"},"dragen-init-stderr-0.log":{"path":"dragen-init-stderr-0.log","md5":"f37957f6cdc32ef638effe4f5bff8a8a","size":161,"timeStamp":"2022-02-04T22:27:52.236000233Z"},"dragen-init-stdout-0.log":{"path":"dragen-init-stdout-0.log","md5":"0a1761ce485370cf56d36fd90f6a9e22","size":321,"timeStamp":"2022-02-04T22:27:52.223205822Z"},"dragen-init-stdouterr-0.log":{"path":"dragen-init-stdouterr-0.log","md5":"34c3b66c2a3e91837ac8cb18e7f0ef9c","size":482,"timeStamp":"2022-02-04T22:27:52.220694872Z"},"heartbeat-init-stderr-0.log":{"path":"heartbeat-init-stderr-0.log","md5":"3f74aca7f913dbe338a815c0371a1985","size":16430,"timeStamp":"2022-02-04T22:27:52.289226978Z"},"heartbeat-init-stdout-0.log":{"path":"heartbeat-init-stdout-0.log","md5":"d41d8cd98f00b204e9800998ecf8427e","size":0,"timeStamp":"2022-02-04T22:27:52.220353505Z"},"heartbeat-init-stdouterr-0.log":{"path":"heartbeat-init-stdouterr-0.log","md5":"3f74aca7f913dbe338a815c0371a1985","size":16430,"timeStamp":"2022-02-04T22:27:52.218082017Z"},"heartbeat-stderr-0.log":{"path":"heartbeat-stderr-0.log","md5":"64abf5d6a3647e1ff2fc7fdeaf1418f8","size":678,"timeStamp":"2022-02-04T22:27:52.521850857Z"},"heartbeat-stdout-0.log":{"path":"heartbeat-stdout-0.log","md5":"d41d8cd98f00b204e9800998ecf8427e","size":0,"timeStamp":"2022-02-04T22:27:52.248533621Z"},"heartbeat-stdouterr-0.log":{"path":"heartbeat-stdouterr-0.log","md5":"64abf5d6a3647e1ff2fc7fdeaf1418f8","size":678,"timeStamp":"2022-02-04T22:27:52.261156457Z"},"logging-stderr-0.log":{"path":"logging-stderr-0.log","md5":"2dc543b3d6b6e5ab954695319fc32f22","size":12158,"timeStamp":"2022-02-04T22:27:52.313550643Z"},"logging-stdout-0.log":{"path":"logging-stdout-0.log","md5":"38aba068a5ed417ba90755e25eb44070","size":90,"timeStamp":"2022-02-04T22:27:52.270989427Z"},"logging-stdouterr-0.log":{"path":"logging-stdouterr-0.log","md5":"14cc11d05ffa29f683d6e4de6a6b916d","size":12248,"timeStamp":"2022-02-04T22:27:52.265495922Z"},"network-init-stderr-0.log":{"path":"network-init-stderr-0.log","md5":"d41d8cd98f00b204e9800998ecf8427e","size":0,"timeStamp":"2022-02-04T22:27:52.265916306Z"},"network-init-stdout-0.log":{"path":"network-init-stdout-0.log","md5":"d41d8cd98f00b204e9800998ecf8427e","size":0,"timeStamp":"2022-02-04T22:27:52.270932878Z"},"network-init-stdouterr-0.log":{"path":"network-init-stdouterr-0.log","md5":"d41d8cd98f00b204e9800998ecf8427e","size":0,"timeStamp":"2022-02-04T22:27:52.297315785Z"},"output0-stderr-0.log":{"path":"output0-stderr-0.log","md5":"30c6e5b7e652b62a71d1df84082e046c","size":5000,"timeStamp":"2022-02-04T22:27:52.282252587Z"},"output0-stdout-0.log":{"path":"output0-stdout-0.log","md5":"d41d8cd98f00b204e9800998ecf8427e","size":0,"timeStamp":"2022-02-04T22:27:52.296158497Z"},"output0-stdouterr-0.log":{"path":"output0-stdouterr-0.log","md5":"30c6e5b7e652b62a71d1df84082e046c","size":5000,"timeStamp":"2022-02-04T22:27:52.300773783Z"},"output1-stderr-0.log":{"path":"output1-stderr-0.log","md5":"906ccb4c4b0e28c2393e044100023afd","size":1576,"timeStamp":"2022-02-04T22:27:52.300146401Z"},"output1-stdout-0.log":{"path":"output1-stdout-0.log","md5":"d41d8cd98f00b204e9800998ecf8427e","size":0,"timeStamp":"2022-02-04T22:27:52.335531825Z"},"output1-stdouterr-0.log":{"path":"output1-stdouterr-0.log","md5":"906ccb4c4b0e28c2393e044100023afd","size":1576,"timeStamp":"2022-02-04T22:27:52.307155306Z"},"permission-init-stderr-0.log":{"path":"permission-init-stderr-0.log","md5":"d41d8cd98f00b204e9800998ecf8427e","size":0,"timeStamp":"2022-02-04T22:27:52.312682554Z"},"permission-init-stdout-0.log":{"path":"permission-init-stdout-0.log","md5":"3a3e882ad279c144dcbbef5956085d9a","size":2212,"timeStamp":"2022-02-04T22:27:52.318257827Z"},"permission-init-stdouterr-0.log":{"path":"permission-init-stdouterr-0.log","md5":"3a3e882ad279c144dcbbef5956085d9a","size":2212,"timeStamp":"2022-02-04T22:27:52.333319469Z"},"pod-0.log":{"path":"pod-0.log","md5":"c970a1f47bc064e76e61ecfdf784097f","size":56,"timeStamp":"2022-02-04T22:27:52.334171484Z"},"pod-metrics-0.log":{"path":"pod-metrics-0.log","md5":"487c05a95aa359f909cee00b780c91c5","size":23099,"timeStamp":"2022-02-04T22:27:52.340403356Z"},"task-stderr-0.log":{"path":"task-stderr-0.log","md5":"b4d6e997589257cccda0527bbb4a8103","size":83,"timeStamp":"2022-02-04T22:27:52.33423822Z"},"task-stdout-0.log":{"path":"task-stdout-0.log","md5":"3bfaa0b8c4ca71e38a01b571ed27fa9b","size":27882,"timeStamp":"2022-02-04T22:27:52.371405146Z"},"task-stdouterr-0.log":{"path":"task-stdouterr-0.log","md5":"34f34ab8ee6246ee6eb84874a15d310b","size":27965,"timeStamp":"2022-02-04T22:27:52.358695473Z"},"tes-input-handler-init-container-stderr-0.log":{"path":"tes-input-handler-init-container-stderr-0.log","md5":"d41d8cd98f00b204e9800998ecf8427e","size":0,"timeStamp":"2022-02-04T22:27:52.345439808Z"},"tes-input-handler-init-container-stdout-0.log":{"path":"tes-input-handler-init-container-stdout-0.log","md5":"d41d8cd98f00b204e9800998ecf8427e","size":0,"timeStamp":"2022-02-04T22:27:52.355881509Z"},"tes-input-handler-init-container-stdouterr-0.log":{"path":"tes-input-handler-init-container-stdouterr-0.log","md5":"d41d8cd98f00b204e9800998ecf8427e","size":0,"timeStamp":"2022-02-04T22:27:52.362898723Z"}}