{"bsfs-stderr-0.log":{"path":"bsfs-stderr-0.log","md5":"d41d8cd98f00b204e9800998ecf8427e","size":0,"timeStamp":"2022-02-04T22:29:48.094223267Z"},"bsfs-stdout-0.log":{"path":"bsfs-stdout-0.log","md5":"fe473a27b6b4d659a16a71de00e6376a","size":1796,"timeStamp":"2022-02-04T22:29:48.030582275Z"},"bsfs-stdouterr-0.log":{"path":"bsfs-stdouterr-0.log","md5":"fe473a27b6b4d659a16a71de00e6376a","size":1796,"timeStamp":"2022-02-04T22:29:47.825703862Z"},"dragen-init-stderr-0.log":{"path":"dragen-init-stderr-0.log","md5":"f37957f6cdc32ef638effe4f5bff8a8a","size":161,"timeStamp":"2022-02-04T22:29:47.821930058Z"},"dragen-init-stdout-0.log":{"path":"dragen-init-stdout-0.log","md5":"9244add434130fde47f53cf79b0a61ca","size":322,"timeStamp":"2022-02-04T22:29:47.8133767Z"},"dragen-init-stdouterr-0.log":{"path":"dragen-init-stdouterr-0.log","md5":"e96f11670a7b3c692e250179ffb3f4a3","size":483,"timeStamp":"2022-02-04T22:29:47.810643864Z"},"heartbeat-init-stderr-0.log":{"path":"heartbeat-init-stderr-0.log","md5":"9be7143015937d891ee94e7084fbb805","size":16430,"timeStamp":"2022-02-04T22:29:47.868072757Z"},"heartbeat-init-stdout-0.log":{"path":"heartbeat-init-stdout-0.log","md5":"d41d8cd98f00b204e9800998ecf8427e","size":0,"timeStamp":"2022-02-04T22:29:47.812463376Z"},"heartbeat-init-stdouterr-0.log":{"path":"heartbeat-init-stdouterr-0.log","md5":"9be7143015937d891ee94e7084fbb805","size":16430,"timeStamp":"2022-02-04T22:29:47.828695238Z"},"heartbeat-stderr-0.log":{"path":"heartbeat-stderr-0.log","md5":"40ed5583964cd6c6cf5116663153a235","size":902,"timeStamp":"2022-02-04T22:29:48.143839084Z"},"heartbeat-stdout-0.log":{"path":"heartbeat-stdout-0.log","md5":"d41d8cd98f00b204e9800998ecf8427e","size":0,"timeStamp":"2022-02-04T22:29:47.842385284Z"},"heartbeat-stdouterr-0.log":{"path":"heartbeat-stdouterr-0.log","md5":"40ed5583964cd6c6cf5116663153a235","size":902,"timeStamp":"2022-02-04T22:29:47.841015827Z"},"logging-stderr-0.log":{"path":"logging-stderr-0.log","md5":"5d71b5c402c373c2054db5ceefd20bb0","size":13822,"timeStamp":"2022-02-04T22:29:47.887882483Z"},"logging-stdout-0.log":{"path":"logging-stdout-0.log","md5":"38aba068a5ed417ba90755e25eb44070","size":90,"timeStamp":"2022-02-04T22:29:47.860823342Z"},"logging-stdouterr-0.log":{"path":"logging-stdouterr-0.log","md5":"0a03673d422364dd4545ee0cda2af932","size":13912,"timeStamp":"2022-02-04T22:29:47.93139117Z"},"network-init-stderr-0.log":{"path":"network-init-stderr-0.log","md5":"d41d8cd98f00b204e9800998ecf8427e","size":0,"timeStamp":"2022-02-04T22:29:47.896079822Z"},"network-init-stdout-0.log":{"path":"network-init-stdout-0.log","md5":"d41d8cd98f00b204e9800998ecf8427e","size":0,"timeStamp":"2022-02-04T22:29:47.869589939Z"},"network-init-stdouterr-0.log":{"path":"network-init-stdouterr-0.log","md5":"d41d8cd98f00b204e9800998ecf8427e","size":0,"timeStamp":"2022-02-04T22:29:47.87594223Z"},"output0-stderr-0.log":{"path":"output0-stderr-0.log","md5":"e1b84288677fd8107325fda12e2f0bfe","size":5004,"timeStamp":"2022-02-04T22:29:47.891429536Z"},"output0-stdout-0.log":{"path":"output0-stdout-0.log","md5":"d41d8cd98f00b204e9800998ecf8427e","size":0,"timeStamp":"2022-02-04T22:29:47.901171148Z"},"output0-stdouterr-0.log":{"path":"output0-stdouterr-0.log","md5":"e1b84288677fd8107325fda12e2f0bfe","size":5004,"timeStamp":"2022-02-04T22:29:47.990291895Z"},"output1-stderr-0.log":{"path":"output1-stderr-0.log","md5":"7c2d32c3c32fd9f467a0268f2ef05e97","size":1576,"timeStamp":"2022-02-04T22:29:47.90519927Z"},"output1-stdout-0.log":{"path":"output1-stdout-0.log","md5":"d41d8cd98f00b204e9800998ecf8427e","size":0,"timeStamp":"2022-02-04T22:29:47.949162072Z"},"output1-stdouterr-0.log":{"path":"output1-stdouterr-0.log","md5":"7c2d32c3c32fd9f467a0268f2ef05e97","size":1576,"timeStamp":"2022-02-04T22:29:47.919365842Z"},"permission-init-stderr-0.log":{"path":"permission-init-stderr-0.log","md5":"d41d8cd98f00b204e9800998ecf8427e","size":0,"timeStamp":"2022-02-04T22:29:47.937247973Z"},"permission-init-stdout-0.log":{"path":"permission-init-stdout-0.log","md5":"03e90ca2451237fedbdf8abd4a1628ca","size":2212,"timeStamp":"2022-02-04T22:29:47.933473211Z"},"permission-init-stdouterr-0.log":{"path":"permission-init-stdouterr-0.log","md5":"03e90ca2451237fedbdf8abd4a1628ca","size":2212,"timeStamp":"2022-02-04T22:29:47.933517665Z"},"pod-0.log":{"path":"pod-0.log","md5":"ffd8eda3a9b35c27e0a971fdedc1212e","size":56,"timeStamp":"2022-02-04T22:29:48.013506566Z"},"pod-metrics-0.log":{"path":"pod-metrics-0.log","md5":"46714f511a2cc68feeac43a22e6edf73","size":30528,"timeStamp":"2022-02-04T22:29:47.975574867Z"},"task-stderr-0.log":{"path":"task-stderr-0.log","md5":"b4d6e997589257cccda0527bbb4a8103","size":83,"timeStamp":"2022-02-04T22:29:47.966936543Z"},"task-stdout-0.log":{"path":"task-stdout-0.log","md5":"62ce09d070b9dec080f01aa78cec2434","size":28008,"timeStamp":"2022-02-04T22:29:48.028177034Z"},"task-stdouterr-0.log":{"path":"task-stdouterr-0.log","md5":"57e645b62f01408d4690ca7d3f876f10","size":28091,"timeStamp":"2022-02-04T22:29:47.975275407Z"},"tes-input-handler-init-container-stderr-0.log":{"path":"tes-input-handler-init-container-stderr-0.log","md5":"d41d8cd98f00b204e9800998ecf8427e","size":0,"timeStamp":"2022-02-04T22:29:47.981797748Z"},"tes-input-handler-init-container-stdout-0.log":{"path":"tes-input-handler-init-container-stdout-0.log","md5":"d41d8cd98f00b204e9800998ecf8427e","size":0,"timeStamp":"2022-02-04T22:29:48.004794632Z"},"tes-input-handler-init-container-stdouterr-0.log":{"path":"tes-input-handler-init-container-stdouterr-0.log","md5":"d41d8cd98f00b204e9800998ecf8427e","size":0,"timeStamp":"2022-02-04T22:29:48.012129613Z"}}