{"bsfs-stderr-0.log":{"path":"bsfs-stderr-0.log","md5":"d41d8cd98f00b204e9800998ecf8427e","size":0,"timeStamp":"2022-02-04T22:45:00.990800584Z"},"bsfs-stdout-0.log":{"path":"bsfs-stdout-0.log","md5":"83a70a8c16fd30fa3245aeb397982c74","size":1794,"timeStamp":"2022-02-04T22:45:01.034630792Z"},"bsfs-stdouterr-0.log":{"path":"bsfs-stdouterr-0.log","md5":"83a70a8c16fd30fa3245aeb397982c74","size":1794,"timeStamp":"2022-02-04T22:45:01.011680149Z"},"dragen-init-stderr-0.log":{"path":"dragen-init-stderr-0.log","md5":"f37957f6cdc32ef638effe4f5bff8a8a","size":161,"timeStamp":"2022-02-04T22:45:01.015430166Z"},"dragen-init-stdout-0.log":{"path":"dragen-init-stdout-0.log","md5":"04fb63244310851287880e576913ca4e","size":348,"timeStamp":"2022-02-04T22:45:00.998039658Z"},"dragen-init-stdouterr-0.log":{"path":"dragen-init-stdouterr-0.log","md5":"5176d20f3efc55f81d5c27fdf301362b","size":509,"timeStamp":"2022-02-04T22:45:00.994478425Z"},"heartbeat-init-stderr-0.log":{"path":"heartbeat-init-stderr-0.log","md5":"255ff1333e2d3ce3ac87cacc0bdb32a6","size":16430,"timeStamp":"2022-02-04T22:45:00.997282388Z"},"heartbeat-init-stdout-0.log":{"path":"heartbeat-init-stdout-0.log","md5":"d41d8cd98f00b204e9800998ecf8427e","size":0,"timeStamp":"2022-02-04T22:45:00.995112295Z"},"heartbeat-init-stdouterr-0.log":{"path":"heartbeat-init-stdouterr-0.log","md5":"255ff1333e2d3ce3ac87cacc0bdb32a6","size":16430,"timeStamp":"2022-02-04T22:45:00.994980488Z"},"heartbeat-stderr-0.log":{"path":"heartbeat-stderr-0.log","md5":"5def70534832bfe02d78533f261bf4ff","size":902,"timeStamp":"2022-02-04T22:45:00.993957519Z"},"heartbeat-stdout-0.log":{"path":"heartbeat-stdout-0.log","md5":"d41d8cd98f00b204e9800998ecf8427e","size":0,"timeStamp":"2022-02-04T22:45:01.019746038Z"},"heartbeat-stdouterr-0.log":{"path":"heartbeat-stdouterr-0.log","md5":"5def70534832bfe02d78533f261bf4ff","size":902,"timeStamp":"2022-02-04T22:45:01.04247205Z"},"logging-stderr-0.log":{"path":"logging-stderr-0.log","md5":"8fc5b886180197994283ceea718a1888","size":14473,"timeStamp":"2022-02-04T22:45:01.054336205Z"},"logging-stdout-0.log":{"path":"logging-stdout-0.log","md5":"38aba068a5ed417ba90755e25eb44070","size":90,"timeStamp":"2022-02-04T22:45:01.028857294Z"},"logging-stdouterr-0.log":{"path":"logging-stdouterr-0.log","md5":"bd7a7e094aced43e3a478cc2a408d378","size":14563,"timeStamp":"2022-02-04T22:45:01.08158584Z"},"network-init-stderr-0.log":{"path":"network-init-stderr-0.log","md5":"d41d8cd98f00b204e9800998ecf8427e","size":0,"timeStamp":"2022-02-04T22:45:01.091619135Z"},"network-init-stdout-0.log":{"path":"network-init-stdout-0.log","md5":"d41d8cd98f00b204e9800998ecf8427e","size":0,"timeStamp":"2022-02-04T22:45:01.078762182Z"},"network-init-stdouterr-0.log":{"path":"network-init-stdouterr-0.log","md5":"d41d8cd98f00b204e9800998ecf8427e","size":0,"timeStamp":"2022-02-04T22:45:01.043555623Z"},"output0-stderr-0.log":{"path":"output0-stderr-0.log","md5":"8dcf66276a7a5575661be8ca2b6a41fc","size":1353,"timeStamp":"2022-02-04T22:45:01.076032566Z"},"output0-stdout-0.log":{"path":"output0-stdout-0.log","md5":"d41d8cd98f00b204e9800998ecf8427e","size":0,"timeStamp":"2022-02-04T22:45:01.050498192Z"},"output0-stdouterr-0.log":{"path":"output0-stdouterr-0.log","md5":"8dcf66276a7a5575661be8ca2b6a41fc","size":1353,"timeStamp":"2022-02-04T22:45:01.060565028Z"},"output1-stderr-0.log":{"path":"output1-stderr-0.log","md5":"6c12ad8865aff41b94239d1443b9dabb","size":3590,"timeStamp":"2022-02-04T22:45:01.137779513Z"},"output1-stdout-0.log":{"path":"output1-stdout-0.log","md5":"d41d8cd98f00b204e9800998ecf8427e","size":0,"timeStamp":"2022-02-04T22:45:01.074123165Z"},"output1-stdouterr-0.log":{"path":"output1-stdouterr-0.log","md5":"6c12ad8865aff41b94239d1443b9dabb","size":3590,"timeStamp":"2022-02-04T22:45:01.076141747Z"},"permission-init-stderr-0.log":{"path":"permission-init-stderr-0.log","md5":"d41d8cd98f00b204e9800998ecf8427e","size":0,"timeStamp":"2022-02-04T22:45:01.079419865Z"},"permission-init-stdout-0.log":{"path":"permission-init-stdout-0.log","md5":"2acbd630bc318b1877c9c1716975a9db","size":2212,"timeStamp":"2022-02-04T22:45:01.091485993Z"},"permission-init-stdouterr-0.log":{"path":"permission-init-stdouterr-0.log","md5":"2acbd630bc318b1877c9c1716975a9db","size":2212,"timeStamp":"2022-02-04T22:45:01.088734483Z"},"pod-0.log":{"path":"pod-0.log","md5":"caac56e7ffe7d0a83a01e6f7e1eadaca","size":56,"timeStamp":"2022-02-04T22:45:01.135851893Z"},"pod-metrics-0.log":{"path":"pod-metrics-0.log","md5":"0086b95c12dbc952cf74d377d95efa57","size":28948,"timeStamp":"2022-02-04T22:45:01.109132723Z"},"task-stderr-0.log":{"path":"task-stderr-0.log","md5":"9c459b69992b559d32b319a3423b829c","size":2061,"timeStamp":"2022-02-04T22:45:01.111776277Z"},"task-stdout-0.log":{"path":"task-stdout-0.log","md5":"1749880843cf5c82b6daa0ba6eb8cd6a","size":5785,"timeStamp":"2022-02-04T22:45:01.112973913Z"},"task-stdouterr-0.log":{"path":"task-stdouterr-0.log","md5":"c5d6159b111b652103df0a1913ff6b96","size":7846,"timeStamp":"2022-02-04T22:45:01.111176387Z"},"tes-input-handler-init-container-stderr-0.log":{"path":"tes-input-handler-init-container-stderr-0.log","md5":"d41d8cd98f00b204e9800998ecf8427e","size":0,"timeStamp":"2022-02-04T22:45:01.119498642Z"},"tes-input-handler-init-container-stdout-0.log":{"path":"tes-input-handler-init-container-stdout-0.log","md5":"d41d8cd98f00b204e9800998ecf8427e","size":0,"timeStamp":"2022-02-04T22:45:01.122757357Z"},"tes-input-handler-init-container-stdouterr-0.log":{"path":"tes-input-handler-init-container-stdouterr-0.log","md5":"d41d8cd98f00b204e9800998ecf8427e","size":0,"timeStamp":"2022-02-04T22:45:01.120014478Z"}}