{"bsfs-stderr-0.log":{"path":"bsfs-stderr-0.log","md5":"d41d8cd98f00b204e9800998ecf8427e","size":0,"timeStamp":"2022-02-04T22:27:02.427049021Z"},"bsfs-stdout-0.log":{"path":"bsfs-stdout-0.log","md5":"cf8feec5b81608dc6cb1dbf9d2cc8e28","size":1793,"timeStamp":"2022-02-04T22:27:02.415845349Z"},"bsfs-stdouterr-0.log":{"path":"bsfs-stdouterr-0.log","md5":"cf8feec5b81608dc6cb1dbf9d2cc8e28","size":1793,"timeStamp":"2022-02-04T22:27:02.487701762Z"},"dragen-init-stderr-0.log":{"path":"dragen-init-stderr-0.log","md5":"f37957f6cdc32ef638effe4f5bff8a8a","size":161,"timeStamp":"2022-02-04T22:27:02.42269753Z"},"dragen-init-stdout-0.log":{"path":"dragen-init-stdout-0.log","md5":"0a1761ce485370cf56d36fd90f6a9e22","size":321,"timeStamp":"2022-02-04T22:27:02.421986621Z"},"dragen-init-stdouterr-0.log":{"path":"dragen-init-stdouterr-0.log","md5":"846284e38f7e42def959ba7e772647f4","size":482,"timeStamp":"2022-02-04T22:27:02.413641238Z"},"heartbeat-init-stderr-0.log":{"path":"heartbeat-init-stderr-0.log","md5":"c0dea0953a9e3322f7076ac7d5ca7030","size":16430,"timeStamp":"2022-02-04T22:27:02.423513455Z"},"heartbeat-init-stdout-0.log":{"path":"heartbeat-init-stdout-0.log","md5":"d41d8cd98f00b204e9800998ecf8427e","size":0,"timeStamp":"2022-02-04T22:27:02.419180221Z"},"heartbeat-init-stdouterr-0.log":{"path":"heartbeat-init-stdouterr-0.log","md5":"c0dea0953a9e3322f7076ac7d5ca7030","size":16430,"timeStamp":"2022-02-04T22:27:02.435196513Z"},"heartbeat-stderr-0.log":{"path":"heartbeat-stderr-0.log","md5":"04cd5366d0cec4cc94207fa0e0472fbf","size":678,"timeStamp":"2022-02-04T22:27:02.506497684Z"},"heartbeat-stdout-0.log":{"path":"heartbeat-stdout-0.log","md5":"d41d8cd98f00b204e9800998ecf8427e","size":0,"timeStamp":"2022-02-04T22:27:02.441269452Z"},"heartbeat-stdouterr-0.log":{"path":"heartbeat-stdouterr-0.log","md5":"04cd5366d0cec4cc94207fa0e0472fbf","size":678,"timeStamp":"2022-02-04T22:27:02.449544297Z"},"logging-stderr-0.log":{"path":"logging-stderr-0.log","md5":"be041b011a22cf3d62eda10814e93ade","size":12158,"timeStamp":"2022-02-04T22:27:02.450648884Z"},"logging-stdout-0.log":{"path":"logging-stdout-0.log","md5":"38aba068a5ed417ba90755e25eb44070","size":90,"timeStamp":"2022-02-04T22:27:02.450264388Z"},"logging-stdouterr-0.log":{"path":"logging-stdouterr-0.log","md5":"1abbae625e16822ecde00cd4e79eceba","size":12248,"timeStamp":"2022-02-04T22:27:02.481307659Z"},"network-init-stderr-0.log":{"path":"network-init-stderr-0.log","md5":"d41d8cd98f00b204e9800998ecf8427e","size":0,"timeStamp":"2022-02-04T22:27:02.466025508Z"},"network-init-stdout-0.log":{"path":"network-init-stdout-0.log","md5":"d41d8cd98f00b204e9800998ecf8427e","size":0,"timeStamp":"2022-02-04T22:27:02.459014792Z"},"network-init-stdouterr-0.log":{"path":"network-init-stdouterr-0.log","md5":"d41d8cd98f00b204e9800998ecf8427e","size":0,"timeStamp":"2022-02-04T22:27:02.490902292Z"},"output0-stderr-0.log":{"path":"output0-stderr-0.log","md5":"b4f0c5be8eceb2c9cd19428cfc0e8b91","size":5006,"timeStamp":"2022-02-04T22:27:02.468753638Z"},"output0-stdout-0.log":{"path":"output0-stdout-0.log","md5":"d41d8cd98f00b204e9800998ecf8427e","size":0,"timeStamp":"2022-02-04T22:27:02.477672648Z"},"output0-stdouterr-0.log":{"path":"output0-stdouterr-0.log","md5":"b4f0c5be8eceb2c9cd19428cfc0e8b91","size":5006,"timeStamp":"2022-02-04T22:27:02.48958325Z"},"output1-stderr-0.log":{"path":"output1-stderr-0.log","md5":"11514ea6cfd690257d3b93b33fee4049","size":1577,"timeStamp":"2022-02-04T22:27:02.492809154Z"},"output1-stdout-0.log":{"path":"output1-stdout-0.log","md5":"d41d8cd98f00b204e9800998ecf8427e","size":0,"timeStamp":"2022-02-04T22:27:02.491551904Z"},"output1-stdouterr-0.log":{"path":"output1-stdouterr-0.log","md5":"11514ea6cfd690257d3b93b33fee4049","size":1577,"timeStamp":"2022-02-04T22:27:02.533229723Z"},"permission-init-stderr-0.log":{"path":"permission-init-stderr-0.log","md5":"d41d8cd98f00b204e9800998ecf8427e","size":0,"timeStamp":"2022-02-04T22:27:02.492205818Z"},"permission-init-stdout-0.log":{"path":"permission-init-stdout-0.log","md5":"1bd7c16202df764a544103dcc784aa80","size":2212,"timeStamp":"2022-02-04T22:27:02.506633686Z"},"permission-init-stdouterr-0.log":{"path":"permission-init-stdouterr-0.log","md5":"1bd7c16202df764a544103dcc784aa80","size":2212,"timeStamp":"2022-02-04T22:27:02.530842221Z"},"pod-0.log":{"path":"pod-0.log","md5":"605e038d42a611f9ab39424ef172f8a7","size":56,"timeStamp":"2022-02-04T22:27:02.53133389Z"},"pod-metrics-0.log":{"path":"pod-metrics-0.log","md5":"efed124f18d268dc2cd35c1f917b2565","size":23019,"timeStamp":"2022-02-04T22:27:02.513926533Z"},"task-stderr-0.log":{"path":"task-stderr-0.log","md5":"b4d6e997589257cccda0527bbb4a8103","size":83,"timeStamp":"2022-02-04T22:27:02.521141216Z"},"task-stdout-0.log":{"path":"task-stdout-0.log","md5":"c6083a78b0f1984516f0fbd7d19b0a3d","size":27728,"timeStamp":"2022-02-04T22:27:02.538901778Z"},"task-stdouterr-0.log":{"path":"task-stdouterr-0.log","md5":"71a141d88c46128e8b12ae6d933b9ea7","size":27811,"timeStamp":"2022-02-04T22:27:02.519518549Z"},"tes-input-handler-init-container-stderr-0.log":{"path":"tes-input-handler-init-container-stderr-0.log","md5":"d41d8cd98f00b204e9800998ecf8427e","size":0,"timeStamp":"2022-02-04T22:27:02.521536947Z"},"tes-input-handler-init-container-stdout-0.log":{"path":"tes-input-handler-init-container-stdout-0.log","md5":"d41d8cd98f00b204e9800998ecf8427e","size":0,"timeStamp":"2022-02-04T22:27:02.551787467Z"},"tes-input-handler-init-container-stdouterr-0.log":{"path":"tes-input-handler-init-container-stdouterr-0.log","md5":"d41d8cd98f00b204e9800998ecf8427e","size":0,"timeStamp":"2022-02-04T22:27:02.533952626Z"}}