{"bsfs-stderr-0.log":{"path":"bsfs-stderr-0.log","md5":"d41d8cd98f00b204e9800998ecf8427e","size":0,"timeStamp":"2022-02-04T22:26:43.395409796Z"},"bsfs-stdout-0.log":{"path":"bsfs-stdout-0.log","md5":"a13d2c1972b54bb595781910850d3aeb","size":1795,"timeStamp":"2022-02-04T22:26:43.409888834Z"},"bsfs-stdouterr-0.log":{"path":"bsfs-stdouterr-0.log","md5":"a13d2c1972b54bb595781910850d3aeb","size":1795,"timeStamp":"2022-02-04T22:26:43.434479451Z"},"dragen-init-stderr-0.log":{"path":"dragen-init-stderr-0.log","md5":"f37957f6cdc32ef638effe4f5bff8a8a","size":161,"timeStamp":"2022-02-04T22:26:43.428973407Z"},"dragen-init-stdout-0.log":{"path":"dragen-init-stdout-0.log","md5":"9244add434130fde47f53cf79b0a61ca","size":322,"timeStamp":"2022-02-04T22:26:43.399027832Z"},"dragen-init-stdouterr-0.log":{"path":"dragen-init-stdouterr-0.log","md5":"ca78cbc3688ea42ef21a5fafefb06171","size":483,"timeStamp":"2022-02-04T22:26:43.416139946Z"},"heartbeat-init-stderr-0.log":{"path":"heartbeat-init-stderr-0.log","md5":"e8d4f99406f957752e4b2881f3024469","size":16430,"timeStamp":"2022-02-04T22:26:43.440788279Z"},"heartbeat-init-stdout-0.log":{"path":"heartbeat-init-stdout-0.log","md5":"d41d8cd98f00b204e9800998ecf8427e","size":0,"timeStamp":"2022-02-04T22:26:43.685726578Z"},"heartbeat-init-stdouterr-0.log":{"path":"heartbeat-init-stdouterr-0.log","md5":"e8d4f99406f957752e4b2881f3024469","size":16430,"timeStamp":"2022-02-04T22:26:43.391808455Z"},"heartbeat-stderr-0.log":{"path":"heartbeat-stderr-0.log","md5":"7377b334f8b12ad11682f2e817da6324","size":677,"timeStamp":"2022-02-04T22:26:43.477355236Z"},"heartbeat-stdout-0.log":{"path":"heartbeat-stdout-0.log","md5":"d41d8cd98f00b204e9800998ecf8427e","size":0,"timeStamp":"2022-02-04T22:26:43.425386275Z"},"heartbeat-stdouterr-0.log":{"path":"heartbeat-stdouterr-0.log","md5":"7377b334f8b12ad11682f2e817da6324","size":677,"timeStamp":"2022-02-04T22:26:43.423865563Z"},"logging-stderr-0.log":{"path":"logging-stderr-0.log","md5":"b5b91893c96c42f3a93014a959afd6a8","size":12158,"timeStamp":"2022-02-04T22:26:43.430401472Z"},"logging-stdout-0.log":{"path":"logging-stdout-0.log","md5":"38aba068a5ed417ba90755e25eb44070","size":90,"timeStamp":"2022-02-04T22:26:43.46076452Z"},"logging-stdouterr-0.log":{"path":"logging-stdouterr-0.log","md5":"c379817805dadd2a34cf5ce933f5bc08","size":12248,"timeStamp":"2022-02-04T22:26:43.447332887Z"},"network-init-stderr-0.log":{"path":"network-init-stderr-0.log","md5":"d41d8cd98f00b204e9800998ecf8427e","size":0,"timeStamp":"2022-02-04T22:26:43.45070787Z"},"network-init-stdout-0.log":{"path":"network-init-stdout-0.log","md5":"d41d8cd98f00b204e9800998ecf8427e","size":0,"timeStamp":"2022-02-04T22:26:43.448081585Z"},"network-init-stdouterr-0.log":{"path":"network-init-stdouterr-0.log","md5":"d41d8cd98f00b204e9800998ecf8427e","size":0,"timeStamp":"2022-02-04T22:26:43.480909246Z"},"output0-stderr-0.log":{"path":"output0-stderr-0.log","md5":"aff1d2b2d95f35f7a95e186953a25a81","size":5004,"timeStamp":"2022-02-04T22:26:43.489989163Z"},"output0-stdout-0.log":{"path":"output0-stdout-0.log","md5":"d41d8cd98f00b204e9800998ecf8427e","size":0,"timeStamp":"2022-02-04T22:26:43.458902611Z"},"output0-stdouterr-0.log":{"path":"output0-stdouterr-0.log","md5":"aff1d2b2d95f35f7a95e186953a25a81","size":5004,"timeStamp":"2022-02-04T22:26:43.469592442Z"},"output1-stderr-0.log":{"path":"output1-stderr-0.log","md5":"7d18c82f04a6515c442dc3cd94caec76","size":1576,"timeStamp":"2022-02-04T22:26:43.486965044Z"},"output1-stdout-0.log":{"path":"output1-stdout-0.log","md5":"d41d8cd98f00b204e9800998ecf8427e","size":0,"timeStamp":"2022-02-04T22:26:43.474327421Z"},"output1-stdouterr-0.log":{"path":"output1-stdouterr-0.log","md5":"7d18c82f04a6515c442dc3cd94caec76","size":1576,"timeStamp":"2022-02-04T22:26:43.645995487Z"},"permission-init-stderr-0.log":{"path":"permission-init-stderr-0.log","md5":"d41d8cd98f00b204e9800998ecf8427e","size":0,"timeStamp":"2022-02-04T22:26:43.484080638Z"},"permission-init-stdout-0.log":{"path":"permission-init-stdout-0.log","md5":"582ecc868b897febe2833a8c023a8b18","size":2212,"timeStamp":"2022-02-04T22:26:43.49064865Z"},"permission-init-stdouterr-0.log":{"path":"permission-init-stdouterr-0.log","md5":"582ecc868b897febe2833a8c023a8b18","size":2212,"timeStamp":"2022-02-04T22:26:43.501836564Z"},"pod-0.log":{"path":"pod-0.log","md5":"e6fffd335f532e8a29aad20c5baf72b8","size":56,"timeStamp":"2022-02-04T22:26:43.501320987Z"},"pod-metrics-0.log":{"path":"pod-metrics-0.log","md5":"e6125e18df54fb6025269518b223a6ac","size":19343,"timeStamp":"2022-02-04T22:26:43.516345368Z"},"task-stderr-0.log":{"path":"task-stderr-0.log","md5":"b4d6e997589257cccda0527bbb4a8103","size":83,"timeStamp":"2022-02-04T22:26:43.504072612Z"},"task-stdout-0.log":{"path":"task-stdout-0.log","md5":"b7939555b2ca97f532d09040b2a81576","size":27730,"timeStamp":"2022-02-04T22:26:43.544654739Z"},"task-stdouterr-0.log":{"path":"task-stdouterr-0.log","md5":"8a61953d6c4a527d5d04b68c2f5c8907","size":27813,"timeStamp":"2022-02-04T22:26:43.518353687Z"},"tes-input-handler-init-container-stderr-0.log":{"path":"tes-input-handler-init-container-stderr-0.log","md5":"d41d8cd98f00b204e9800998ecf8427e","size":0,"timeStamp":"2022-02-04T22:26:43.535061781Z"},"tes-input-handler-init-container-stdout-0.log":{"path":"tes-input-handler-init-container-stdout-0.log","md5":"d41d8cd98f00b204e9800998ecf8427e","size":0,"timeStamp":"2022-02-04T22:26:43.517919555Z"},"tes-input-handler-init-container-stdouterr-0.log":{"path":"tes-input-handler-init-container-stdouterr-0.log","md5":"d41d8cd98f00b204e9800998ecf8427e","size":0,"timeStamp":"2022-02-04T22:26:43.526182515Z"}}