{"bsfs-stderr-0.log":{"path":"bsfs-stderr-0.log","md5":"d41d8cd98f00b204e9800998ecf8427e","size":0,"timeStamp":"2022-02-04T22:43:00.119885201Z"},"bsfs-stdout-0.log":{"path":"bsfs-stdout-0.log","md5":"ce0009381304e4de742b1e70ca6cd3de","size":1795,"timeStamp":"2022-02-04T22:43:00.071491795Z"},"bsfs-stdouterr-0.log":{"path":"bsfs-stdouterr-0.log","md5":"ce0009381304e4de742b1e70ca6cd3de","size":1795,"timeStamp":"2022-02-04T22:43:00.076287463Z"},"dragen-init-stderr-0.log":{"path":"dragen-init-stderr-0.log","md5":"f37957f6cdc32ef638effe4f5bff8a8a","size":161,"timeStamp":"2022-02-04T22:43:00.081665649Z"},"dragen-init-stdout-0.log":{"path":"dragen-init-stdout-0.log","md5":"b2c737aa8b42e8b0e7842c2cbceda1f6","size":350,"timeStamp":"2022-02-04T22:43:00.067658189Z"},"dragen-init-stdouterr-0.log":{"path":"dragen-init-stdouterr-0.log","md5":"ba862ec76dc6f7060019cd9c4572f751","size":511,"timeStamp":"2022-02-04T22:43:00.094122714Z"},"heartbeat-init-stderr-0.log":{"path":"heartbeat-init-stderr-0.log","md5":"0d0bd3c1cbc415c0525134196f973872","size":16430,"timeStamp":"2022-02-04T22:43:00.078274199Z"},"heartbeat-init-stdout-0.log":{"path":"heartbeat-init-stdout-0.log","md5":"d41d8cd98f00b204e9800998ecf8427e","size":0,"timeStamp":"2022-02-04T22:43:00.089416079Z"},"heartbeat-init-stdouterr-0.log":{"path":"heartbeat-init-stdouterr-0.log","md5":"0d0bd3c1cbc415c0525134196f973872","size":16430,"timeStamp":"2022-02-04T22:43:00.076724712Z"},"heartbeat-stderr-0.log":{"path":"heartbeat-stderr-0.log","md5":"b04f0755df9dd685d1efa6bb85b8b60f","size":676,"timeStamp":"2022-02-04T22:43:00.087393684Z"},"heartbeat-stdout-0.log":{"path":"heartbeat-stdout-0.log","md5":"d41d8cd98f00b204e9800998ecf8427e","size":0,"timeStamp":"2022-02-04T22:43:00.139461566Z"},"heartbeat-stdouterr-0.log":{"path":"heartbeat-stdouterr-0.log","md5":"b04f0755df9dd685d1efa6bb85b8b60f","size":676,"timeStamp":"2022-02-04T22:43:00.099658445Z"},"logging-stderr-0.log":{"path":"logging-stderr-0.log","md5":"50f6c48c085c15c11b8aea279c6aa430","size":12162,"timeStamp":"2022-02-04T22:43:00.107314508Z"},"logging-stdout-0.log":{"path":"logging-stdout-0.log","md5":"38aba068a5ed417ba90755e25eb44070","size":90,"timeStamp":"2022-02-04T22:43:00.104790981Z"},"logging-stdouterr-0.log":{"path":"logging-stdouterr-0.log","md5":"924cd4419fc9dd815a521e46094f53c0","size":12252,"timeStamp":"2022-02-04T22:43:00.107464438Z"},"network-init-stderr-0.log":{"path":"network-init-stderr-0.log","md5":"0ecb58e93adb787e2efb5b842d205056","size":49,"timeStamp":"2022-02-04T22:43:00.137492434Z"},"network-init-stdout-0.log":{"path":"network-init-stdout-0.log","md5":"01f800ce283f5d9a0c9fa7b73df0a360","size":21,"timeStamp":"2022-02-04T22:43:00.118768246Z"},"network-init-stdouterr-0.log":{"path":"network-init-stdouterr-0.log","md5":"968ede965c97d9333e3202f84b6215d1","size":70,"timeStamp":"2022-02-04T22:43:00.118875668Z"},"output0-stderr-0.log":{"path":"output0-stderr-0.log","md5":"904577352ee000981ab2b91216d1ded4","size":5004,"timeStamp":"2022-02-04T22:43:00.125407532Z"},"output0-stdout-0.log":{"path":"output0-stdout-0.log","md5":"d41d8cd98f00b204e9800998ecf8427e","size":0,"timeStamp":"2022-02-04T22:43:00.127348891Z"},"output0-stdouterr-0.log":{"path":"output0-stdouterr-0.log","md5":"904577352ee000981ab2b91216d1ded4","size":5004,"timeStamp":"2022-02-04T22:43:00.139377724Z"},"output1-stderr-0.log":{"path":"output1-stderr-0.log","md5":"aa7dc17561fb82eb5b73f0ebcba3073d","size":1576,"timeStamp":"2022-02-04T22:43:00.13454752Z"},"output1-stdout-0.log":{"path":"output1-stdout-0.log","md5":"d41d8cd98f00b204e9800998ecf8427e","size":0,"timeStamp":"2022-02-04T22:43:00.147821802Z"},"output1-stdouterr-0.log":{"path":"output1-stdouterr-0.log","md5":"aa7dc17561fb82eb5b73f0ebcba3073d","size":1576,"timeStamp":"2022-02-04T22:43:00.222297728Z"},"permission-init-stderr-0.log":{"path":"permission-init-stderr-0.log","md5":"d41d8cd98f00b204e9800998ecf8427e","size":0,"timeStamp":"2022-02-04T22:43:00.149683444Z"},"permission-init-stdout-0.log":{"path":"permission-init-stdout-0.log","md5":"3fa507f0566908e8b68b9ac3ac79e060","size":2212,"timeStamp":"2022-02-04T22:43:00.154947567Z"},"permission-init-stdouterr-0.log":{"path":"permission-init-stdouterr-0.log","md5":"3fa507f0566908e8b68b9ac3ac79e060","size":2212,"timeStamp":"2022-02-04T22:43:00.157898356Z"},"pod-0.log":{"path":"pod-0.log","md5":"613cbe1ba9938df7e1c3f935b23a83d7","size":56,"timeStamp":"2022-02-04T22:43:00.160600243Z"},"pod-metrics-0.log":{"path":"pod-metrics-0.log","md5":"7485faac8ab6cd5f44cb93195e66131b","size":21198,"timeStamp":"2022-02-04T22:43:00.167247705Z"},"task-stderr-0.log":{"path":"task-stderr-0.log","md5":"b4d6e997589257cccda0527bbb4a8103","size":83,"timeStamp":"2022-02-04T22:43:00.167304409Z"},"task-stdout-0.log":{"path":"task-stdout-0.log","md5":"f8806662597537a81df2344bbcbf111e","size":27882,"timeStamp":"2022-02-04T22:43:00.180647929Z"},"task-stdouterr-0.log":{"path":"task-stdouterr-0.log","md5":"09247993b2ecdb66158c9c7adde9f6f1","size":27965,"timeStamp":"2022-02-04T22:43:00.217037633Z"},"tes-input-handler-init-container-stderr-0.log":{"path":"tes-input-handler-init-container-stderr-0.log","md5":"d41d8cd98f00b204e9800998ecf8427e","size":0,"timeStamp":"2022-02-04T22:43:00.178914651Z"},"tes-input-handler-init-container-stdout-0.log":{"path":"tes-input-handler-init-container-stdout-0.log","md5":"d41d8cd98f00b204e9800998ecf8427e","size":0,"timeStamp":"2022-02-04T22:43:00.19952229Z"},"tes-input-handler-init-container-stdouterr-0.log":{"path":"tes-input-handler-init-container-stdouterr-0.log","md5":"d41d8cd98f00b204e9800998ecf8427e","size":0,"timeStamp":"2022-02-04T22:43:00.209982783Z"}}