{"bsfs-stderr-0.log":{"path":"bsfs-stderr-0.log","md5":"d41d8cd98f00b204e9800998ecf8427e","size":0,"timeStamp":"2022-02-04T22:27:05.618924562Z"},"bsfs-stdout-0.log":{"path":"bsfs-stdout-0.log","md5":"4d14b2f5e41a76ce5d4a26736ef6a5a8","size":1796,"timeStamp":"2022-02-04T22:27:05.638509433Z"},"bsfs-stdouterr-0.log":{"path":"bsfs-stdouterr-0.log","md5":"4d14b2f5e41a76ce5d4a26736ef6a5a8","size":1796,"timeStamp":"2022-02-04T22:27:05.612992334Z"},"dragen-init-stderr-0.log":{"path":"dragen-init-stderr-0.log","md5":"f37957f6cdc32ef638effe4f5bff8a8a","size":161,"timeStamp":"2022-02-04T22:27:05.608298226Z"},"dragen-init-stdout-0.log":{"path":"dragen-init-stdout-0.log","md5":"9244add434130fde47f53cf79b0a61ca","size":322,"timeStamp":"2022-02-04T22:27:05.604079944Z"},"dragen-init-stdouterr-0.log":{"path":"dragen-init-stdouterr-0.log","md5":"658bf6abc2bc3f2d8b4953d8d5cf5c17","size":483,"timeStamp":"2022-02-04T22:27:05.642403023Z"},"heartbeat-init-stderr-0.log":{"path":"heartbeat-init-stderr-0.log","md5":"2499c03e8af3e42f5cfc1eae1e696c89","size":16430,"timeStamp":"2022-02-04T22:27:05.611304523Z"},"heartbeat-init-stdout-0.log":{"path":"heartbeat-init-stdout-0.log","md5":"d41d8cd98f00b204e9800998ecf8427e","size":0,"timeStamp":"2022-02-04T22:27:05.603793306Z"},"heartbeat-init-stdouterr-0.log":{"path":"heartbeat-init-stdouterr-0.log","md5":"2499c03e8af3e42f5cfc1eae1e696c89","size":16430,"timeStamp":"2022-02-04T22:27:05.646392265Z"},"heartbeat-stderr-0.log":{"path":"heartbeat-stderr-0.log","md5":"8877df37e2dff5816a282f2b6af5d60f","size":678,"timeStamp":"2022-02-04T22:27:05.610664454Z"},"heartbeat-stdout-0.log":{"path":"heartbeat-stdout-0.log","md5":"d41d8cd98f00b204e9800998ecf8427e","size":0,"timeStamp":"2022-02-04T22:27:05.662372043Z"},"heartbeat-stdouterr-0.log":{"path":"heartbeat-stdouterr-0.log","md5":"8877df37e2dff5816a282f2b6af5d60f","size":678,"timeStamp":"2022-02-04T22:27:05.654083328Z"},"logging-stderr-0.log":{"path":"logging-stderr-0.log","md5":"18655d29af18195ae207745193f22c3a","size":12160,"timeStamp":"2022-02-04T22:27:05.636403598Z"},"logging-stdout-0.log":{"path":"logging-stdout-0.log","md5":"38aba068a5ed417ba90755e25eb44070","size":90,"timeStamp":"2022-02-04T22:27:05.63632728Z"},"logging-stdouterr-0.log":{"path":"logging-stdouterr-0.log","md5":"fc51d3995e29ebf90dae47681e51a67e","size":12250,"timeStamp":"2022-02-04T22:27:05.643658931Z"},"network-init-stderr-0.log":{"path":"network-init-stderr-0.log","md5":"d41d8cd98f00b204e9800998ecf8427e","size":0,"timeStamp":"2022-02-04T22:27:05.707469517Z"},"network-init-stdout-0.log":{"path":"network-init-stdout-0.log","md5":"d41d8cd98f00b204e9800998ecf8427e","size":0,"timeStamp":"2022-02-04T22:27:05.645494198Z"},"network-init-stdouterr-0.log":{"path":"network-init-stdouterr-0.log","md5":"d41d8cd98f00b204e9800998ecf8427e","size":0,"timeStamp":"2022-02-04T22:27:05.666660368Z"},"output0-stderr-0.log":{"path":"output0-stderr-0.log","md5":"9f7cf0f90b7be5918bc81e5974df19c1","size":5008,"timeStamp":"2022-02-04T22:27:05.687890843Z"},"output0-stdout-0.log":{"path":"output0-stdout-0.log","md5":"d41d8cd98f00b204e9800998ecf8427e","size":0,"timeStamp":"2022-02-04T22:27:05.671728448Z"},"output0-stdouterr-0.log":{"path":"output0-stdouterr-0.log","md5":"9f7cf0f90b7be5918bc81e5974df19c1","size":5008,"timeStamp":"2022-02-04T22:27:05.693024583Z"},"output1-stderr-0.log":{"path":"output1-stderr-0.log","md5":"d7fafe5ec667b9d491f836bc1318ae47","size":1576,"timeStamp":"2022-02-04T22:27:05.673853745Z"},"output1-stdout-0.log":{"path":"output1-stdout-0.log","md5":"d41d8cd98f00b204e9800998ecf8427e","size":0,"timeStamp":"2022-02-04T22:27:05.723316515Z"},"output1-stdouterr-0.log":{"path":"output1-stdouterr-0.log","md5":"d7fafe5ec667b9d491f836bc1318ae47","size":1576,"timeStamp":"2022-02-04T22:27:05.676480852Z"},"permission-init-stderr-0.log":{"path":"permission-init-stderr-0.log","md5":"d41d8cd98f00b204e9800998ecf8427e","size":0,"timeStamp":"2022-02-04T22:27:05.767080088Z"},"permission-init-stdout-0.log":{"path":"permission-init-stdout-0.log","md5":"f126c40b25ab983f7d680b903f60b633","size":2212,"timeStamp":"2022-02-04T22:27:05.696332079Z"},"permission-init-stdouterr-0.log":{"path":"permission-init-stdouterr-0.log","md5":"f126c40b25ab983f7d680b903f60b633","size":2212,"timeStamp":"2022-02-04T22:27:05.718403806Z"},"pod-0.log":{"path":"pod-0.log","md5":"9eeaa2762a6ae1341f2e4ace2d16e8df","size":56,"timeStamp":"2022-02-04T22:27:05.698570759Z"},"pod-metrics-0.log":{"path":"pod-metrics-0.log","md5":"4316bb670e300cc39908caf122c52899","size":23011,"timeStamp":"2022-02-04T22:27:05.701129964Z"},"task-stderr-0.log":{"path":"task-stderr-0.log","md5":"b4d6e997589257cccda0527bbb4a8103","size":83,"timeStamp":"2022-02-04T22:27:05.702829186Z"},"task-stdout-0.log":{"path":"task-stdout-0.log","md5":"2523f922c31076491a289826efa818e2","size":27884,"timeStamp":"2022-02-04T22:27:05.717306814Z"},"task-stdouterr-0.log":{"path":"task-stdouterr-0.log","md5":"77e637af6c276c899367d402d457e3c0","size":27967,"timeStamp":"2022-02-04T22:27:05.721041273Z"},"tes-input-handler-init-container-stderr-0.log":{"path":"tes-input-handler-init-container-stderr-0.log","md5":"d41d8cd98f00b204e9800998ecf8427e","size":0,"timeStamp":"2022-02-04T22:27:05.728545045Z"},"tes-input-handler-init-container-stdout-0.log":{"path":"tes-input-handler-init-container-stdout-0.log","md5":"d41d8cd98f00b204e9800998ecf8427e","size":0,"timeStamp":"2022-02-04T22:27:05.727990078Z"},"tes-input-handler-init-container-stdouterr-0.log":{"path":"tes-input-handler-init-container-stdouterr-0.log","md5":"d41d8cd98f00b204e9800998ecf8427e","size":0,"timeStamp":"2022-02-04T22:27:05.728584956Z"}}