{"bsfs-stderr-0.log":{"path":"bsfs-stderr-0.log","md5":"d41d8cd98f00b204e9800998ecf8427e","size":0,"timeStamp":"2022-02-04T22:28:41.721485068Z"},"bsfs-stdout-0.log":{"path":"bsfs-stdout-0.log","md5":"24f1d604b02294edc8842d3c5c56c53a","size":1795,"timeStamp":"2022-02-04T22:28:41.734755081Z"},"bsfs-stdouterr-0.log":{"path":"bsfs-stdouterr-0.log","md5":"24f1d604b02294edc8842d3c5c56c53a","size":1795,"timeStamp":"2022-02-04T22:28:41.731732205Z"},"dragen-init-stderr-0.log":{"path":"dragen-init-stderr-0.log","md5":"f37957f6cdc32ef638effe4f5bff8a8a","size":161,"timeStamp":"2022-02-04T22:28:41.755669563Z"},"dragen-init-stdout-0.log":{"path":"dragen-init-stdout-0.log","md5":"0a1761ce485370cf56d36fd90f6a9e22","size":321,"timeStamp":"2022-02-04T22:28:41.723619399Z"},"dragen-init-stdouterr-0.log":{"path":"dragen-init-stdouterr-0.log","md5":"efd74b8ae847de661c79490026dee5b8","size":482,"timeStamp":"2022-02-04T22:28:41.724868396Z"},"heartbeat-init-stderr-0.log":{"path":"heartbeat-init-stderr-0.log","md5":"dcadc1e4abb7859def651173eceeb0aa","size":16430,"timeStamp":"2022-02-04T22:28:41.72481755Z"},"heartbeat-init-stdout-0.log":{"path":"heartbeat-init-stdout-0.log","md5":"d41d8cd98f00b204e9800998ecf8427e","size":0,"timeStamp":"2022-02-04T22:28:41.753591998Z"},"heartbeat-init-stdouterr-0.log":{"path":"heartbeat-init-stdouterr-0.log","md5":"dcadc1e4abb7859def651173eceeb0aa","size":16430,"timeStamp":"2022-02-04T22:28:41.735986206Z"},"heartbeat-stderr-0.log":{"path":"heartbeat-stderr-0.log","md5":"ef2903a16b7fb10fd5632c07f78c8fe5","size":678,"timeStamp":"2022-02-04T22:28:41.730270767Z"},"heartbeat-stdout-0.log":{"path":"heartbeat-stdout-0.log","md5":"d41d8cd98f00b204e9800998ecf8427e","size":0,"timeStamp":"2022-02-04T22:28:41.753039478Z"},"heartbeat-stdouterr-0.log":{"path":"heartbeat-stdouterr-0.log","md5":"ef2903a16b7fb10fd5632c07f78c8fe5","size":678,"timeStamp":"2022-02-04T22:28:41.755348017Z"},"logging-stderr-0.log":{"path":"logging-stderr-0.log","md5":"2f08ce8382d0c52297c3a41da65573b0","size":12158,"timeStamp":"2022-02-04T22:28:41.76845875Z"},"logging-stdout-0.log":{"path":"logging-stdout-0.log","md5":"38aba068a5ed417ba90755e25eb44070","size":90,"timeStamp":"2022-02-04T22:28:41.771624371Z"},"logging-stdouterr-0.log":{"path":"logging-stdouterr-0.log","md5":"7d594a9e1dff0ec1e9b3b2af46740afa","size":12248,"timeStamp":"2022-02-04T22:28:41.761476117Z"},"network-init-stderr-0.log":{"path":"network-init-stderr-0.log","md5":"d41d8cd98f00b204e9800998ecf8427e","size":0,"timeStamp":"2022-02-04T22:28:41.767736499Z"},"network-init-stdout-0.log":{"path":"network-init-stdout-0.log","md5":"d41d8cd98f00b204e9800998ecf8427e","size":0,"timeStamp":"2022-02-04T22:28:41.765815053Z"},"network-init-stdouterr-0.log":{"path":"network-init-stdouterr-0.log","md5":"d41d8cd98f00b204e9800998ecf8427e","size":0,"timeStamp":"2022-02-04T22:28:41.79505439Z"},"output0-stderr-0.log":{"path":"output0-stderr-0.log","md5":"4b24b08d6c3cbd4c4896e74fab22c888","size":5002,"timeStamp":"2022-02-04T22:28:41.777344645Z"},"output0-stdout-0.log":{"path":"output0-stdout-0.log","md5":"d41d8cd98f00b204e9800998ecf8427e","size":0,"timeStamp":"2022-02-04T22:28:41.843307542Z"},"output0-stdouterr-0.log":{"path":"output0-stdouterr-0.log","md5":"4b24b08d6c3cbd4c4896e74fab22c888","size":5002,"timeStamp":"2022-02-04T22:28:41.781574285Z"},"output1-stderr-0.log":{"path":"output1-stderr-0.log","md5":"6528d0824610430cc82991bd08670d48","size":1576,"timeStamp":"2022-02-04T22:28:41.798356187Z"},"output1-stdout-0.log":{"path":"output1-stdout-0.log","md5":"d41d8cd98f00b204e9800998ecf8427e","size":0,"timeStamp":"2022-02-04T22:28:41.78793104Z"},"output1-stdouterr-0.log":{"path":"output1-stdouterr-0.log","md5":"6528d0824610430cc82991bd08670d48","size":1576,"timeStamp":"2022-02-04T22:28:41.798699831Z"},"permission-init-stderr-0.log":{"path":"permission-init-stderr-0.log","md5":"d41d8cd98f00b204e9800998ecf8427e","size":0,"timeStamp":"2022-02-04T22:28:41.792640347Z"},"permission-init-stdout-0.log":{"path":"permission-init-stdout-0.log","md5":"9fadacad6c2d2a228489ba0adf2b3949","size":2212,"timeStamp":"2022-02-04T22:28:41.80336365Z"},"permission-init-stdouterr-0.log":{"path":"permission-init-stdouterr-0.log","md5":"9fadacad6c2d2a228489ba0adf2b3949","size":2212,"timeStamp":"2022-02-04T22:28:41.796053983Z"},"pod-0.log":{"path":"pod-0.log","md5":"21c1b4f42ad45581936060105b19c9ee","size":56,"timeStamp":"2022-02-04T22:28:41.807835378Z"},"pod-metrics-0.log":{"path":"pod-metrics-0.log","md5":"4bcfe44b9ee7f42823d261d570e9b861","size":23205,"timeStamp":"2022-02-04T22:28:41.810602077Z"},"task-stderr-0.log":{"path":"task-stderr-0.log","md5":"b4d6e997589257cccda0527bbb4a8103","size":83,"timeStamp":"2022-02-04T22:28:41.816495861Z"},"task-stdout-0.log":{"path":"task-stdout-0.log","md5":"30f8d5c364d1c97c57941da7a1d5c96c","size":27882,"timeStamp":"2022-02-04T22:28:41.818369203Z"},"task-stdouterr-0.log":{"path":"task-stdouterr-0.log","md5":"3b96cb11968dde1f9f05f50344437e2b","size":27965,"timeStamp":"2022-02-04T22:28:41.825936662Z"},"tes-input-handler-init-container-stderr-0.log":{"path":"tes-input-handler-init-container-stderr-0.log","md5":"d41d8cd98f00b204e9800998ecf8427e","size":0,"timeStamp":"2022-02-04T22:28:41.825194808Z"},"tes-input-handler-init-container-stdout-0.log":{"path":"tes-input-handler-init-container-stdout-0.log","md5":"d41d8cd98f00b204e9800998ecf8427e","size":0,"timeStamp":"2022-02-04T22:28:41.826957926Z"},"tes-input-handler-init-container-stdouterr-0.log":{"path":"tes-input-handler-init-container-stdouterr-0.log","md5":"d41d8cd98f00b204e9800998ecf8427e","size":0,"timeStamp":"2022-02-04T22:28:41.826599672Z"}}