{"bsfs-stderr-0.log":{"path":"bsfs-stderr-0.log","md5":"d41d8cd98f00b204e9800998ecf8427e","size":0,"timeStamp":"2022-02-04T22:27:24.258100795Z"},"bsfs-stdout-0.log":{"path":"bsfs-stdout-0.log","md5":"00d9baa4aa708853ae2a79c92692acc4","size":1796,"timeStamp":"2022-02-04T22:27:24.267014158Z"},"bsfs-stdouterr-0.log":{"path":"bsfs-stdouterr-0.log","md5":"00d9baa4aa708853ae2a79c92692acc4","size":1796,"timeStamp":"2022-02-04T22:27:24.255768461Z"},"dragen-init-stderr-0.log":{"path":"dragen-init-stderr-0.log","md5":"f37957f6cdc32ef638effe4f5bff8a8a","size":161,"timeStamp":"2022-02-04T22:27:24.283672102Z"},"dragen-init-stdout-0.log":{"path":"dragen-init-stdout-0.log","md5":"0a1761ce485370cf56d36fd90f6a9e22","size":321,"timeStamp":"2022-02-04T22:27:24.265470719Z"},"dragen-init-stdouterr-0.log":{"path":"dragen-init-stdouterr-0.log","md5":"124af4d9219663364a5a16de0bec54b4","size":482,"timeStamp":"2022-02-04T22:27:24.300475923Z"},"heartbeat-init-stderr-0.log":{"path":"heartbeat-init-stderr-0.log","md5":"1e93bbc0053cf2dc8c3863354eae4d3a","size":16430,"timeStamp":"2022-02-04T22:27:24.25630769Z"},"heartbeat-init-stdout-0.log":{"path":"heartbeat-init-stdout-0.log","md5":"d41d8cd98f00b204e9800998ecf8427e","size":0,"timeStamp":"2022-02-04T22:27:24.358875344Z"},"heartbeat-init-stdouterr-0.log":{"path":"heartbeat-init-stdouterr-0.log","md5":"1e93bbc0053cf2dc8c3863354eae4d3a","size":16430,"timeStamp":"2022-02-04T22:27:24.268476495Z"},"heartbeat-stderr-0.log":{"path":"heartbeat-stderr-0.log","md5":"62cf0f0cb59305775d80d2fdfb4d867b","size":675,"timeStamp":"2022-02-04T22:27:24.255660342Z"},"heartbeat-stdout-0.log":{"path":"heartbeat-stdout-0.log","md5":"d41d8cd98f00b204e9800998ecf8427e","size":0,"timeStamp":"2022-02-04T22:27:24.2842588Z"},"heartbeat-stdouterr-0.log":{"path":"heartbeat-stdouterr-0.log","md5":"62cf0f0cb59305775d80d2fdfb4d867b","size":675,"timeStamp":"2022-02-04T22:27:24.28020156Z"},"logging-stderr-0.log":{"path":"logging-stderr-0.log","md5":"2dedceac8eaeede55ed55f21492a2bd9","size":12161,"timeStamp":"2022-02-04T22:27:24.291457166Z"},"logging-stdout-0.log":{"path":"logging-stdout-0.log","md5":"38aba068a5ed417ba90755e25eb44070","size":90,"timeStamp":"2022-02-04T22:27:24.332761356Z"},"logging-stdouterr-0.log":{"path":"logging-stdouterr-0.log","md5":"a6e3765c0026e06e52bf81efeaf1a0be","size":12251,"timeStamp":"2022-02-04T22:27:24.330838748Z"},"network-init-stderr-0.log":{"path":"network-init-stderr-0.log","md5":"0ecb58e93adb787e2efb5b842d205056","size":49,"timeStamp":"2022-02-04T22:27:24.295958263Z"},"network-init-stdout-0.log":{"path":"network-init-stdout-0.log","md5":"01f800ce283f5d9a0c9fa7b73df0a360","size":21,"timeStamp":"2022-02-04T22:27:24.29662732Z"},"network-init-stdouterr-0.log":{"path":"network-init-stdouterr-0.log","md5":"968ede965c97d9333e3202f84b6215d1","size":70,"timeStamp":"2022-02-04T22:27:24.309292496Z"},"output0-stderr-0.log":{"path":"output0-stderr-0.log","md5":"4674d87ae007c79f000f8d3f45b8d7f6","size":5002,"timeStamp":"2022-02-04T22:27:24.346359028Z"},"output0-stdout-0.log":{"path":"output0-stdout-0.log","md5":"d41d8cd98f00b204e9800998ecf8427e","size":0,"timeStamp":"2022-02-04T22:27:24.310956377Z"},"output0-stdouterr-0.log":{"path":"output0-stdouterr-0.log","md5":"4674d87ae007c79f000f8d3f45b8d7f6","size":5002,"timeStamp":"2022-02-04T22:27:24.323103875Z"},"output1-stderr-0.log":{"path":"output1-stderr-0.log","md5":"cee6f530570a7631b2965fbd1dd2a57f","size":1576,"timeStamp":"2022-02-04T22:27:24.325856523Z"},"output1-stdout-0.log":{"path":"output1-stdout-0.log","md5":"d41d8cd98f00b204e9800998ecf8427e","size":0,"timeStamp":"2022-02-04T22:27:24.331139681Z"},"output1-stdouterr-0.log":{"path":"output1-stdouterr-0.log","md5":"cee6f530570a7631b2965fbd1dd2a57f","size":1576,"timeStamp":"2022-02-04T22:27:24.403014654Z"},"permission-init-stderr-0.log":{"path":"permission-init-stderr-0.log","md5":"d41d8cd98f00b204e9800998ecf8427e","size":0,"timeStamp":"2022-02-04T22:27:24.338704882Z"},"permission-init-stdout-0.log":{"path":"permission-init-stdout-0.log","md5":"8d1e4b6327546b7b02dd5139ca9d5fe8","size":2212,"timeStamp":"2022-02-04T22:27:24.345586303Z"},"permission-init-stdouterr-0.log":{"path":"permission-init-stdouterr-0.log","md5":"8d1e4b6327546b7b02dd5139ca9d5fe8","size":2212,"timeStamp":"2022-02-04T22:27:24.353318213Z"},"pod-0.log":{"path":"pod-0.log","md5":"bd7e600a271ef21c4aee6da694044d85","size":56,"timeStamp":"2022-02-04T22:27:24.387517924Z"},"pod-metrics-0.log":{"path":"pod-metrics-0.log","md5":"11bfb244729510a0ed98b3f02494a827","size":22911,"timeStamp":"2022-02-04T22:27:24.40256675Z"},"task-stderr-0.log":{"path":"task-stderr-0.log","md5":"b4d6e997589257cccda0527bbb4a8103","size":83,"timeStamp":"2022-02-04T22:27:24.363652466Z"},"task-stdout-0.log":{"path":"task-stdout-0.log","md5":"ecb47a7b8db382133e15b0250b7de2e4","size":27730,"timeStamp":"2022-02-04T22:27:24.392005755Z"},"task-stdouterr-0.log":{"path":"task-stdouterr-0.log","md5":"43439e1c6221bdb78af6a28e7ec12abf","size":27813,"timeStamp":"2022-02-04T22:27:24.368919251Z"},"tes-input-handler-init-container-stderr-0.log":{"path":"tes-input-handler-init-container-stderr-0.log","md5":"d41d8cd98f00b204e9800998ecf8427e","size":0,"timeStamp":"2022-02-04T22:27:24.40049649Z"},"tes-input-handler-init-container-stdout-0.log":{"path":"tes-input-handler-init-container-stdout-0.log","md5":"d41d8cd98f00b204e9800998ecf8427e","size":0,"timeStamp":"2022-02-04T22:27:24.379468131Z"},"tes-input-handler-init-container-stdouterr-0.log":{"path":"tes-input-handler-init-container-stdouterr-0.log","md5":"d41d8cd98f00b204e9800998ecf8427e","size":0,"timeStamp":"2022-02-04T22:27:24.397545803Z"}}