{"bsfs-stderr-0.log":{"path":"bsfs-stderr-0.log","md5":"d41d8cd98f00b204e9800998ecf8427e","size":0,"timeStamp":"2022-02-04T22:28:04.112467912Z"},"bsfs-stdout-0.log":{"path":"bsfs-stdout-0.log","md5":"a82392ededf5d8bbf336a8c565ecf1e9","size":1793,"timeStamp":"2022-02-04T22:28:04.116671307Z"},"bsfs-stdouterr-0.log":{"path":"bsfs-stdouterr-0.log","md5":"a82392ededf5d8bbf336a8c565ecf1e9","size":1793,"timeStamp":"2022-02-04T22:28:04.12514753Z"},"dragen-init-stderr-0.log":{"path":"dragen-init-stderr-0.log","md5":"f37957f6cdc32ef638effe4f5bff8a8a","size":161,"timeStamp":"2022-02-04T22:28:04.113342332Z"},"dragen-init-stdout-0.log":{"path":"dragen-init-stdout-0.log","md5":"9244add434130fde47f53cf79b0a61ca","size":322,"timeStamp":"2022-02-04T22:28:04.125503058Z"},"dragen-init-stdouterr-0.log":{"path":"dragen-init-stdouterr-0.log","md5":"4a3d337649cfa4913ed8544de863bea1","size":483,"timeStamp":"2022-02-04T22:28:04.137571011Z"},"heartbeat-init-stderr-0.log":{"path":"heartbeat-init-stderr-0.log","md5":"440d77c13563d166cb8fc00ab959dc40","size":16430,"timeStamp":"2022-02-04T22:28:04.120719954Z"},"heartbeat-init-stdout-0.log":{"path":"heartbeat-init-stdout-0.log","md5":"d41d8cd98f00b204e9800998ecf8427e","size":0,"timeStamp":"2022-02-04T22:28:04.119752947Z"},"heartbeat-init-stdouterr-0.log":{"path":"heartbeat-init-stdouterr-0.log","md5":"440d77c13563d166cb8fc00ab959dc40","size":16430,"timeStamp":"2022-02-04T22:28:04.120230753Z"},"heartbeat-stderr-0.log":{"path":"heartbeat-stderr-0.log","md5":"3d8adfafbb429673aff02574d2d6719d","size":677,"timeStamp":"2022-02-04T22:28:04.11980795Z"},"heartbeat-stdout-0.log":{"path":"heartbeat-stdout-0.log","md5":"d41d8cd98f00b204e9800998ecf8427e","size":0,"timeStamp":"2022-02-04T22:28:04.148490759Z"},"heartbeat-stdouterr-0.log":{"path":"heartbeat-stdouterr-0.log","md5":"3d8adfafbb429673aff02574d2d6719d","size":677,"timeStamp":"2022-02-04T22:28:04.141186379Z"},"logging-stderr-0.log":{"path":"logging-stderr-0.log","md5":"4733569777118fda16ae779737c5df48","size":12162,"timeStamp":"2022-02-04T22:28:04.151586884Z"},"logging-stdout-0.log":{"path":"logging-stdout-0.log","md5":"38aba068a5ed417ba90755e25eb44070","size":90,"timeStamp":"2022-02-04T22:28:04.208584359Z"},"logging-stdouterr-0.log":{"path":"logging-stdouterr-0.log","md5":"a077844871f82546ebc5ef42941137c2","size":12252,"timeStamp":"2022-02-04T22:28:04.194696741Z"},"network-init-stderr-0.log":{"path":"network-init-stderr-0.log","md5":"0ecb58e93adb787e2efb5b842d205056","size":49,"timeStamp":"2022-02-04T22:28:04.149707331Z"},"network-init-stdout-0.log":{"path":"network-init-stdout-0.log","md5":"01f800ce283f5d9a0c9fa7b73df0a360","size":21,"timeStamp":"2022-02-04T22:28:04.18627993Z"},"network-init-stdouterr-0.log":{"path":"network-init-stdouterr-0.log","md5":"968ede965c97d9333e3202f84b6215d1","size":70,"timeStamp":"2022-02-04T22:28:04.204755847Z"},"output0-stderr-0.log":{"path":"output0-stderr-0.log","md5":"d7ef537b18ba9aecafc485390bc01e29","size":4999,"timeStamp":"2022-02-04T22:28:04.25065211Z"},"output0-stdout-0.log":{"path":"output0-stdout-0.log","md5":"d41d8cd98f00b204e9800998ecf8427e","size":0,"timeStamp":"2022-02-04T22:28:04.203507008Z"},"output0-stdouterr-0.log":{"path":"output0-stdouterr-0.log","md5":"d7ef537b18ba9aecafc485390bc01e29","size":4999,"timeStamp":"2022-02-04T22:28:04.187234861Z"},"output1-stderr-0.log":{"path":"output1-stderr-0.log","md5":"ad49fd6e4db664bf6ff7931ced66c944","size":1576,"timeStamp":"2022-02-04T22:28:04.177624299Z"},"output1-stdout-0.log":{"path":"output1-stdout-0.log","md5":"d41d8cd98f00b204e9800998ecf8427e","size":0,"timeStamp":"2022-02-04T22:28:04.176279383Z"},"output1-stdouterr-0.log":{"path":"output1-stdouterr-0.log","md5":"ad49fd6e4db664bf6ff7931ced66c944","size":1576,"timeStamp":"2022-02-04T22:28:04.210669418Z"},"permission-init-stderr-0.log":{"path":"permission-init-stderr-0.log","md5":"d41d8cd98f00b204e9800998ecf8427e","size":0,"timeStamp":"2022-02-04T22:28:04.201414368Z"},"permission-init-stdout-0.log":{"path":"permission-init-stdout-0.log","md5":"816a0f290f8d9218e4f297d134dde8e9","size":2212,"timeStamp":"2022-02-04T22:28:04.210252294Z"},"permission-init-stdouterr-0.log":{"path":"permission-init-stdouterr-0.log","md5":"816a0f290f8d9218e4f297d134dde8e9","size":2212,"timeStamp":"2022-02-04T22:28:04.216830761Z"},"pod-0.log":{"path":"pod-0.log","md5":"3159df3f65e46a6bf7b286c22e05be01","size":56,"timeStamp":"2022-02-04T22:28:04.215340545Z"},"pod-metrics-0.log":{"path":"pod-metrics-0.log","md5":"63ec534261b8977eec2122a24d1865af","size":23017,"timeStamp":"2022-02-04T22:28:04.225286936Z"},"task-stderr-0.log":{"path":"task-stderr-0.log","md5":"b4d6e997589257cccda0527bbb4a8103","size":83,"timeStamp":"2022-02-04T22:28:04.230410574Z"},"task-stdout-0.log":{"path":"task-stdout-0.log","md5":"505b456dfe19c20eb916828d0f3fd8e5","size":27883,"timeStamp":"2022-02-04T22:28:04.257793309Z"},"task-stdouterr-0.log":{"path":"task-stdouterr-0.log","md5":"1807f849d9988fe334b420eaa3995a93","size":27966,"timeStamp":"2022-02-04T22:28:04.277476615Z"},"tes-input-handler-init-container-stderr-0.log":{"path":"tes-input-handler-init-container-stderr-0.log","md5":"d41d8cd98f00b204e9800998ecf8427e","size":0,"timeStamp":"2022-02-04T22:28:04.235476967Z"},"tes-input-handler-init-container-stdout-0.log":{"path":"tes-input-handler-init-container-stdout-0.log","md5":"d41d8cd98f00b204e9800998ecf8427e","size":0,"timeStamp":"2022-02-04T22:28:04.238898445Z"},"tes-input-handler-init-container-stdouterr-0.log":{"path":"tes-input-handler-init-container-stdouterr-0.log","md5":"d41d8cd98f00b204e9800998ecf8427e","size":0,"timeStamp":"2022-02-04T22:28:04.233293598Z"}}