{"bsfs-stderr-0.log":{"path":"bsfs-stderr-0.log","md5":"d41d8cd98f00b204e9800998ecf8427e","size":0,"timeStamp":"2022-02-04T22:27:08.008584346Z"},"bsfs-stdout-0.log":{"path":"bsfs-stdout-0.log","md5":"902c897102b309a32a70e18f89843098","size":1795,"timeStamp":"2022-02-04T22:27:08.04067586Z"},"bsfs-stdouterr-0.log":{"path":"bsfs-stdouterr-0.log","md5":"902c897102b309a32a70e18f89843098","size":1795,"timeStamp":"2022-02-04T22:27:07.998703833Z"},"dragen-init-stderr-0.log":{"path":"dragen-init-stderr-0.log","md5":"f37957f6cdc32ef638effe4f5bff8a8a","size":161,"timeStamp":"2022-02-04T22:27:07.999601671Z"},"dragen-init-stdout-0.log":{"path":"dragen-init-stdout-0.log","md5":"9244add434130fde47f53cf79b0a61ca","size":322,"timeStamp":"2022-02-04T22:27:07.996347898Z"},"dragen-init-stdouterr-0.log":{"path":"dragen-init-stdouterr-0.log","md5":"e96f11670a7b3c692e250179ffb3f4a3","size":483,"timeStamp":"2022-02-04T22:27:07.994563128Z"},"heartbeat-init-stderr-0.log":{"path":"heartbeat-init-stderr-0.log","md5":"618c97fbc0ff31eec968f34e09455149","size":16430,"timeStamp":"2022-02-04T22:27:08.027918094Z"},"heartbeat-init-stdout-0.log":{"path":"heartbeat-init-stdout-0.log","md5":"d41d8cd98f00b204e9800998ecf8427e","size":0,"timeStamp":"2022-02-04T22:27:07.98252307Z"},"heartbeat-init-stdouterr-0.log":{"path":"heartbeat-init-stdouterr-0.log","md5":"618c97fbc0ff31eec968f34e09455149","size":16430,"timeStamp":"2022-02-04T22:27:07.998785939Z"},"heartbeat-stderr-0.log":{"path":"heartbeat-stderr-0.log","md5":"049fa4437a5e9c941ae587649ca9ce55","size":678,"timeStamp":"2022-02-04T22:27:08.000104152Z"},"heartbeat-stdout-0.log":{"path":"heartbeat-stdout-0.log","md5":"d41d8cd98f00b204e9800998ecf8427e","size":0,"timeStamp":"2022-02-04T22:27:08.027835582Z"},"heartbeat-stdouterr-0.log":{"path":"heartbeat-stdouterr-0.log","md5":"049fa4437a5e9c941ae587649ca9ce55","size":678,"timeStamp":"2022-02-04T22:27:08.02434462Z"},"logging-stderr-0.log":{"path":"logging-stderr-0.log","md5":"ee8ec3b29b42b679036152005d99a27e","size":12158,"timeStamp":"2022-02-04T22:27:08.022842837Z"},"logging-stdout-0.log":{"path":"logging-stdout-0.log","md5":"38aba068a5ed417ba90755e25eb44070","size":90,"timeStamp":"2022-02-04T22:27:08.055965974Z"},"logging-stdouterr-0.log":{"path":"logging-stdouterr-0.log","md5":"aacf8fdc1427304f698888d2437257a2","size":12248,"timeStamp":"2022-02-04T22:27:08.030063306Z"},"network-init-stderr-0.log":{"path":"network-init-stderr-0.log","md5":"d41d8cd98f00b204e9800998ecf8427e","size":0,"timeStamp":"2022-02-04T22:27:08.05036445Z"},"network-init-stdout-0.log":{"path":"network-init-stdout-0.log","md5":"d41d8cd98f00b204e9800998ecf8427e","size":0,"timeStamp":"2022-02-04T22:27:08.096202021Z"},"network-init-stdouterr-0.log":{"path":"network-init-stdouterr-0.log","md5":"d41d8cd98f00b204e9800998ecf8427e","size":0,"timeStamp":"2022-02-04T22:27:08.035179529Z"},"output0-stderr-0.log":{"path":"output0-stderr-0.log","md5":"17921326d5e79557ad37233ef441b616","size":5006,"timeStamp":"2022-02-04T22:27:08.053559363Z"},"output0-stdout-0.log":{"path":"output0-stdout-0.log","md5":"d41d8cd98f00b204e9800998ecf8427e","size":0,"timeStamp":"2022-02-04T22:27:08.067567556Z"},"output0-stdouterr-0.log":{"path":"output0-stdouterr-0.log","md5":"17921326d5e79557ad37233ef441b616","size":5006,"timeStamp":"2022-02-04T22:27:08.059824081Z"},"output1-stderr-0.log":{"path":"output1-stderr-0.log","md5":"56c051a52d92c987093412528530f68e","size":1576,"timeStamp":"2022-02-04T22:27:08.058000902Z"},"output1-stdout-0.log":{"path":"output1-stdout-0.log","md5":"d41d8cd98f00b204e9800998ecf8427e","size":0,"timeStamp":"2022-02-04T22:27:08.077190284Z"},"output1-stdouterr-0.log":{"path":"output1-stdouterr-0.log","md5":"56c051a52d92c987093412528530f68e","size":1576,"timeStamp":"2022-02-04T22:27:08.082573262Z"},"permission-init-stderr-0.log":{"path":"permission-init-stderr-0.log","md5":"d41d8cd98f00b204e9800998ecf8427e","size":0,"timeStamp":"2022-02-04T22:27:08.073008011Z"},"permission-init-stdout-0.log":{"path":"permission-init-stdout-0.log","md5":"1ca25f52da68332b3930185a84912d96","size":2212,"timeStamp":"2022-02-04T22:27:08.082795569Z"},"permission-init-stdouterr-0.log":{"path":"permission-init-stdouterr-0.log","md5":"1ca25f52da68332b3930185a84912d96","size":2212,"timeStamp":"2022-02-04T22:27:08.083134786Z"},"pod-0.log":{"path":"pod-0.log","md5":"900b1be1d94d30df7612c2bb6a50b653","size":56,"timeStamp":"2022-02-04T22:27:08.084458415Z"},"pod-metrics-0.log":{"path":"pod-metrics-0.log","md5":"74b45fccf3938056c264a5c4efed8dcc","size":22870,"timeStamp":"2022-02-04T22:27:08.131788457Z"},"task-stderr-0.log":{"path":"task-stderr-0.log","md5":"b4d6e997589257cccda0527bbb4a8103","size":83,"timeStamp":"2022-02-04T22:27:08.110229835Z"},"task-stdout-0.log":{"path":"task-stdout-0.log","md5":"eb099dd22054d502b0143a29c04981b1","size":27877,"timeStamp":"2022-02-04T22:27:08.121321133Z"},"task-stdouterr-0.log":{"path":"task-stdouterr-0.log","md5":"b8db1b7304d2d804731dff132d0a19e3","size":27960,"timeStamp":"2022-02-04T22:27:08.106549408Z"},"tes-input-handler-init-container-stderr-0.log":{"path":"tes-input-handler-init-container-stderr-0.log","md5":"d41d8cd98f00b204e9800998ecf8427e","size":0,"timeStamp":"2022-02-04T22:27:08.106351361Z"},"tes-input-handler-init-container-stdout-0.log":{"path":"tes-input-handler-init-container-stdout-0.log","md5":"d41d8cd98f00b204e9800998ecf8427e","size":0,"timeStamp":"2022-02-04T22:27:08.133128731Z"},"tes-input-handler-init-container-stdouterr-0.log":{"path":"tes-input-handler-init-container-stdouterr-0.log","md5":"d41d8cd98f00b204e9800998ecf8427e","size":0,"timeStamp":"2022-02-04T22:27:08.11376594Z"}}