{"bsfs-stderr-0.log":{"path":"bsfs-stderr-0.log","md5":"d41d8cd98f00b204e9800998ecf8427e","size":0,"timeStamp":"2022-02-04T22:49:04.806326723Z"},"bsfs-stdout-0.log":{"path":"bsfs-stdout-0.log","md5":"bb6de74e8762275420237ff3d15f3b61","size":3945,"timeStamp":"2022-02-04T22:49:04.776673058Z"},"bsfs-stdouterr-0.log":{"path":"bsfs-stdouterr-0.log","md5":"bb6de74e8762275420237ff3d15f3b61","size":3945,"timeStamp":"2022-02-04T22:49:04.790865516Z"},"heartbeat-init-stderr-0.log":{"path":"heartbeat-init-stderr-0.log","md5":"445c5f4edc839169ccc2ad57304da751","size":19651,"timeStamp":"2022-02-04T22:49:04.811418172Z"},"heartbeat-init-stdout-0.log":{"path":"heartbeat-init-stdout-0.log","md5":"d41d8cd98f00b204e9800998ecf8427e","size":0,"timeStamp":"2022-02-04T22:49:04.881056366Z"},"heartbeat-init-stdouterr-0.log":{"path":"heartbeat-init-stdouterr-0.log","md5":"445c5f4edc839169ccc2ad57304da751","size":19651,"timeStamp":"2022-02-04T22:49:04.819298511Z"},"heartbeat-stderr-0.log":{"path":"heartbeat-stderr-0.log","md5":"7722a201c77eb542878ffb148f04fea7","size":226,"timeStamp":"2022-02-04T22:49:04.809913697Z"},"heartbeat-stdout-0.log":{"path":"heartbeat-stdout-0.log","md5":"d41d8cd98f00b204e9800998ecf8427e","size":0,"timeStamp":"2022-02-04T22:49:04.839881416Z"},"heartbeat-stdouterr-0.log":{"path":"heartbeat-stdouterr-0.log","md5":"7722a201c77eb542878ffb148f04fea7","size":226,"timeStamp":"2022-02-04T22:49:04.775367737Z"},"logging-stderr-0.log":{"path":"logging-stderr-0.log","md5":"6489d7f4f8846f2e33c1c11850b5d637","size":635,"timeStamp":"2022-02-04T22:49:04.835946019Z"},"logging-stdout-0.log":{"path":"logging-stdout-0.log","md5":"38aba068a5ed417ba90755e25eb44070","size":90,"timeStamp":"2022-02-04T22:49:04.80179032Z"},"logging-stdouterr-0.log":{"path":"logging-stdouterr-0.log","md5":"a42725a8b40f3da21f5fc916d4a1ac55","size":725,"timeStamp":"2022-02-04T22:49:04.849358447Z"},"network-init-stderr-0.log":{"path":"network-init-stderr-0.log","md5":"0ecb58e93adb787e2efb5b842d205056","size":49,"timeStamp":"2022-02-04T22:49:04.82060071Z"},"network-init-stdout-0.log":{"path":"network-init-stdout-0.log","md5":"01f800ce283f5d9a0c9fa7b73df0a360","size":21,"timeStamp":"2022-02-04T22:49:04.846710656Z"},"network-init-stdouterr-0.log":{"path":"network-init-stdouterr-0.log","md5":"968ede965c97d9333e3202f84b6215d1","size":70,"timeStamp":"2022-02-04T22:49:04.871817375Z"},"output0-stderr-0.log":{"path":"output0-stderr-0.log","md5":"a1445a5f7787704b5c1ca356df061865","size":40185,"timeStamp":"2022-02-04T22:49:04.848987752Z"},"output0-stdout-0.log":{"path":"output0-stdout-0.log","md5":"d41d8cd98f00b204e9800998ecf8427e","size":0,"timeStamp":"2022-02-04T22:49:04.838246271Z"},"output0-stdouterr-0.log":{"path":"output0-stdouterr-0.log","md5":"a1445a5f7787704b5c1ca356df061865","size":40185,"timeStamp":"2022-02-04T22:49:04.850119411Z"},"permission-init-stderr-0.log":{"path":"permission-init-stderr-0.log","md5":"d41d8cd98f00b204e9800998ecf8427e","size":0,"timeStamp":"2022-02-04T22:49:04.850674276Z"},"permission-init-stdout-0.log":{"path":"permission-init-stdout-0.log","md5":"68ad8001e4a5f6940473434a2b90d429","size":1646,"timeStamp":"2022-02-04T22:49:04.887375652Z"},"permission-init-stdouterr-0.log":{"path":"permission-init-stdouterr-0.log","md5":"68ad8001e4a5f6940473434a2b90d429","size":1646,"timeStamp":"2022-02-04T22:49:04.863619624Z"},"pod-0.log":{"path":"pod-0.log","md5":"419b662ef7acfd0e7dd020fb10ade80b","size":56,"timeStamp":"2022-02-04T22:49:04.921257444Z"},"pod-metrics-0.log":{"path":"pod-metrics-0.log","md5":"aaf152712d44d5723c3011d125de916b","size":6179,"timeStamp":"2022-02-04T22:49:04.871970225Z"},"task-stderr-0.log":{"path":"task-stderr-0.log","md5":"d41d8cd98f00b204e9800998ecf8427e","size":0,"timeStamp":"2022-02-04T22:49:04.918450008Z"},"task-stdout-0.log":{"path":"task-stdout-0.log","md5":"c42c3936ae2771ec716a52be9348d51a","size":150866,"timeStamp":"2022-02-04T22:49:04.983396248Z"},"task-stdouterr-0.log":{"path":"task-stdouterr-0.log","md5":"c42c3936ae2771ec716a52be9348d51a","size":150866,"timeStamp":"2022-02-04T22:49:05.031098288Z"},"tes-input-handler-init-container-stderr-0.log":{"path":"tes-input-handler-init-container-stderr-0.log","md5":"d8213ec6444ba328573267dbdb0adff1","size":657,"timeStamp":"2022-02-04T22:49:04.877287445Z"},"tes-input-handler-init-container-stdout-0.log":{"path":"tes-input-handler-init-container-stdout-0.log","md5":"d41d8cd98f00b204e9800998ecf8427e","size":0,"timeStamp":"2022-02-04T22:49:04.909324458Z"},"tes-input-handler-init-container-stdouterr-0.log":{"path":"tes-input-handler-init-container-stdouterr-0.log","md5":"d8213ec6444ba328573267dbdb0adff1","size":657,"timeStamp":"2022-02-04T22:49:04.908206091Z"}}