{"bsfs-stderr-0.log":{"path":"bsfs-stderr-0.log","md5":"d41d8cd98f00b204e9800998ecf8427e","size":0,"timeStamp":"2022-02-04T22:29:05.835164996Z"},"bsfs-stdout-0.log":{"path":"bsfs-stdout-0.log","md5":"20979c5c966652d14f870aab21117933","size":1796,"timeStamp":"2022-02-04T22:29:05.820625168Z"},"bsfs-stdouterr-0.log":{"path":"bsfs-stdouterr-0.log","md5":"20979c5c966652d14f870aab21117933","size":1796,"timeStamp":"2022-02-04T22:29:05.826439258Z"},"dragen-init-stderr-0.log":{"path":"dragen-init-stderr-0.log","md5":"f37957f6cdc32ef638effe4f5bff8a8a","size":161,"timeStamp":"2022-02-04T22:29:05.825061801Z"},"dragen-init-stdout-0.log":{"path":"dragen-init-stdout-0.log","md5":"9244add434130fde47f53cf79b0a61ca","size":322,"timeStamp":"2022-02-04T22:29:05.821843481Z"},"dragen-init-stdouterr-0.log":{"path":"dragen-init-stdouterr-0.log","md5":"4a3d337649cfa4913ed8544de863bea1","size":483,"timeStamp":"2022-02-04T22:29:05.829632426Z"},"heartbeat-init-stderr-0.log":{"path":"heartbeat-init-stderr-0.log","md5":"6ddd155d7ad7a9f3e95417e2348ae722","size":16430,"timeStamp":"2022-02-04T22:29:05.83655662Z"},"heartbeat-init-stdout-0.log":{"path":"heartbeat-init-stdout-0.log","md5":"d41d8cd98f00b204e9800998ecf8427e","size":0,"timeStamp":"2022-02-04T22:29:05.835871456Z"},"heartbeat-init-stdouterr-0.log":{"path":"heartbeat-init-stdouterr-0.log","md5":"6ddd155d7ad7a9f3e95417e2348ae722","size":16430,"timeStamp":"2022-02-04T22:29:05.825374683Z"},"heartbeat-stderr-0.log":{"path":"heartbeat-stderr-0.log","md5":"da486f3aaf162e95a716d51f16afb5d9","size":677,"timeStamp":"2022-02-04T22:29:05.816558318Z"},"heartbeat-stdout-0.log":{"path":"heartbeat-stdout-0.log","md5":"d41d8cd98f00b204e9800998ecf8427e","size":0,"timeStamp":"2022-02-04T22:29:05.869084972Z"},"heartbeat-stdouterr-0.log":{"path":"heartbeat-stdouterr-0.log","md5":"da486f3aaf162e95a716d51f16afb5d9","size":677,"timeStamp":"2022-02-04T22:29:05.853886941Z"},"logging-stderr-0.log":{"path":"logging-stderr-0.log","md5":"82d053a7154ee5d98333635f6a5b92bb","size":12158,"timeStamp":"2022-02-04T22:29:05.852752471Z"},"logging-stdout-0.log":{"path":"logging-stdout-0.log","md5":"38aba068a5ed417ba90755e25eb44070","size":90,"timeStamp":"2022-02-04T22:29:05.859579504Z"},"logging-stdouterr-0.log":{"path":"logging-stdouterr-0.log","md5":"3719d70c24f303a20c32a60b21b03624","size":12248,"timeStamp":"2022-02-04T22:29:05.85532341Z"},"network-init-stderr-0.log":{"path":"network-init-stderr-0.log","md5":"d41d8cd98f00b204e9800998ecf8427e","size":0,"timeStamp":"2022-02-04T22:29:05.861659763Z"},"network-init-stdout-0.log":{"path":"network-init-stdout-0.log","md5":"d41d8cd98f00b204e9800998ecf8427e","size":0,"timeStamp":"2022-02-04T22:29:05.861194738Z"},"network-init-stdouterr-0.log":{"path":"network-init-stdouterr-0.log","md5":"d41d8cd98f00b204e9800998ecf8427e","size":0,"timeStamp":"2022-02-04T22:29:05.902214838Z"},"output0-stderr-0.log":{"path":"output0-stderr-0.log","md5":"5ba5e4afa6b20d6a2eddf32a5fa87ce4","size":5006,"timeStamp":"2022-02-04T22:29:05.861860574Z"},"output0-stdout-0.log":{"path":"output0-stdout-0.log","md5":"d41d8cd98f00b204e9800998ecf8427e","size":0,"timeStamp":"2022-02-04T22:29:05.867373677Z"},"output0-stdouterr-0.log":{"path":"output0-stdouterr-0.log","md5":"5ba5e4afa6b20d6a2eddf32a5fa87ce4","size":5006,"timeStamp":"2022-02-04T22:29:05.92529313Z"},"output1-stderr-0.log":{"path":"output1-stderr-0.log","md5":"9cbaec519dde33eae5e126795a5eebe2","size":1577,"timeStamp":"2022-02-04T22:29:05.882431353Z"},"output1-stdout-0.log":{"path":"output1-stdout-0.log","md5":"d41d8cd98f00b204e9800998ecf8427e","size":0,"timeStamp":"2022-02-04T22:29:05.880519749Z"},"output1-stdouterr-0.log":{"path":"output1-stdouterr-0.log","md5":"9cbaec519dde33eae5e126795a5eebe2","size":1577,"timeStamp":"2022-02-04T22:29:05.885827115Z"},"permission-init-stderr-0.log":{"path":"permission-init-stderr-0.log","md5":"d41d8cd98f00b204e9800998ecf8427e","size":0,"timeStamp":"2022-02-04T22:29:05.900910482Z"},"permission-init-stdout-0.log":{"path":"permission-init-stdout-0.log","md5":"510b243133729885d1c323ad144f4165","size":2212,"timeStamp":"2022-02-04T22:29:05.890242936Z"},"permission-init-stdouterr-0.log":{"path":"permission-init-stdouterr-0.log","md5":"510b243133729885d1c323ad144f4165","size":2212,"timeStamp":"2022-02-04T22:29:05.884195156Z"},"pod-0.log":{"path":"pod-0.log","md5":"ebfd536f9c6d8c1ffbb4c2fe85fc5936","size":56,"timeStamp":"2022-02-04T22:29:05.893530595Z"},"pod-metrics-0.log":{"path":"pod-metrics-0.log","md5":"54b5cdb7aecbe54ebf5f834df462c984","size":22894,"timeStamp":"2022-02-04T22:29:05.901821182Z"},"task-stderr-0.log":{"path":"task-stderr-0.log","md5":"b4d6e997589257cccda0527bbb4a8103","size":83,"timeStamp":"2022-02-04T22:29:05.920276512Z"},"task-stdout-0.log":{"path":"task-stdout-0.log","md5":"c6ca35683d78e26ed6238d18fa71b16b","size":27883,"timeStamp":"2022-02-04T22:29:05.913063046Z"},"task-stdouterr-0.log":{"path":"task-stdouterr-0.log","md5":"130da4945afcb0f18cda7bc483eace20","size":27966,"timeStamp":"2022-02-04T22:29:05.982553156Z"},"tes-input-handler-init-container-stderr-0.log":{"path":"tes-input-handler-init-container-stderr-0.log","md5":"d41d8cd98f00b204e9800998ecf8427e","size":0,"timeStamp":"2022-02-04T22:29:05.913732391Z"},"tes-input-handler-init-container-stdout-0.log":{"path":"tes-input-handler-init-container-stdout-0.log","md5":"d41d8cd98f00b204e9800998ecf8427e","size":0,"timeStamp":"2022-02-04T22:29:05.920297116Z"},"tes-input-handler-init-container-stdouterr-0.log":{"path":"tes-input-handler-init-container-stdouterr-0.log","md5":"d41d8cd98f00b204e9800998ecf8427e","size":0,"timeStamp":"2022-02-04T22:29:05.920012416Z"}}