{"bsfs-stderr-0.log":{"path":"bsfs-stderr-0.log","md5":"d41d8cd98f00b204e9800998ecf8427e","size":0,"timeStamp":"2022-02-04T22:27:10.398577807Z"},"bsfs-stdout-0.log":{"path":"bsfs-stdout-0.log","md5":"d0ff6b8446180f65d05ade7aa9567f35","size":1795,"timeStamp":"2022-02-04T22:27:10.432464254Z"},"bsfs-stdouterr-0.log":{"path":"bsfs-stdouterr-0.log","md5":"d0ff6b8446180f65d05ade7aa9567f35","size":1795,"timeStamp":"2022-02-04T22:27:10.423738213Z"},"dragen-init-stderr-0.log":{"path":"dragen-init-stderr-0.log","md5":"f37957f6cdc32ef638effe4f5bff8a8a","size":161,"timeStamp":"2022-02-04T22:27:10.409640382Z"},"dragen-init-stdout-0.log":{"path":"dragen-init-stdout-0.log","md5":"18d9e6edcc4a64fcd7edb9e6182107ad","size":323,"timeStamp":"2022-02-04T22:27:10.412991871Z"},"dragen-init-stdouterr-0.log":{"path":"dragen-init-stdouterr-0.log","md5":"f7529351a76b4be7aaa7f1a1be835c42","size":484,"timeStamp":"2022-02-04T22:27:10.42046518Z"},"heartbeat-init-stderr-0.log":{"path":"heartbeat-init-stderr-0.log","md5":"b9002e58a8cfeba9bdb6f9e6ac50d957","size":16430,"timeStamp":"2022-02-04T22:27:10.408921919Z"},"heartbeat-init-stdout-0.log":{"path":"heartbeat-init-stdout-0.log","md5":"d41d8cd98f00b204e9800998ecf8427e","size":0,"timeStamp":"2022-02-04T22:27:10.41600624Z"},"heartbeat-init-stdouterr-0.log":{"path":"heartbeat-init-stdouterr-0.log","md5":"b9002e58a8cfeba9bdb6f9e6ac50d957","size":16430,"timeStamp":"2022-02-04T22:27:10.421812788Z"},"heartbeat-stderr-0.log":{"path":"heartbeat-stderr-0.log","md5":"da75846e19257158208e3e884656389d","size":676,"timeStamp":"2022-02-04T22:27:10.419256704Z"},"heartbeat-stdout-0.log":{"path":"heartbeat-stdout-0.log","md5":"d41d8cd98f00b204e9800998ecf8427e","size":0,"timeStamp":"2022-02-04T22:27:10.432010024Z"},"heartbeat-stdouterr-0.log":{"path":"heartbeat-stdouterr-0.log","md5":"da75846e19257158208e3e884656389d","size":676,"timeStamp":"2022-02-04T22:27:10.439353981Z"},"logging-stderr-0.log":{"path":"logging-stderr-0.log","md5":"ff342f34a5827715c861e67666c34cd8","size":12159,"timeStamp":"2022-02-04T22:27:10.441452429Z"},"logging-stdout-0.log":{"path":"logging-stdout-0.log","md5":"38aba068a5ed417ba90755e25eb44070","size":90,"timeStamp":"2022-02-04T22:27:10.44095557Z"},"logging-stdouterr-0.log":{"path":"logging-stdouterr-0.log","md5":"16173c5e4fbb55f00fbf35e15040741e","size":12249,"timeStamp":"2022-02-04T22:27:10.444385904Z"},"network-init-stderr-0.log":{"path":"network-init-stderr-0.log","md5":"d41d8cd98f00b204e9800998ecf8427e","size":0,"timeStamp":"2022-02-04T22:27:10.476063955Z"},"network-init-stdout-0.log":{"path":"network-init-stdout-0.log","md5":"d41d8cd98f00b204e9800998ecf8427e","size":0,"timeStamp":"2022-02-04T22:27:10.44876381Z"},"network-init-stdouterr-0.log":{"path":"network-init-stdouterr-0.log","md5":"d41d8cd98f00b204e9800998ecf8427e","size":0,"timeStamp":"2022-02-04T22:27:10.478892141Z"},"output0-stderr-0.log":{"path":"output0-stderr-0.log","md5":"f38aa91c06bcf502b164eb126b03bb74","size":5008,"timeStamp":"2022-02-04T22:27:10.476195547Z"},"output0-stdout-0.log":{"path":"output0-stdout-0.log","md5":"d41d8cd98f00b204e9800998ecf8427e","size":0,"timeStamp":"2022-02-04T22:27:10.495323936Z"},"output0-stdouterr-0.log":{"path":"output0-stdouterr-0.log","md5":"f38aa91c06bcf502b164eb126b03bb74","size":5008,"timeStamp":"2022-02-04T22:27:10.484445622Z"},"output1-stderr-0.log":{"path":"output1-stderr-0.log","md5":"e38ef586495e8dc4a4a62d6911486b43","size":1577,"timeStamp":"2022-02-04T22:27:10.469037123Z"},"output1-stdout-0.log":{"path":"output1-stdout-0.log","md5":"d41d8cd98f00b204e9800998ecf8427e","size":0,"timeStamp":"2022-02-04T22:27:10.488158762Z"},"output1-stdouterr-0.log":{"path":"output1-stdouterr-0.log","md5":"e38ef586495e8dc4a4a62d6911486b43","size":1577,"timeStamp":"2022-02-04T22:27:10.469118985Z"},"permission-init-stderr-0.log":{"path":"permission-init-stderr-0.log","md5":"d41d8cd98f00b204e9800998ecf8427e","size":0,"timeStamp":"2022-02-04T22:27:10.476723666Z"},"permission-init-stdout-0.log":{"path":"permission-init-stdout-0.log","md5":"94aad20f6090b4c055767739dd8d2670","size":2212,"timeStamp":"2022-02-04T22:27:10.4799865Z"},"permission-init-stdouterr-0.log":{"path":"permission-init-stdouterr-0.log","md5":"94aad20f6090b4c055767739dd8d2670","size":2212,"timeStamp":"2022-02-04T22:27:10.502268959Z"},"pod-0.log":{"path":"pod-0.log","md5":"ae2a3b385b67aae615ff30f2c7ec7512","size":56,"timeStamp":"2022-02-04T22:27:10.498585418Z"},"pod-metrics-0.log":{"path":"pod-metrics-0.log","md5":"793e137172dd29bb00bf6dff9341ffab","size":22596,"timeStamp":"2022-02-04T22:27:10.521308849Z"},"task-stderr-0.log":{"path":"task-stderr-0.log","md5":"b4d6e997589257cccda0527bbb4a8103","size":83,"timeStamp":"2022-02-04T22:27:10.503340668Z"},"task-stdout-0.log":{"path":"task-stdout-0.log","md5":"66244828306487f73ba3adc99c844d9b","size":27882,"timeStamp":"2022-02-04T22:27:10.506825307Z"},"task-stdouterr-0.log":{"path":"task-stdouterr-0.log","md5":"2d6704251a047b7b7d15fbd3c2b45167","size":27965,"timeStamp":"2022-02-04T22:27:10.505356735Z"},"tes-input-handler-init-container-stderr-0.log":{"path":"tes-input-handler-init-container-stderr-0.log","md5":"d41d8cd98f00b204e9800998ecf8427e","size":0,"timeStamp":"2022-02-04T22:27:10.515740339Z"},"tes-input-handler-init-container-stdout-0.log":{"path":"tes-input-handler-init-container-stdout-0.log","md5":"d41d8cd98f00b204e9800998ecf8427e","size":0,"timeStamp":"2022-02-04T22:27:10.511001954Z"},"tes-input-handler-init-container-stdouterr-0.log":{"path":"tes-input-handler-init-container-stdouterr-0.log","md5":"d41d8cd98f00b204e9800998ecf8427e","size":0,"timeStamp":"2022-02-04T22:27:10.569462029Z"}}