{"bsfs-stderr-0.log":{"path":"bsfs-stderr-0.log","md5":"d41d8cd98f00b204e9800998ecf8427e","size":0,"timeStamp":"2022-02-04T22:26:59.587904042Z"},"bsfs-stdout-0.log":{"path":"bsfs-stdout-0.log","md5":"b9b029a855afe305dbcce19fa3df9fb9","size":1795,"timeStamp":"2022-02-04T22:26:59.60590807Z"},"bsfs-stdouterr-0.log":{"path":"bsfs-stdouterr-0.log","md5":"b9b029a855afe305dbcce19fa3df9fb9","size":1795,"timeStamp":"2022-02-04T22:26:59.583546678Z"},"dragen-init-stderr-0.log":{"path":"dragen-init-stderr-0.log","md5":"f37957f6cdc32ef638effe4f5bff8a8a","size":161,"timeStamp":"2022-02-04T22:26:59.59998528Z"},"dragen-init-stdout-0.log":{"path":"dragen-init-stdout-0.log","md5":"9244add434130fde47f53cf79b0a61ca","size":322,"timeStamp":"2022-02-04T22:26:59.587764371Z"},"dragen-init-stdouterr-0.log":{"path":"dragen-init-stdouterr-0.log","md5":"ca78cbc3688ea42ef21a5fafefb06171","size":483,"timeStamp":"2022-02-04T22:26:59.58798546Z"},"heartbeat-init-stderr-0.log":{"path":"heartbeat-init-stderr-0.log","md5":"357dda24a2b125690298ff11812f5d69","size":16430,"timeStamp":"2022-02-04T22:26:59.584910885Z"},"heartbeat-init-stdout-0.log":{"path":"heartbeat-init-stdout-0.log","md5":"d41d8cd98f00b204e9800998ecf8427e","size":0,"timeStamp":"2022-02-04T22:26:59.583111379Z"},"heartbeat-init-stdouterr-0.log":{"path":"heartbeat-init-stdouterr-0.log","md5":"357dda24a2b125690298ff11812f5d69","size":16430,"timeStamp":"2022-02-04T22:26:59.587804082Z"},"heartbeat-stderr-0.log":{"path":"heartbeat-stderr-0.log","md5":"484b2dc0cbbe7be051d6333e73f17bd0","size":678,"timeStamp":"2022-02-04T22:26:59.599585591Z"},"heartbeat-stdout-0.log":{"path":"heartbeat-stdout-0.log","md5":"d41d8cd98f00b204e9800998ecf8427e","size":0,"timeStamp":"2022-02-04T22:26:59.610045467Z"},"heartbeat-stdouterr-0.log":{"path":"heartbeat-stdouterr-0.log","md5":"484b2dc0cbbe7be051d6333e73f17bd0","size":678,"timeStamp":"2022-02-04T22:26:59.631497824Z"},"logging-stderr-0.log":{"path":"logging-stderr-0.log","md5":"5f138da35dba04c3933e6c54bde84b04","size":12158,"timeStamp":"2022-02-04T22:26:59.613871118Z"},"logging-stdout-0.log":{"path":"logging-stdout-0.log","md5":"38aba068a5ed417ba90755e25eb44070","size":90,"timeStamp":"2022-02-04T22:26:59.627654625Z"},"logging-stdouterr-0.log":{"path":"logging-stdouterr-0.log","md5":"0ebaae0bf40fa0a7af5745c90d784fd1","size":12248,"timeStamp":"2022-02-04T22:26:59.679847835Z"},"network-init-stderr-0.log":{"path":"network-init-stderr-0.log","md5":"d41d8cd98f00b204e9800998ecf8427e","size":0,"timeStamp":"2022-02-04T22:26:59.630262969Z"},"network-init-stdout-0.log":{"path":"network-init-stdout-0.log","md5":"d41d8cd98f00b204e9800998ecf8427e","size":0,"timeStamp":"2022-02-04T22:26:59.628831344Z"},"network-init-stdouterr-0.log":{"path":"network-init-stdouterr-0.log","md5":"d41d8cd98f00b204e9800998ecf8427e","size":0,"timeStamp":"2022-02-04T22:26:59.684018048Z"},"output0-stderr-0.log":{"path":"output0-stderr-0.log","md5":"d7994afc61226cbf3df4e67330aa90a3","size":5005,"timeStamp":"2022-02-04T22:26:59.681472942Z"},"output0-stdout-0.log":{"path":"output0-stdout-0.log","md5":"d41d8cd98f00b204e9800998ecf8427e","size":0,"timeStamp":"2022-02-04T22:26:59.632283872Z"},"output0-stdouterr-0.log":{"path":"output0-stdouterr-0.log","md5":"d7994afc61226cbf3df4e67330aa90a3","size":5005,"timeStamp":"2022-02-04T22:26:59.706427334Z"},"output1-stderr-0.log":{"path":"output1-stderr-0.log","md5":"8e32965f5559a7606514f79bc8480eaa","size":1576,"timeStamp":"2022-02-04T22:26:59.639691838Z"},"output1-stdout-0.log":{"path":"output1-stdout-0.log","md5":"d41d8cd98f00b204e9800998ecf8427e","size":0,"timeStamp":"2022-02-04T22:26:59.652144663Z"},"output1-stdouterr-0.log":{"path":"output1-stdouterr-0.log","md5":"8e32965f5559a7606514f79bc8480eaa","size":1576,"timeStamp":"2022-02-04T22:26:59.654446855Z"},"permission-init-stderr-0.log":{"path":"permission-init-stderr-0.log","md5":"d41d8cd98f00b204e9800998ecf8427e","size":0,"timeStamp":"2022-02-04T22:26:59.702745334Z"},"permission-init-stdout-0.log":{"path":"permission-init-stdout-0.log","md5":"27ae02daf558fb729ac70277ecbc74e5","size":2212,"timeStamp":"2022-02-04T22:26:59.656626864Z"},"permission-init-stdouterr-0.log":{"path":"permission-init-stdouterr-0.log","md5":"27ae02daf558fb729ac70277ecbc74e5","size":2212,"timeStamp":"2022-02-04T22:26:59.657420068Z"},"pod-0.log":{"path":"pod-0.log","md5":"7c8b9bf10d2f3eba8fb91825cd1996e4","size":56,"timeStamp":"2022-02-04T22:26:59.668339909Z"},"pod-metrics-0.log":{"path":"pod-metrics-0.log","md5":"1e310062d602d0798e0a9851cbf1a636","size":23057,"timeStamp":"2022-02-04T22:26:59.710190786Z"},"task-stderr-0.log":{"path":"task-stderr-0.log","md5":"b4d6e997589257cccda0527bbb4a8103","size":83,"timeStamp":"2022-02-04T22:26:59.683695297Z"},"task-stdout-0.log":{"path":"task-stdout-0.log","md5":"9292fceef6176b347448b4a32b5d8215","size":27882,"timeStamp":"2022-02-04T22:26:59.682543818Z"},"task-stdouterr-0.log":{"path":"task-stdouterr-0.log","md5":"3a353d48f5b644db79d151cccc222b44","size":27965,"timeStamp":"2022-02-04T22:26:59.77010809Z"},"tes-input-handler-init-container-stderr-0.log":{"path":"tes-input-handler-init-container-stderr-0.log","md5":"d41d8cd98f00b204e9800998ecf8427e","size":0,"timeStamp":"2022-02-04T22:26:59.705782386Z"},"tes-input-handler-init-container-stdout-0.log":{"path":"tes-input-handler-init-container-stdout-0.log","md5":"d41d8cd98f00b204e9800998ecf8427e","size":0,"timeStamp":"2022-02-04T22:26:59.709993804Z"},"tes-input-handler-init-container-stdouterr-0.log":{"path":"tes-input-handler-init-container-stdouterr-0.log","md5":"d41d8cd98f00b204e9800998ecf8427e","size":0,"timeStamp":"2022-02-04T22:26:59.707678559Z"}}