{"bsfs-stderr-0.log":{"path":"bsfs-stderr-0.log","md5":"d41d8cd98f00b204e9800998ecf8427e","size":0,"timeStamp":"2022-02-04T22:42:58.839100973Z"},"bsfs-stdout-0.log":{"path":"bsfs-stdout-0.log","md5":"75f78777bce2d496ae0fe79a072034ca","size":1796,"timeStamp":"2022-02-04T22:42:58.809105134Z"},"bsfs-stdouterr-0.log":{"path":"bsfs-stdouterr-0.log","md5":"75f78777bce2d496ae0fe79a072034ca","size":1796,"timeStamp":"2022-02-04T22:42:58.827101279Z"},"dragen-init-stderr-0.log":{"path":"dragen-init-stderr-0.log","md5":"f37957f6cdc32ef638effe4f5bff8a8a","size":161,"timeStamp":"2022-02-04T22:42:58.810979551Z"},"dragen-init-stdout-0.log":{"path":"dragen-init-stdout-0.log","md5":"2d33d1966070be03065815c5ec60c407","size":349,"timeStamp":"2022-02-04T22:42:58.812787044Z"},"dragen-init-stdouterr-0.log":{"path":"dragen-init-stdouterr-0.log","md5":"3659fd62108d4399c1c4340570895eb5","size":510,"timeStamp":"2022-02-04T22:42:58.821084432Z"},"heartbeat-init-stderr-0.log":{"path":"heartbeat-init-stderr-0.log","md5":"77a72b86d27b6c598876feee70a52f96","size":16430,"timeStamp":"2022-02-04T22:42:58.845024178Z"},"heartbeat-init-stdout-0.log":{"path":"heartbeat-init-stdout-0.log","md5":"d41d8cd98f00b204e9800998ecf8427e","size":0,"timeStamp":"2022-02-04T22:42:58.82298712Z"},"heartbeat-init-stdouterr-0.log":{"path":"heartbeat-init-stdouterr-0.log","md5":"77a72b86d27b6c598876feee70a52f96","size":16430,"timeStamp":"2022-02-04T22:42:58.822772258Z"},"heartbeat-stderr-0.log":{"path":"heartbeat-stderr-0.log","md5":"18bc0af3c697460c8e9f2bceca7e0bf3","size":677,"timeStamp":"2022-02-04T22:42:58.820063616Z"},"heartbeat-stdout-0.log":{"path":"heartbeat-stdout-0.log","md5":"d41d8cd98f00b204e9800998ecf8427e","size":0,"timeStamp":"2022-02-04T22:42:58.863457988Z"},"heartbeat-stdouterr-0.log":{"path":"heartbeat-stdouterr-0.log","md5":"18bc0af3c697460c8e9f2bceca7e0bf3","size":677,"timeStamp":"2022-02-04T22:42:58.862825786Z"},"logging-stderr-0.log":{"path":"logging-stderr-0.log","md5":"69297e7fb94e6176976d247cfc3517ef","size":12158,"timeStamp":"2022-02-04T22:42:58.863572593Z"},"logging-stdout-0.log":{"path":"logging-stdout-0.log","md5":"38aba068a5ed417ba90755e25eb44070","size":90,"timeStamp":"2022-02-04T22:42:58.866740142Z"},"logging-stdouterr-0.log":{"path":"logging-stdouterr-0.log","md5":"bb5f6abb055c0c2b7d33e5fc0ccf9161","size":12248,"timeStamp":"2022-02-04T22:42:58.868221435Z"},"network-init-stderr-0.log":{"path":"network-init-stderr-0.log","md5":"d41d8cd98f00b204e9800998ecf8427e","size":0,"timeStamp":"2022-02-04T22:42:58.872049365Z"},"network-init-stdout-0.log":{"path":"network-init-stdout-0.log","md5":"d41d8cd98f00b204e9800998ecf8427e","size":0,"timeStamp":"2022-02-04T22:42:58.853466918Z"},"network-init-stdouterr-0.log":{"path":"network-init-stdouterr-0.log","md5":"d41d8cd98f00b204e9800998ecf8427e","size":0,"timeStamp":"2022-02-04T22:42:58.854823039Z"},"output0-stderr-0.log":{"path":"output0-stderr-0.log","md5":"79ed62c5626f53d3181dc48602cfc778","size":5006,"timeStamp":"2022-02-04T22:42:58.871831205Z"},"output0-stdout-0.log":{"path":"output0-stdout-0.log","md5":"d41d8cd98f00b204e9800998ecf8427e","size":0,"timeStamp":"2022-02-04T22:42:58.877638341Z"},"output0-stdouterr-0.log":{"path":"output0-stdouterr-0.log","md5":"79ed62c5626f53d3181dc48602cfc778","size":5006,"timeStamp":"2022-02-04T22:42:58.886823477Z"},"output1-stderr-0.log":{"path":"output1-stderr-0.log","md5":"903921eb3ac3dc85aee14b62d440e031","size":1577,"timeStamp":"2022-02-04T22:42:58.884937047Z"},"output1-stdout-0.log":{"path":"output1-stdout-0.log","md5":"d41d8cd98f00b204e9800998ecf8427e","size":0,"timeStamp":"2022-02-04T22:42:58.8929093Z"},"output1-stdouterr-0.log":{"path":"output1-stdouterr-0.log","md5":"903921eb3ac3dc85aee14b62d440e031","size":1577,"timeStamp":"2022-02-04T22:42:58.915411133Z"},"permission-init-stderr-0.log":{"path":"permission-init-stderr-0.log","md5":"d41d8cd98f00b204e9800998ecf8427e","size":0,"timeStamp":"2022-02-04T22:42:58.896710033Z"},"permission-init-stdout-0.log":{"path":"permission-init-stdout-0.log","md5":"6eff7e519dfb64cec9f8f07d4cba3193","size":2212,"timeStamp":"2022-02-04T22:42:58.932709523Z"},"permission-init-stdouterr-0.log":{"path":"permission-init-stdouterr-0.log","md5":"6eff7e519dfb64cec9f8f07d4cba3193","size":2212,"timeStamp":"2022-02-04T22:42:58.952459775Z"},"pod-0.log":{"path":"pod-0.log","md5":"5f9aad959672b208d9b43def8c005694","size":56,"timeStamp":"2022-02-04T22:42:58.902682109Z"},"pod-metrics-0.log":{"path":"pod-metrics-0.log","md5":"0b66044be6da17c499735a1da43b3609","size":21205,"timeStamp":"2022-02-04T22:42:58.9132056Z"},"task-stderr-0.log":{"path":"task-stderr-0.log","md5":"b4d6e997589257cccda0527bbb4a8103","size":83,"timeStamp":"2022-02-04T22:42:58.91035737Z"},"task-stdout-0.log":{"path":"task-stdout-0.log","md5":"ef0f49eb244148a3bf642844a9f9a48e","size":27887,"timeStamp":"2022-02-04T22:42:58.954159997Z"},"task-stdouterr-0.log":{"path":"task-stdouterr-0.log","md5":"839f5c3416b35d44ac768f9496698dbf","size":27970,"timeStamp":"2022-02-04T22:42:58.925908284Z"},"tes-input-handler-init-container-stderr-0.log":{"path":"tes-input-handler-init-container-stderr-0.log","md5":"d41d8cd98f00b204e9800998ecf8427e","size":0,"timeStamp":"2022-02-04T22:42:58.926170798Z"},"tes-input-handler-init-container-stdout-0.log":{"path":"tes-input-handler-init-container-stdout-0.log","md5":"d41d8cd98f00b204e9800998ecf8427e","size":0,"timeStamp":"2022-02-04T22:42:58.959041845Z"},"tes-input-handler-init-container-stdouterr-0.log":{"path":"tes-input-handler-init-container-stdouterr-0.log","md5":"d41d8cd98f00b204e9800998ecf8427e","size":0,"timeStamp":"2022-02-04T22:42:58.934571582Z"}}