{"bsfs-stderr-0.log":{"path":"bsfs-stderr-0.log","md5":"d41d8cd98f00b204e9800998ecf8427e","size":0,"timeStamp":"2022-02-04T22:28:12.606683421Z"},"bsfs-stdout-0.log":{"path":"bsfs-stdout-0.log","md5":"38e7c17e97d02469cbd2f6b41152e49b","size":1796,"timeStamp":"2022-02-04T22:28:12.635265555Z"},"bsfs-stdouterr-0.log":{"path":"bsfs-stdouterr-0.log","md5":"38e7c17e97d02469cbd2f6b41152e49b","size":1796,"timeStamp":"2022-02-04T22:28:12.626362569Z"},"dragen-init-stderr-0.log":{"path":"dragen-init-stderr-0.log","md5":"f37957f6cdc32ef638effe4f5bff8a8a","size":161,"timeStamp":"2022-02-04T22:28:12.621027786Z"},"dragen-init-stdout-0.log":{"path":"dragen-init-stdout-0.log","md5":"6fc050b72ac2d3ddd08e5eaf40af6e36","size":320,"timeStamp":"2022-02-04T22:28:12.624433429Z"},"dragen-init-stdouterr-0.log":{"path":"dragen-init-stdouterr-0.log","md5":"7b0e88126b47506e4858fdd9872f822a","size":481,"timeStamp":"2022-02-04T22:28:12.645436503Z"},"heartbeat-init-stderr-0.log":{"path":"heartbeat-init-stderr-0.log","md5":"d2b3b4eac554903a1c9922fe3338b1c0","size":16430,"timeStamp":"2022-02-04T22:28:12.621609356Z"},"heartbeat-init-stdout-0.log":{"path":"heartbeat-init-stdout-0.log","md5":"d41d8cd98f00b204e9800998ecf8427e","size":0,"timeStamp":"2022-02-04T22:28:12.611441031Z"},"heartbeat-init-stdouterr-0.log":{"path":"heartbeat-init-stdouterr-0.log","md5":"d2b3b4eac554903a1c9922fe3338b1c0","size":16430,"timeStamp":"2022-02-04T22:28:12.639119864Z"},"heartbeat-stderr-0.log":{"path":"heartbeat-stderr-0.log","md5":"69171fe37885d9594782f336bc18da14","size":678,"timeStamp":"2022-02-04T22:28:12.609542076Z"},"heartbeat-stdout-0.log":{"path":"heartbeat-stdout-0.log","md5":"d41d8cd98f00b204e9800998ecf8427e","size":0,"timeStamp":"2022-02-04T22:28:12.661338184Z"},"heartbeat-stdouterr-0.log":{"path":"heartbeat-stdouterr-0.log","md5":"69171fe37885d9594782f336bc18da14","size":678,"timeStamp":"2022-02-04T22:28:12.63609489Z"},"logging-stderr-0.log":{"path":"logging-stderr-0.log","md5":"9ad53860bec7ec45c2d53591d72160ba","size":12159,"timeStamp":"2022-02-04T22:28:12.641757763Z"},"logging-stdout-0.log":{"path":"logging-stdout-0.log","md5":"38aba068a5ed417ba90755e25eb44070","size":90,"timeStamp":"2022-02-04T22:28:12.653448392Z"},"logging-stdouterr-0.log":{"path":"logging-stdouterr-0.log","md5":"825ae9c3b0b66b3f9f137096a528538c","size":12249,"timeStamp":"2022-02-04T22:28:12.679782909Z"},"network-init-stderr-0.log":{"path":"network-init-stderr-0.log","md5":"d41d8cd98f00b204e9800998ecf8427e","size":0,"timeStamp":"2022-02-04T22:28:12.683913868Z"},"network-init-stdout-0.log":{"path":"network-init-stdout-0.log","md5":"d41d8cd98f00b204e9800998ecf8427e","size":0,"timeStamp":"2022-02-04T22:28:12.662971222Z"},"network-init-stdouterr-0.log":{"path":"network-init-stdouterr-0.log","md5":"d41d8cd98f00b204e9800998ecf8427e","size":0,"timeStamp":"2022-02-04T22:28:12.6673012Z"},"output0-stderr-0.log":{"path":"output0-stderr-0.log","md5":"d9c19e2828a77fdb029ae16f38b9db3c","size":5003,"timeStamp":"2022-02-04T22:28:12.669727016Z"},"output0-stdout-0.log":{"path":"output0-stdout-0.log","md5":"d41d8cd98f00b204e9800998ecf8427e","size":0,"timeStamp":"2022-02-04T22:28:12.669906568Z"},"output0-stdouterr-0.log":{"path":"output0-stdouterr-0.log","md5":"d9c19e2828a77fdb029ae16f38b9db3c","size":5003,"timeStamp":"2022-02-04T22:28:12.674076725Z"},"output1-stderr-0.log":{"path":"output1-stderr-0.log","md5":"a4d8e1718e63c3db3ba3f153846662ce","size":1576,"timeStamp":"2022-02-04T22:28:12.676171769Z"},"output1-stdout-0.log":{"path":"output1-stdout-0.log","md5":"d41d8cd98f00b204e9800998ecf8427e","size":0,"timeStamp":"2022-02-04T22:28:12.696728555Z"},"output1-stdouterr-0.log":{"path":"output1-stdouterr-0.log","md5":"a4d8e1718e63c3db3ba3f153846662ce","size":1576,"timeStamp":"2022-02-04T22:28:12.694595943Z"},"permission-init-stderr-0.log":{"path":"permission-init-stderr-0.log","md5":"d41d8cd98f00b204e9800998ecf8427e","size":0,"timeStamp":"2022-02-04T22:28:12.773466532Z"},"permission-init-stdout-0.log":{"path":"permission-init-stdout-0.log","md5":"a490feb406c258fb70df1e5e51b06552","size":2212,"timeStamp":"2022-02-04T22:28:12.696591319Z"},"permission-init-stdouterr-0.log":{"path":"permission-init-stdouterr-0.log","md5":"a490feb406c258fb70df1e5e51b06552","size":2212,"timeStamp":"2022-02-04T22:28:12.699269861Z"},"pod-0.log":{"path":"pod-0.log","md5":"e6b0e2baedad7753a5661d4e922a5e69","size":56,"timeStamp":"2022-02-04T22:28:12.715832199Z"},"pod-metrics-0.log":{"path":"pod-metrics-0.log","md5":"9df09bca51a30084a891a111f94f0e4e","size":22884,"timeStamp":"2022-02-04T22:28:12.772974568Z"},"task-stderr-0.log":{"path":"task-stderr-0.log","md5":"b4d6e997589257cccda0527bbb4a8103","size":83,"timeStamp":"2022-02-04T22:28:12.709404283Z"},"task-stdout-0.log":{"path":"task-stdout-0.log","md5":"88640175e826ba7938d6166022639c93","size":27883,"timeStamp":"2022-02-04T22:28:12.754897306Z"},"task-stdouterr-0.log":{"path":"task-stdouterr-0.log","md5":"a171d04bab40bc823f3c4bd4d2796b03","size":27966,"timeStamp":"2022-02-04T22:28:12.721149857Z"},"tes-input-handler-init-container-stderr-0.log":{"path":"tes-input-handler-init-container-stderr-0.log","md5":"d41d8cd98f00b204e9800998ecf8427e","size":0,"timeStamp":"2022-02-04T22:28:12.721723957Z"},"tes-input-handler-init-container-stdout-0.log":{"path":"tes-input-handler-init-container-stdout-0.log","md5":"d41d8cd98f00b204e9800998ecf8427e","size":0,"timeStamp":"2022-02-04T22:28:12.725152599Z"},"tes-input-handler-init-container-stdouterr-0.log":{"path":"tes-input-handler-init-container-stdouterr-0.log","md5":"d41d8cd98f00b204e9800998ecf8427e","size":0,"timeStamp":"2022-02-04T22:28:12.724811031Z"}}