{"bsfs-stderr-0.log":{"path":"bsfs-stderr-0.log","md5":"d41d8cd98f00b204e9800998ecf8427e","size":0,"timeStamp":"2022-02-04T22:27:45.27837602Z"},"bsfs-stdout-0.log":{"path":"bsfs-stdout-0.log","md5":"f4c41044e468c0de08dbdf624326d97a","size":1795,"timeStamp":"2022-02-04T22:27:45.279585934Z"},"bsfs-stdouterr-0.log":{"path":"bsfs-stdouterr-0.log","md5":"f4c41044e468c0de08dbdf624326d97a","size":1795,"timeStamp":"2022-02-04T22:27:45.290734917Z"},"dragen-init-stderr-0.log":{"path":"dragen-init-stderr-0.log","md5":"f37957f6cdc32ef638effe4f5bff8a8a","size":161,"timeStamp":"2022-02-04T22:27:45.283404248Z"},"dragen-init-stdout-0.log":{"path":"dragen-init-stdout-0.log","md5":"0a1761ce485370cf56d36fd90f6a9e22","size":321,"timeStamp":"2022-02-04T22:27:45.283485842Z"},"dragen-init-stdouterr-0.log":{"path":"dragen-init-stdouterr-0.log","md5":"3b4d14efc67dbaccad2f8ada7caab347","size":482,"timeStamp":"2022-02-04T22:27:45.285942187Z"},"heartbeat-init-stderr-0.log":{"path":"heartbeat-init-stderr-0.log","md5":"c7806e7e6c10e9b0147eb96444b4da44","size":16430,"timeStamp":"2022-02-04T22:27:45.276740601Z"},"heartbeat-init-stdout-0.log":{"path":"heartbeat-init-stdout-0.log","md5":"d41d8cd98f00b204e9800998ecf8427e","size":0,"timeStamp":"2022-02-04T22:27:45.273242836Z"},"heartbeat-init-stdouterr-0.log":{"path":"heartbeat-init-stdouterr-0.log","md5":"c7806e7e6c10e9b0147eb96444b4da44","size":16430,"timeStamp":"2022-02-04T22:27:45.28126818Z"},"heartbeat-stderr-0.log":{"path":"heartbeat-stderr-0.log","md5":"92aca875dcdb9ae419ce704fb6375281","size":677,"timeStamp":"2022-02-04T22:27:45.313045496Z"},"heartbeat-stdout-0.log":{"path":"heartbeat-stdout-0.log","md5":"d41d8cd98f00b204e9800998ecf8427e","size":0,"timeStamp":"2022-02-04T22:27:45.310447069Z"},"heartbeat-stdouterr-0.log":{"path":"heartbeat-stdouterr-0.log","md5":"92aca875dcdb9ae419ce704fb6375281","size":677,"timeStamp":"2022-02-04T22:27:45.307249651Z"},"logging-stderr-0.log":{"path":"logging-stderr-0.log","md5":"768fddc0b5dd4fa4918ed16d0a8430f6","size":12158,"timeStamp":"2022-02-04T22:27:45.309432992Z"},"logging-stdout-0.log":{"path":"logging-stdout-0.log","md5":"38aba068a5ed417ba90755e25eb44070","size":90,"timeStamp":"2022-02-04T22:27:45.306149955Z"},"logging-stdouterr-0.log":{"path":"logging-stdouterr-0.log","md5":"7f451f537cae9a43ecd869ab429790c7","size":12248,"timeStamp":"2022-02-04T22:27:45.313677485Z"},"network-init-stderr-0.log":{"path":"network-init-stderr-0.log","md5":"d41d8cd98f00b204e9800998ecf8427e","size":0,"timeStamp":"2022-02-04T22:27:45.314943809Z"},"network-init-stdout-0.log":{"path":"network-init-stdout-0.log","md5":"d41d8cd98f00b204e9800998ecf8427e","size":0,"timeStamp":"2022-02-04T22:27:45.317211237Z"},"network-init-stdouterr-0.log":{"path":"network-init-stdouterr-0.log","md5":"d41d8cd98f00b204e9800998ecf8427e","size":0,"timeStamp":"2022-02-04T22:27:45.317325889Z"},"output0-stderr-0.log":{"path":"output0-stderr-0.log","md5":"f32774615ee95a751ac7d1f3ace9eb96","size":5006,"timeStamp":"2022-02-04T22:27:45.354561Z"},"output0-stdout-0.log":{"path":"output0-stdout-0.log","md5":"d41d8cd98f00b204e9800998ecf8427e","size":0,"timeStamp":"2022-02-04T22:27:45.354437046Z"},"output0-stdouterr-0.log":{"path":"output0-stdouterr-0.log","md5":"f32774615ee95a751ac7d1f3ace9eb96","size":5006,"timeStamp":"2022-02-04T22:27:45.350669278Z"},"output1-stderr-0.log":{"path":"output1-stderr-0.log","md5":"478dfea5ea0129f56185030c7201a6af","size":1576,"timeStamp":"2022-02-04T22:27:45.342956519Z"},"output1-stdout-0.log":{"path":"output1-stdout-0.log","md5":"d41d8cd98f00b204e9800998ecf8427e","size":0,"timeStamp":"2022-02-04T22:27:45.450478843Z"},"output1-stdouterr-0.log":{"path":"output1-stdouterr-0.log","md5":"478dfea5ea0129f56185030c7201a6af","size":1576,"timeStamp":"2022-02-04T22:27:45.361698076Z"},"permission-init-stderr-0.log":{"path":"permission-init-stderr-0.log","md5":"d41d8cd98f00b204e9800998ecf8427e","size":0,"timeStamp":"2022-02-04T22:27:45.343695791Z"},"permission-init-stdout-0.log":{"path":"permission-init-stdout-0.log","md5":"16770bb3ad3cf564374104a0d6bab9af","size":2212,"timeStamp":"2022-02-04T22:27:45.346162544Z"},"permission-init-stdouterr-0.log":{"path":"permission-init-stdouterr-0.log","md5":"16770bb3ad3cf564374104a0d6bab9af","size":2212,"timeStamp":"2022-02-04T22:27:45.346880291Z"},"pod-0.log":{"path":"pod-0.log","md5":"6c4bb28f173a9d5f0eb4360a799e6bf5","size":56,"timeStamp":"2022-02-04T22:27:45.359079197Z"},"pod-metrics-0.log":{"path":"pod-metrics-0.log","md5":"3031620d35f30674fd5980f46061da0a","size":23105,"timeStamp":"2022-02-04T22:27:45.385104544Z"},"task-stderr-0.log":{"path":"task-stderr-0.log","md5":"b4d6e997589257cccda0527bbb4a8103","size":83,"timeStamp":"2022-02-04T22:27:45.3724056Z"},"task-stdout-0.log":{"path":"task-stdout-0.log","md5":"bb787398f9e483c5acd3879628303fc9","size":27881,"timeStamp":"2022-02-04T22:27:45.430877002Z"},"task-stdouterr-0.log":{"path":"task-stdouterr-0.log","md5":"b9fbd7fab3f2b0372817155e5c75d087","size":27964,"timeStamp":"2022-02-04T22:27:45.376730517Z"},"tes-input-handler-init-container-stderr-0.log":{"path":"tes-input-handler-init-container-stderr-0.log","md5":"d41d8cd98f00b204e9800998ecf8427e","size":0,"timeStamp":"2022-02-04T22:27:45.38699732Z"},"tes-input-handler-init-container-stdout-0.log":{"path":"tes-input-handler-init-container-stdout-0.log","md5":"d41d8cd98f00b204e9800998ecf8427e","size":0,"timeStamp":"2022-02-04T22:27:45.389073523Z"},"tes-input-handler-init-container-stdouterr-0.log":{"path":"tes-input-handler-init-container-stdouterr-0.log","md5":"d41d8cd98f00b204e9800998ecf8427e","size":0,"timeStamp":"2022-02-04T22:27:45.382397312Z"}}