{"bsfs-stderr-0.log":{"path":"bsfs-stderr-0.log","md5":"d41d8cd98f00b204e9800998ecf8427e","size":0,"timeStamp":"2022-02-04T22:28:22.411443282Z"},"bsfs-stdout-0.log":{"path":"bsfs-stdout-0.log","md5":"5f5ba521a57512cd8867e9fe7e9d31df","size":1794,"timeStamp":"2022-02-04T22:28:22.404520429Z"},"bsfs-stdouterr-0.log":{"path":"bsfs-stdouterr-0.log","md5":"5f5ba521a57512cd8867e9fe7e9d31df","size":1794,"timeStamp":"2022-02-04T22:28:22.411496512Z"},"dragen-init-stderr-0.log":{"path":"dragen-init-stderr-0.log","md5":"f37957f6cdc32ef638effe4f5bff8a8a","size":161,"timeStamp":"2022-02-04T22:28:22.4342938Z"},"dragen-init-stdout-0.log":{"path":"dragen-init-stdout-0.log","md5":"9244add434130fde47f53cf79b0a61ca","size":322,"timeStamp":"2022-02-04T22:28:22.417503606Z"},"dragen-init-stdouterr-0.log":{"path":"dragen-init-stdouterr-0.log","md5":"e96f11670a7b3c692e250179ffb3f4a3","size":483,"timeStamp":"2022-02-04T22:28:22.410385962Z"},"heartbeat-init-stderr-0.log":{"path":"heartbeat-init-stderr-0.log","md5":"dac548cf0fcadaa16e32a991ce4506c6","size":16430,"timeStamp":"2022-02-04T22:28:22.466748287Z"},"heartbeat-init-stdout-0.log":{"path":"heartbeat-init-stdout-0.log","md5":"d41d8cd98f00b204e9800998ecf8427e","size":0,"timeStamp":"2022-02-04T22:28:22.406402633Z"},"heartbeat-init-stdouterr-0.log":{"path":"heartbeat-init-stdouterr-0.log","md5":"dac548cf0fcadaa16e32a991ce4506c6","size":16430,"timeStamp":"2022-02-04T22:28:22.409928822Z"},"heartbeat-stderr-0.log":{"path":"heartbeat-stderr-0.log","md5":"9a9553744f3d811d0c9d8b2549014177","size":676,"timeStamp":"2022-02-04T22:28:22.424090691Z"},"heartbeat-stdout-0.log":{"path":"heartbeat-stdout-0.log","md5":"d41d8cd98f00b204e9800998ecf8427e","size":0,"timeStamp":"2022-02-04T22:28:22.433480865Z"},"heartbeat-stdouterr-0.log":{"path":"heartbeat-stdouterr-0.log","md5":"9a9553744f3d811d0c9d8b2549014177","size":676,"timeStamp":"2022-02-04T22:28:22.455198434Z"},"logging-stderr-0.log":{"path":"logging-stderr-0.log","md5":"9b221119df12d50d9a24dfa3c56bf477","size":12159,"timeStamp":"2022-02-04T22:28:22.444471781Z"},"logging-stdout-0.log":{"path":"logging-stdout-0.log","md5":"38aba068a5ed417ba90755e25eb44070","size":90,"timeStamp":"2022-02-04T22:28:22.43946705Z"},"logging-stdouterr-0.log":{"path":"logging-stdouterr-0.log","md5":"6f1e77e2c88ee159ea96c20ab30445c1","size":12249,"timeStamp":"2022-02-04T22:28:22.486642345Z"},"network-init-stderr-0.log":{"path":"network-init-stderr-0.log","md5":"d41d8cd98f00b204e9800998ecf8427e","size":0,"timeStamp":"2022-02-04T22:28:22.452591685Z"},"network-init-stdout-0.log":{"path":"network-init-stdout-0.log","md5":"d41d8cd98f00b204e9800998ecf8427e","size":0,"timeStamp":"2022-02-04T22:28:22.466925711Z"},"network-init-stdouterr-0.log":{"path":"network-init-stdouterr-0.log","md5":"d41d8cd98f00b204e9800998ecf8427e","size":0,"timeStamp":"2022-02-04T22:28:22.512654028Z"},"output0-stderr-0.log":{"path":"output0-stderr-0.log","md5":"aa5ce3838714f5f81acdb8041bc79e95","size":499,"timeStamp":"2022-02-04T22:28:22.46354132Z"},"output0-stdout-0.log":{"path":"output0-stdout-0.log","md5":"d41d8cd98f00b204e9800998ecf8427e","size":0,"timeStamp":"2022-02-04T22:28:22.465320532Z"},"output0-stdouterr-0.log":{"path":"output0-stdouterr-0.log","md5":"aa5ce3838714f5f81acdb8041bc79e95","size":499,"timeStamp":"2022-02-04T22:28:22.470099763Z"},"output1-stderr-0.log":{"path":"output1-stderr-0.log","md5":"0d9f1d0399fe9ee83bccc0701979f5c2","size":519,"timeStamp":"2022-02-04T22:28:22.489150629Z"},"output1-stdout-0.log":{"path":"output1-stdout-0.log","md5":"d41d8cd98f00b204e9800998ecf8427e","size":0,"timeStamp":"2022-02-04T22:28:22.477953287Z"},"output1-stdouterr-0.log":{"path":"output1-stdouterr-0.log","md5":"0d9f1d0399fe9ee83bccc0701979f5c2","size":519,"timeStamp":"2022-02-04T22:28:22.499007277Z"},"permission-init-stderr-0.log":{"path":"permission-init-stderr-0.log","md5":"d41d8cd98f00b204e9800998ecf8427e","size":0,"timeStamp":"2022-02-04T22:28:22.492830188Z"},"permission-init-stdout-0.log":{"path":"permission-init-stdout-0.log","md5":"ae49411d3c34cbc2efbb10211459d60c","size":2212,"timeStamp":"2022-02-04T22:28:22.49254762Z"},"permission-init-stdouterr-0.log":{"path":"permission-init-stdouterr-0.log","md5":"ae49411d3c34cbc2efbb10211459d60c","size":2212,"timeStamp":"2022-02-04T22:28:22.493215416Z"},"pod-0.log":{"path":"pod-0.log","md5":"207e1fe1935327a5c3a87e2187d8ae74","size":56,"timeStamp":"2022-02-04T22:28:22.538883204Z"},"pod-metrics-0.log":{"path":"pod-metrics-0.log","md5":"f272c99e4b7629a7bc64c68fad90172f","size":22811,"timeStamp":"2022-02-04T22:28:22.505637635Z"},"task-stderr-0.log":{"path":"task-stderr-0.log","md5":"b4d6e997589257cccda0527bbb4a8103","size":83,"timeStamp":"2022-02-04T22:28:22.507742349Z"},"task-stdout-0.log":{"path":"task-stdout-0.log","md5":"5dacd6a098cd28a8644b1ea3b98b2ecb","size":27886,"timeStamp":"2022-02-04T22:28:22.523327131Z"},"task-stdouterr-0.log":{"path":"task-stdouterr-0.log","md5":"1972c0ba76308ad47b07064478299598","size":27969,"timeStamp":"2022-02-04T22:28:22.517717261Z"},"tes-input-handler-init-container-stderr-0.log":{"path":"tes-input-handler-init-container-stderr-0.log","md5":"d41d8cd98f00b204e9800998ecf8427e","size":0,"timeStamp":"2022-02-04T22:28:22.522666158Z"},"tes-input-handler-init-container-stdout-0.log":{"path":"tes-input-handler-init-container-stdout-0.log","md5":"d41d8cd98f00b204e9800998ecf8427e","size":0,"timeStamp":"2022-02-04T22:28:22.521357305Z"},"tes-input-handler-init-container-stdouterr-0.log":{"path":"tes-input-handler-init-container-stdouterr-0.log","md5":"d41d8cd98f00b204e9800998ecf8427e","size":0,"timeStamp":"2022-02-04T22:28:22.528115861Z"}}