{"bsfs-stderr-0.log":{"path":"bsfs-stderr-0.log","md5":"d41d8cd98f00b204e9800998ecf8427e","size":0,"timeStamp":"2022-02-04T22:42:58.373978867Z"},"bsfs-stdout-0.log":{"path":"bsfs-stdout-0.log","md5":"91142af2fa161c9285a6c15fed76933e","size":1795,"timeStamp":"2022-02-04T22:42:58.373417835Z"},"bsfs-stdouterr-0.log":{"path":"bsfs-stdouterr-0.log","md5":"91142af2fa161c9285a6c15fed76933e","size":1795,"timeStamp":"2022-02-04T22:42:58.373814439Z"},"dragen-init-stderr-0.log":{"path":"dragen-init-stderr-0.log","md5":"f37957f6cdc32ef638effe4f5bff8a8a","size":161,"timeStamp":"2022-02-04T22:42:58.378969186Z"},"dragen-init-stdout-0.log":{"path":"dragen-init-stdout-0.log","md5":"2d33d1966070be03065815c5ec60c407","size":349,"timeStamp":"2022-02-04T22:42:58.385531866Z"},"dragen-init-stdouterr-0.log":{"path":"dragen-init-stdouterr-0.log","md5":"ae59f16b7dd0538fee58f59d783b8f86","size":510,"timeStamp":"2022-02-04T22:42:58.378195836Z"},"heartbeat-init-stderr-0.log":{"path":"heartbeat-init-stderr-0.log","md5":"2f45b321247d8628c6e689722868c587","size":16430,"timeStamp":"2022-02-04T22:42:58.382322356Z"},"heartbeat-init-stdout-0.log":{"path":"heartbeat-init-stdout-0.log","md5":"d41d8cd98f00b204e9800998ecf8427e","size":0,"timeStamp":"2022-02-04T22:42:58.387222852Z"},"heartbeat-init-stdouterr-0.log":{"path":"heartbeat-init-stdouterr-0.log","md5":"2f45b321247d8628c6e689722868c587","size":16430,"timeStamp":"2022-02-04T22:42:58.373550663Z"},"heartbeat-stderr-0.log":{"path":"heartbeat-stderr-0.log","md5":"b717209486ff2dc9ac47cecda8c62e6a","size":678,"timeStamp":"2022-02-04T22:42:58.400399123Z"},"heartbeat-stdout-0.log":{"path":"heartbeat-stdout-0.log","md5":"d41d8cd98f00b204e9800998ecf8427e","size":0,"timeStamp":"2022-02-04T22:42:58.406281358Z"},"heartbeat-stdouterr-0.log":{"path":"heartbeat-stdouterr-0.log","md5":"b717209486ff2dc9ac47cecda8c62e6a","size":678,"timeStamp":"2022-02-04T22:42:58.420413643Z"},"logging-stderr-0.log":{"path":"logging-stderr-0.log","md5":"8325a94ad2809ebf30f2d0ebf8a25ab1","size":12158,"timeStamp":"2022-02-04T22:42:58.421350618Z"},"logging-stdout-0.log":{"path":"logging-stdout-0.log","md5":"38aba068a5ed417ba90755e25eb44070","size":90,"timeStamp":"2022-02-04T22:42:58.451123282Z"},"logging-stdouterr-0.log":{"path":"logging-stdouterr-0.log","md5":"ec96dd691a14a9fab3dd5b343f7db547","size":12248,"timeStamp":"2022-02-04T22:42:58.411285408Z"},"network-init-stderr-0.log":{"path":"network-init-stderr-0.log","md5":"d41d8cd98f00b204e9800998ecf8427e","size":0,"timeStamp":"2022-02-04T22:42:58.436548862Z"},"network-init-stdout-0.log":{"path":"network-init-stdout-0.log","md5":"d41d8cd98f00b204e9800998ecf8427e","size":0,"timeStamp":"2022-02-04T22:42:58.449495546Z"},"network-init-stdouterr-0.log":{"path":"network-init-stdouterr-0.log","md5":"d41d8cd98f00b204e9800998ecf8427e","size":0,"timeStamp":"2022-02-04T22:42:58.417496261Z"},"output0-stderr-0.log":{"path":"output0-stderr-0.log","md5":"6841beab702491aa57dccfa9db9af753","size":5009,"timeStamp":"2022-02-04T22:42:58.41867516Z"},"output0-stdout-0.log":{"path":"output0-stdout-0.log","md5":"d41d8cd98f00b204e9800998ecf8427e","size":0,"timeStamp":"2022-02-04T22:42:58.432328596Z"},"output0-stdouterr-0.log":{"path":"output0-stdouterr-0.log","md5":"6841beab702491aa57dccfa9db9af753","size":5009,"timeStamp":"2022-02-04T22:42:58.435602992Z"},"output1-stderr-0.log":{"path":"output1-stderr-0.log","md5":"4f86779c3988998990f69328b285bc68","size":1576,"timeStamp":"2022-02-04T22:42:58.438922642Z"},"output1-stdout-0.log":{"path":"output1-stdout-0.log","md5":"d41d8cd98f00b204e9800998ecf8427e","size":0,"timeStamp":"2022-02-04T22:42:58.447474348Z"},"output1-stdouterr-0.log":{"path":"output1-stdouterr-0.log","md5":"4f86779c3988998990f69328b285bc68","size":1576,"timeStamp":"2022-02-04T22:42:58.44905926Z"},"permission-init-stderr-0.log":{"path":"permission-init-stderr-0.log","md5":"d41d8cd98f00b204e9800998ecf8427e","size":0,"timeStamp":"2022-02-04T22:42:58.461764509Z"},"permission-init-stdout-0.log":{"path":"permission-init-stdout-0.log","md5":"97dea69cc7fababe1f6a5689294c1456","size":2212,"timeStamp":"2022-02-04T22:42:58.486394096Z"},"permission-init-stdouterr-0.log":{"path":"permission-init-stdouterr-0.log","md5":"97dea69cc7fababe1f6a5689294c1456","size":2212,"timeStamp":"2022-02-04T22:42:58.457892424Z"},"pod-0.log":{"path":"pod-0.log","md5":"1c1f083b09aeeaab263d4c1b3a8e02bd","size":56,"timeStamp":"2022-02-04T22:42:58.466371532Z"},"pod-metrics-0.log":{"path":"pod-metrics-0.log","md5":"df7ad4b79eee37d1cb0fb9b4368ff983","size":21175,"timeStamp":"2022-02-04T22:42:58.480180757Z"},"task-stderr-0.log":{"path":"task-stderr-0.log","md5":"b4d6e997589257cccda0527bbb4a8103","size":83,"timeStamp":"2022-02-04T22:42:58.465134546Z"},"task-stdout-0.log":{"path":"task-stdout-0.log","md5":"6d31cd8bdb7f4cebc878d607cc9721f1","size":27882,"timeStamp":"2022-02-04T22:42:58.526336409Z"},"task-stdouterr-0.log":{"path":"task-stdouterr-0.log","md5":"e58d50bd2b5e9146fea8bf2c32144f00","size":27965,"timeStamp":"2022-02-04T22:42:58.479870358Z"},"tes-input-handler-init-container-stderr-0.log":{"path":"tes-input-handler-init-container-stderr-0.log","md5":"d41d8cd98f00b204e9800998ecf8427e","size":0,"timeStamp":"2022-02-04T22:42:58.524929247Z"},"tes-input-handler-init-container-stdout-0.log":{"path":"tes-input-handler-init-container-stdout-0.log","md5":"d41d8cd98f00b204e9800998ecf8427e","size":0,"timeStamp":"2022-02-04T22:42:58.476732662Z"},"tes-input-handler-init-container-stdouterr-0.log":{"path":"tes-input-handler-init-container-stdouterr-0.log","md5":"d41d8cd98f00b204e9800998ecf8427e","size":0,"timeStamp":"2022-02-04T22:42:58.491169986Z"}}