{"bsfs-stderr-0.log":{"path":"bsfs-stderr-0.log","md5":"d41d8cd98f00b204e9800998ecf8427e","size":0,"timeStamp":"2022-02-04T22:27:08.299839436Z"},"bsfs-stdout-0.log":{"path":"bsfs-stdout-0.log","md5":"a57cbdfe53436d6f0af3e97c1286740d","size":1796,"timeStamp":"2022-02-04T22:27:08.279304456Z"},"bsfs-stdouterr-0.log":{"path":"bsfs-stdouterr-0.log","md5":"a57cbdfe53436d6f0af3e97c1286740d","size":1796,"timeStamp":"2022-02-04T22:27:08.258348506Z"},"dragen-init-stderr-0.log":{"path":"dragen-init-stderr-0.log","md5":"f37957f6cdc32ef638effe4f5bff8a8a","size":161,"timeStamp":"2022-02-04T22:27:08.254995924Z"},"dragen-init-stdout-0.log":{"path":"dragen-init-stdout-0.log","md5":"0a1761ce485370cf56d36fd90f6a9e22","size":321,"timeStamp":"2022-02-04T22:27:08.243697632Z"},"dragen-init-stdouterr-0.log":{"path":"dragen-init-stdouterr-0.log","md5":"3b4d14efc67dbaccad2f8ada7caab347","size":482,"timeStamp":"2022-02-04T22:27:08.264371313Z"},"heartbeat-init-stderr-0.log":{"path":"heartbeat-init-stderr-0.log","md5":"9bb2c2b325a492bbac98ec7ef4509585","size":16430,"timeStamp":"2022-02-04T22:27:08.266451871Z"},"heartbeat-init-stdout-0.log":{"path":"heartbeat-init-stdout-0.log","md5":"d41d8cd98f00b204e9800998ecf8427e","size":0,"timeStamp":"2022-02-04T22:27:08.259328612Z"},"heartbeat-init-stdouterr-0.log":{"path":"heartbeat-init-stdouterr-0.log","md5":"9bb2c2b325a492bbac98ec7ef4509585","size":16430,"timeStamp":"2022-02-04T22:27:08.26528613Z"},"heartbeat-stderr-0.log":{"path":"heartbeat-stderr-0.log","md5":"66c8902a8b9775494e1f3a909089d914","size":678,"timeStamp":"2022-02-04T22:27:08.303557571Z"},"heartbeat-stdout-0.log":{"path":"heartbeat-stdout-0.log","md5":"d41d8cd98f00b204e9800998ecf8427e","size":0,"timeStamp":"2022-02-04T22:27:08.269516116Z"},"heartbeat-stdouterr-0.log":{"path":"heartbeat-stdouterr-0.log","md5":"66c8902a8b9775494e1f3a909089d914","size":678,"timeStamp":"2022-02-04T22:27:08.289104486Z"},"logging-stderr-0.log":{"path":"logging-stderr-0.log","md5":"b0e1221316d9dd9020ee57bf1019cedf","size":12160,"timeStamp":"2022-02-04T22:27:08.289670818Z"},"logging-stdout-0.log":{"path":"logging-stdout-0.log","md5":"38aba068a5ed417ba90755e25eb44070","size":90,"timeStamp":"2022-02-04T22:27:08.288149823Z"},"logging-stdouterr-0.log":{"path":"logging-stdouterr-0.log","md5":"13b52e114328b8ee6247e9a1bf85364a","size":12250,"timeStamp":"2022-02-04T22:27:08.293909407Z"},"network-init-stderr-0.log":{"path":"network-init-stderr-0.log","md5":"d41d8cd98f00b204e9800998ecf8427e","size":0,"timeStamp":"2022-02-04T22:27:08.336137935Z"},"network-init-stdout-0.log":{"path":"network-init-stdout-0.log","md5":"d41d8cd98f00b204e9800998ecf8427e","size":0,"timeStamp":"2022-02-04T22:27:08.294486811Z"},"network-init-stdouterr-0.log":{"path":"network-init-stdouterr-0.log","md5":"d41d8cd98f00b204e9800998ecf8427e","size":0,"timeStamp":"2022-02-04T22:27:08.365317472Z"},"output0-stderr-0.log":{"path":"output0-stderr-0.log","md5":"22e12ca46c3ef4b302e2da7a3c8cc165","size":5004,"timeStamp":"2022-02-04T22:27:08.31991608Z"},"output0-stdout-0.log":{"path":"output0-stdout-0.log","md5":"d41d8cd98f00b204e9800998ecf8427e","size":0,"timeStamp":"2022-02-04T22:27:08.317527732Z"},"output0-stdouterr-0.log":{"path":"output0-stdouterr-0.log","md5":"22e12ca46c3ef4b302e2da7a3c8cc165","size":5004,"timeStamp":"2022-02-04T22:27:08.422561715Z"},"output1-stderr-0.log":{"path":"output1-stderr-0.log","md5":"4537c58d524dc8f42ee244488669dbc1","size":1576,"timeStamp":"2022-02-04T22:27:08.320654985Z"},"output1-stdout-0.log":{"path":"output1-stdout-0.log","md5":"d41d8cd98f00b204e9800998ecf8427e","size":0,"timeStamp":"2022-02-04T22:27:08.349720203Z"},"output1-stdouterr-0.log":{"path":"output1-stdouterr-0.log","md5":"4537c58d524dc8f42ee244488669dbc1","size":1576,"timeStamp":"2022-02-04T22:27:08.348845012Z"},"permission-init-stderr-0.log":{"path":"permission-init-stderr-0.log","md5":"d41d8cd98f00b204e9800998ecf8427e","size":0,"timeStamp":"2022-02-04T22:27:08.329538323Z"},"permission-init-stdout-0.log":{"path":"permission-init-stdout-0.log","md5":"80024edd9977243c6e812a9c009824e8","size":2212,"timeStamp":"2022-02-04T22:27:08.353867308Z"},"permission-init-stdouterr-0.log":{"path":"permission-init-stdouterr-0.log","md5":"80024edd9977243c6e812a9c009824e8","size":2212,"timeStamp":"2022-02-04T22:27:08.348015915Z"},"pod-0.log":{"path":"pod-0.log","md5":"900b1be1d94d30df7612c2bb6a50b653","size":56,"timeStamp":"2022-02-04T22:27:08.344886426Z"},"pod-metrics-0.log":{"path":"pod-metrics-0.log","md5":"c6a80a816f83375ad7d168f4f1a725ee","size":21214,"timeStamp":"2022-02-04T22:27:08.347144894Z"},"task-stderr-0.log":{"path":"task-stderr-0.log","md5":"b4d6e997589257cccda0527bbb4a8103","size":83,"timeStamp":"2022-02-04T22:27:08.359437579Z"},"task-stdout-0.log":{"path":"task-stdout-0.log","md5":"3e56e6f5ac5ca66365b4ef9672795b22","size":27875,"timeStamp":"2022-02-04T22:27:08.368392718Z"},"task-stdouterr-0.log":{"path":"task-stdouterr-0.log","md5":"220057cc5a7d72017b05e0fcc6e2071d","size":27958,"timeStamp":"2022-02-04T22:27:08.371749954Z"},"tes-input-handler-init-container-stderr-0.log":{"path":"tes-input-handler-init-container-stderr-0.log","md5":"d41d8cd98f00b204e9800998ecf8427e","size":0,"timeStamp":"2022-02-04T22:27:08.401964637Z"},"tes-input-handler-init-container-stdout-0.log":{"path":"tes-input-handler-init-container-stdout-0.log","md5":"d41d8cd98f00b204e9800998ecf8427e","size":0,"timeStamp":"2022-02-04T22:27:08.372403586Z"},"tes-input-handler-init-container-stdouterr-0.log":{"path":"tes-input-handler-init-container-stdouterr-0.log","md5":"d41d8cd98f00b204e9800998ecf8427e","size":0,"timeStamp":"2022-02-04T22:27:08.403388187Z"}}