{"bsfs-stderr-0.log":{"path":"bsfs-stderr-0.log","md5":"d41d8cd98f00b204e9800998ecf8427e","size":0,"timeStamp":"2022-02-04T22:28:11.34768999Z"},"bsfs-stdout-0.log":{"path":"bsfs-stdout-0.log","md5":"2bd459c6100b0f6e0374e61de40d26e3","size":1795,"timeStamp":"2022-02-04T22:28:11.365676339Z"},"bsfs-stdouterr-0.log":{"path":"bsfs-stdouterr-0.log","md5":"2bd459c6100b0f6e0374e61de40d26e3","size":1795,"timeStamp":"2022-02-04T22:28:11.365345626Z"},"dragen-init-stderr-0.log":{"path":"dragen-init-stderr-0.log","md5":"f37957f6cdc32ef638effe4f5bff8a8a","size":161,"timeStamp":"2022-02-04T22:28:11.350534472Z"},"dragen-init-stdout-0.log":{"path":"dragen-init-stdout-0.log","md5":"0a1761ce485370cf56d36fd90f6a9e22","size":321,"timeStamp":"2022-02-04T22:28:11.350579669Z"},"dragen-init-stdouterr-0.log":{"path":"dragen-init-stdouterr-0.log","md5":"846284e38f7e42def959ba7e772647f4","size":482,"timeStamp":"2022-02-04T22:28:11.363912207Z"},"heartbeat-init-stderr-0.log":{"path":"heartbeat-init-stderr-0.log","md5":"34092e7049d867ddf39a05a18597273d","size":16430,"timeStamp":"2022-02-04T22:28:11.350169197Z"},"heartbeat-init-stdout-0.log":{"path":"heartbeat-init-stdout-0.log","md5":"d41d8cd98f00b204e9800998ecf8427e","size":0,"timeStamp":"2022-02-04T22:28:11.379059355Z"},"heartbeat-init-stdouterr-0.log":{"path":"heartbeat-init-stdouterr-0.log","md5":"34092e7049d867ddf39a05a18597273d","size":16430,"timeStamp":"2022-02-04T22:28:11.365771543Z"},"heartbeat-stderr-0.log":{"path":"heartbeat-stderr-0.log","md5":"bfeff733ac6b965ef8eebe000c845e67","size":678,"timeStamp":"2022-02-04T22:28:11.369801229Z"},"heartbeat-stdout-0.log":{"path":"heartbeat-stdout-0.log","md5":"d41d8cd98f00b204e9800998ecf8427e","size":0,"timeStamp":"2022-02-04T22:28:11.378574751Z"},"heartbeat-stdouterr-0.log":{"path":"heartbeat-stdouterr-0.log","md5":"bfeff733ac6b965ef8eebe000c845e67","size":678,"timeStamp":"2022-02-04T22:28:11.37992952Z"},"logging-stderr-0.log":{"path":"logging-stderr-0.log","md5":"3f00ae6e480c8c2c3dea4b93425eb93e","size":12158,"timeStamp":"2022-02-04T22:28:11.427579717Z"},"logging-stdout-0.log":{"path":"logging-stdout-0.log","md5":"38aba068a5ed417ba90755e25eb44070","size":90,"timeStamp":"2022-02-04T22:28:11.416735457Z"},"logging-stdouterr-0.log":{"path":"logging-stdouterr-0.log","md5":"d80e6e6c3cafc6b59bd088a33de835a3","size":12248,"timeStamp":"2022-02-04T22:28:11.397000973Z"},"network-init-stderr-0.log":{"path":"network-init-stderr-0.log","md5":"d41d8cd98f00b204e9800998ecf8427e","size":0,"timeStamp":"2022-02-04T22:28:11.444292626Z"},"network-init-stdout-0.log":{"path":"network-init-stdout-0.log","md5":"d41d8cd98f00b204e9800998ecf8427e","size":0,"timeStamp":"2022-02-04T22:28:11.390648458Z"},"network-init-stdouterr-0.log":{"path":"network-init-stdouterr-0.log","md5":"d41d8cd98f00b204e9800998ecf8427e","size":0,"timeStamp":"2022-02-04T22:28:11.393841225Z"},"output0-stderr-0.log":{"path":"output0-stderr-0.log","md5":"c069a2b982ef3f5b7199f9fa3128fa45","size":5004,"timeStamp":"2022-02-04T22:28:11.479179279Z"},"output0-stdout-0.log":{"path":"output0-stdout-0.log","md5":"d41d8cd98f00b204e9800998ecf8427e","size":0,"timeStamp":"2022-02-04T22:28:11.407048709Z"},"output0-stdouterr-0.log":{"path":"output0-stdouterr-0.log","md5":"c069a2b982ef3f5b7199f9fa3128fa45","size":5004,"timeStamp":"2022-02-04T22:28:11.480783258Z"},"output1-stderr-0.log":{"path":"output1-stderr-0.log","md5":"61b874ac593ae114312730e45d0f23ba","size":1576,"timeStamp":"2022-02-04T22:28:11.410523625Z"},"output1-stdout-0.log":{"path":"output1-stdout-0.log","md5":"d41d8cd98f00b204e9800998ecf8427e","size":0,"timeStamp":"2022-02-04T22:28:11.414116993Z"},"output1-stdouterr-0.log":{"path":"output1-stdouterr-0.log","md5":"61b874ac593ae114312730e45d0f23ba","size":1576,"timeStamp":"2022-02-04T22:28:11.424450355Z"},"permission-init-stderr-0.log":{"path":"permission-init-stderr-0.log","md5":"d41d8cd98f00b204e9800998ecf8427e","size":0,"timeStamp":"2022-02-04T22:28:11.427420165Z"},"permission-init-stdout-0.log":{"path":"permission-init-stdout-0.log","md5":"6b491cfa439f712ae1b9b402a337d49d","size":2212,"timeStamp":"2022-02-04T22:28:11.433235948Z"},"permission-init-stdouterr-0.log":{"path":"permission-init-stdouterr-0.log","md5":"6b491cfa439f712ae1b9b402a337d49d","size":2212,"timeStamp":"2022-02-04T22:28:11.458281739Z"},"pod-0.log":{"path":"pod-0.log","md5":"4930b557fb09db5d23c26fec4ec893a3","size":56,"timeStamp":"2022-02-04T22:28:11.442091402Z"},"pod-metrics-0.log":{"path":"pod-metrics-0.log","md5":"9ca6305b46b9f4701c070a69f6723b71","size":21280,"timeStamp":"2022-02-04T22:28:11.446658991Z"},"task-stderr-0.log":{"path":"task-stderr-0.log","md5":"b4d6e997589257cccda0527bbb4a8103","size":83,"timeStamp":"2022-02-04T22:28:11.448986425Z"},"task-stdout-0.log":{"path":"task-stdout-0.log","md5":"4ed5b272135da470ddba1de0b6cd42a9","size":27887,"timeStamp":"2022-02-04T22:28:11.459320992Z"},"task-stdouterr-0.log":{"path":"task-stdouterr-0.log","md5":"c459e657c001566328bc273f0163dee3","size":27970,"timeStamp":"2022-02-04T22:28:11.455092688Z"},"tes-input-handler-init-container-stderr-0.log":{"path":"tes-input-handler-init-container-stderr-0.log","md5":"d41d8cd98f00b204e9800998ecf8427e","size":0,"timeStamp":"2022-02-04T22:28:11.488650965Z"},"tes-input-handler-init-container-stdout-0.log":{"path":"tes-input-handler-init-container-stdout-0.log","md5":"d41d8cd98f00b204e9800998ecf8427e","size":0,"timeStamp":"2022-02-04T22:28:11.470097348Z"},"tes-input-handler-init-container-stdouterr-0.log":{"path":"tes-input-handler-init-container-stdouterr-0.log","md5":"d41d8cd98f00b204e9800998ecf8427e","size":0,"timeStamp":"2022-02-04T22:28:11.470956999Z"}}