{"bsfs-stderr-0.log":{"path":"bsfs-stderr-0.log","md5":"d41d8cd98f00b204e9800998ecf8427e","size":0,"timeStamp":"2022-02-04T22:26:57.573432914Z"},"bsfs-stdout-0.log":{"path":"bsfs-stdout-0.log","md5":"60ae1d7c283d569b1869d5a5e256214e","size":1796,"timeStamp":"2022-02-04T22:26:57.58505862Z"},"bsfs-stdouterr-0.log":{"path":"bsfs-stdouterr-0.log","md5":"60ae1d7c283d569b1869d5a5e256214e","size":1796,"timeStamp":"2022-02-04T22:26:57.593750818Z"},"dragen-init-stderr-0.log":{"path":"dragen-init-stderr-0.log","md5":"f37957f6cdc32ef638effe4f5bff8a8a","size":161,"timeStamp":"2022-02-04T22:26:57.578824921Z"},"dragen-init-stdout-0.log":{"path":"dragen-init-stdout-0.log","md5":"9244add434130fde47f53cf79b0a61ca","size":322,"timeStamp":"2022-02-04T22:26:57.589167601Z"},"dragen-init-stdouterr-0.log":{"path":"dragen-init-stdouterr-0.log","md5":"4a3d337649cfa4913ed8544de863bea1","size":483,"timeStamp":"2022-02-04T22:26:57.559962266Z"},"heartbeat-init-stderr-0.log":{"path":"heartbeat-init-stderr-0.log","md5":"5445d0cca4f87e6f5c403db1736ee981","size":16430,"timeStamp":"2022-02-04T22:26:57.580215055Z"},"heartbeat-init-stdout-0.log":{"path":"heartbeat-init-stdout-0.log","md5":"d41d8cd98f00b204e9800998ecf8427e","size":0,"timeStamp":"2022-02-04T22:26:57.583890134Z"},"heartbeat-init-stdouterr-0.log":{"path":"heartbeat-init-stdouterr-0.log","md5":"5445d0cca4f87e6f5c403db1736ee981","size":16430,"timeStamp":"2022-02-04T22:26:57.562393328Z"},"heartbeat-stderr-0.log":{"path":"heartbeat-stderr-0.log","md5":"b54a790da0f4dc3a3586b2b754af6e59","size":678,"timeStamp":"2022-02-04T22:26:57.571296371Z"},"heartbeat-stdout-0.log":{"path":"heartbeat-stdout-0.log","md5":"d41d8cd98f00b204e9800998ecf8427e","size":0,"timeStamp":"2022-02-04T22:26:57.587437036Z"},"heartbeat-stdouterr-0.log":{"path":"heartbeat-stdouterr-0.log","md5":"b54a790da0f4dc3a3586b2b754af6e59","size":678,"timeStamp":"2022-02-04T22:26:57.594745172Z"},"logging-stderr-0.log":{"path":"logging-stderr-0.log","md5":"e11619db84e786f4ce342ddcde6787d5","size":12162,"timeStamp":"2022-02-04T22:26:57.601655564Z"},"logging-stdout-0.log":{"path":"logging-stdout-0.log","md5":"38aba068a5ed417ba90755e25eb44070","size":90,"timeStamp":"2022-02-04T22:26:57.618482847Z"},"logging-stdouterr-0.log":{"path":"logging-stdouterr-0.log","md5":"ac37598253c7ed0d16a7a3b207a74fa3","size":12252,"timeStamp":"2022-02-04T22:26:57.611989022Z"},"network-init-stderr-0.log":{"path":"network-init-stderr-0.log","md5":"bba177551146e81f7ec72e4005b3065d","size":98,"timeStamp":"2022-02-04T22:26:57.613242923Z"},"network-init-stdout-0.log":{"path":"network-init-stdout-0.log","md5":"42dda2cf617e5df171b08e53f6cd8c9e","size":42,"timeStamp":"2022-02-04T22:26:57.61419981Z"},"network-init-stdouterr-0.log":{"path":"network-init-stdouterr-0.log","md5":"1db5e0774d6f98136df8f9d7a647d8c2","size":140,"timeStamp":"2022-02-04T22:26:57.615392701Z"},"output0-stderr-0.log":{"path":"output0-stderr-0.log","md5":"fb6b44b61b35d350d49115b4c2e61d75","size":5006,"timeStamp":"2022-02-04T22:26:57.640571618Z"},"output0-stdout-0.log":{"path":"output0-stdout-0.log","md5":"d41d8cd98f00b204e9800998ecf8427e","size":0,"timeStamp":"2022-02-04T22:26:57.62224009Z"},"output0-stdouterr-0.log":{"path":"output0-stdouterr-0.log","md5":"fb6b44b61b35d350d49115b4c2e61d75","size":5006,"timeStamp":"2022-02-04T22:26:57.627464661Z"},"output1-stderr-0.log":{"path":"output1-stderr-0.log","md5":"bd681136de95286f46c9e66fbef9708f","size":1577,"timeStamp":"2022-02-04T22:26:57.628876709Z"},"output1-stdout-0.log":{"path":"output1-stdout-0.log","md5":"d41d8cd98f00b204e9800998ecf8427e","size":0,"timeStamp":"2022-02-04T22:26:57.627498188Z"},"output1-stdouterr-0.log":{"path":"output1-stdouterr-0.log","md5":"bd681136de95286f46c9e66fbef9708f","size":1577,"timeStamp":"2022-02-04T22:26:57.645608195Z"},"permission-init-stderr-0.log":{"path":"permission-init-stderr-0.log","md5":"d41d8cd98f00b204e9800998ecf8427e","size":0,"timeStamp":"2022-02-04T22:26:57.645874662Z"},"permission-init-stdout-0.log":{"path":"permission-init-stdout-0.log","md5":"813dcd8c9f16030748b15e3fbdecd425","size":2212,"timeStamp":"2022-02-04T22:26:57.646223676Z"},"permission-init-stdouterr-0.log":{"path":"permission-init-stdouterr-0.log","md5":"813dcd8c9f16030748b15e3fbdecd425","size":2212,"timeStamp":"2022-02-04T22:26:57.649170334Z"},"pod-0.log":{"path":"pod-0.log","md5":"b356ff1a5d6a98f105b52af85aa98ad0","size":56,"timeStamp":"2022-02-04T22:26:57.65742186Z"},"pod-metrics-0.log":{"path":"pod-metrics-0.log","md5":"0bacd01720aeba33667afa82535ab839","size":23063,"timeStamp":"2022-02-04T22:26:57.674507887Z"},"task-stderr-0.log":{"path":"task-stderr-0.log","md5":"b4d6e997589257cccda0527bbb4a8103","size":83,"timeStamp":"2022-02-04T22:26:57.676110773Z"},"task-stdout-0.log":{"path":"task-stdout-0.log","md5":"dd6f83e2957bf4a39f9c8072e04adf41","size":27882,"timeStamp":"2022-02-04T22:26:57.667580964Z"},"task-stdouterr-0.log":{"path":"task-stdouterr-0.log","md5":"76209e8bc1bd4470c8e0bfb6b332c096","size":27965,"timeStamp":"2022-02-04T22:26:57.71970422Z"},"tes-input-handler-init-container-stderr-0.log":{"path":"tes-input-handler-init-container-stderr-0.log","md5":"d41d8cd98f00b204e9800998ecf8427e","size":0,"timeStamp":"2022-02-04T22:26:57.678621338Z"},"tes-input-handler-init-container-stdout-0.log":{"path":"tes-input-handler-init-container-stdout-0.log","md5":"d41d8cd98f00b204e9800998ecf8427e","size":0,"timeStamp":"2022-02-04T22:26:57.738342316Z"},"tes-input-handler-init-container-stdouterr-0.log":{"path":"tes-input-handler-init-container-stdouterr-0.log","md5":"d41d8cd98f00b204e9800998ecf8427e","size":0,"timeStamp":"2022-02-04T22:26:57.716625079Z"}}