{"bsfs-stderr-0.log":{"path":"bsfs-stderr-0.log","md5":"d41d8cd98f00b204e9800998ecf8427e","size":0,"timeStamp":"2022-02-04T22:28:05.71273991Z"},"bsfs-stdout-0.log":{"path":"bsfs-stdout-0.log","md5":"f241b2894387847cd9b81811676b2557","size":1793,"timeStamp":"2022-02-04T22:28:05.746008223Z"},"bsfs-stdouterr-0.log":{"path":"bsfs-stdouterr-0.log","md5":"f241b2894387847cd9b81811676b2557","size":1793,"timeStamp":"2022-02-04T22:28:05.74673674Z"},"dragen-init-stderr-0.log":{"path":"dragen-init-stderr-0.log","md5":"f37957f6cdc32ef638effe4f5bff8a8a","size":161,"timeStamp":"2022-02-04T22:28:05.748910408Z"},"dragen-init-stdout-0.log":{"path":"dragen-init-stdout-0.log","md5":"9244add434130fde47f53cf79b0a61ca","size":322,"timeStamp":"2022-02-04T22:28:05.745869956Z"},"dragen-init-stdouterr-0.log":{"path":"dragen-init-stdouterr-0.log","md5":"e96f11670a7b3c692e250179ffb3f4a3","size":483,"timeStamp":"2022-02-04T22:28:05.745296454Z"},"heartbeat-init-stderr-0.log":{"path":"heartbeat-init-stderr-0.log","md5":"535abc8d6c0d6307bd52c5c06c6d6262","size":16430,"timeStamp":"2022-02-04T22:28:05.763268189Z"},"heartbeat-init-stdout-0.log":{"path":"heartbeat-init-stdout-0.log","md5":"d41d8cd98f00b204e9800998ecf8427e","size":0,"timeStamp":"2022-02-04T22:28:05.74845926Z"},"heartbeat-init-stdouterr-0.log":{"path":"heartbeat-init-stdouterr-0.log","md5":"535abc8d6c0d6307bd52c5c06c6d6262","size":16430,"timeStamp":"2022-02-04T22:28:05.749151094Z"},"heartbeat-stderr-0.log":{"path":"heartbeat-stderr-0.log","md5":"2618a425ec37087b63fdd26ae641c53a","size":676,"timeStamp":"2022-02-04T22:28:05.750353055Z"},"heartbeat-stdout-0.log":{"path":"heartbeat-stdout-0.log","md5":"d41d8cd98f00b204e9800998ecf8427e","size":0,"timeStamp":"2022-02-04T22:28:05.775386767Z"},"heartbeat-stdouterr-0.log":{"path":"heartbeat-stdouterr-0.log","md5":"2618a425ec37087b63fdd26ae641c53a","size":676,"timeStamp":"2022-02-04T22:28:05.779104231Z"},"logging-stderr-0.log":{"path":"logging-stderr-0.log","md5":"339fbd15dedfaf862666bd63bb43b1b4","size":12161,"timeStamp":"2022-02-04T22:28:05.782234333Z"},"logging-stdout-0.log":{"path":"logging-stdout-0.log","md5":"38aba068a5ed417ba90755e25eb44070","size":90,"timeStamp":"2022-02-04T22:28:05.781026887Z"},"logging-stdouterr-0.log":{"path":"logging-stdouterr-0.log","md5":"3b0b1d137858bdd590e1879ade571d7c","size":12251,"timeStamp":"2022-02-04T22:28:05.782046136Z"},"network-init-stderr-0.log":{"path":"network-init-stderr-0.log","md5":"0ecb58e93adb787e2efb5b842d205056","size":49,"timeStamp":"2022-02-04T22:28:05.841303129Z"},"network-init-stdout-0.log":{"path":"network-init-stdout-0.log","md5":"01f800ce283f5d9a0c9fa7b73df0a360","size":21,"timeStamp":"2022-02-04T22:28:05.783879119Z"},"network-init-stdouterr-0.log":{"path":"network-init-stdouterr-0.log","md5":"968ede965c97d9333e3202f84b6215d1","size":70,"timeStamp":"2022-02-04T22:28:05.800168218Z"},"output0-stderr-0.log":{"path":"output0-stderr-0.log","md5":"f88b63bb25c282708e29fe3d67fb3dd3","size":5001,"timeStamp":"2022-02-04T22:28:05.80531516Z"},"output0-stdout-0.log":{"path":"output0-stdout-0.log","md5":"d41d8cd98f00b204e9800998ecf8427e","size":0,"timeStamp":"2022-02-04T22:28:05.7938957Z"},"output0-stdouterr-0.log":{"path":"output0-stdouterr-0.log","md5":"f88b63bb25c282708e29fe3d67fb3dd3","size":5001,"timeStamp":"2022-02-04T22:28:05.807952861Z"},"output1-stderr-0.log":{"path":"output1-stderr-0.log","md5":"279b4a74b9dc197f510f91bd6d80bc3b","size":1577,"timeStamp":"2022-02-04T22:28:05.809855161Z"},"output1-stdout-0.log":{"path":"output1-stdout-0.log","md5":"d41d8cd98f00b204e9800998ecf8427e","size":0,"timeStamp":"2022-02-04T22:28:05.836637279Z"},"output1-stdouterr-0.log":{"path":"output1-stdouterr-0.log","md5":"279b4a74b9dc197f510f91bd6d80bc3b","size":1577,"timeStamp":"2022-02-04T22:28:05.827629296Z"},"permission-init-stderr-0.log":{"path":"permission-init-stderr-0.log","md5":"d41d8cd98f00b204e9800998ecf8427e","size":0,"timeStamp":"2022-02-04T22:28:05.847415201Z"},"permission-init-stdout-0.log":{"path":"permission-init-stdout-0.log","md5":"95de930e0131857a4fe0c64b196e335b","size":2212,"timeStamp":"2022-02-04T22:28:05.820828359Z"},"permission-init-stdouterr-0.log":{"path":"permission-init-stdouterr-0.log","md5":"95de930e0131857a4fe0c64b196e335b","size":2212,"timeStamp":"2022-02-04T22:28:05.8266215Z"},"pod-0.log":{"path":"pod-0.log","md5":"906a3e8aacfd5b6b6604e78b58e65cd7","size":56,"timeStamp":"2022-02-04T22:28:05.838010608Z"},"pod-metrics-0.log":{"path":"pod-metrics-0.log","md5":"4c91d704743bd7ca2b2c895d7040734d","size":23015,"timeStamp":"2022-02-04T22:28:05.837433399Z"},"task-stderr-0.log":{"path":"task-stderr-0.log","md5":"b4d6e997589257cccda0527bbb4a8103","size":83,"timeStamp":"2022-02-04T22:28:05.840818209Z"},"task-stdout-0.log":{"path":"task-stdout-0.log","md5":"eb02c3da2161da036218ed95fe308e80","size":27881,"timeStamp":"2022-02-04T22:28:05.837567759Z"},"task-stdouterr-0.log":{"path":"task-stdouterr-0.log","md5":"3bb93bcdd4b611a1b4faf8fb06f539eb","size":27964,"timeStamp":"2022-02-04T22:28:05.851958168Z"},"tes-input-handler-init-container-stderr-0.log":{"path":"tes-input-handler-init-container-stderr-0.log","md5":"d41d8cd98f00b204e9800998ecf8427e","size":0,"timeStamp":"2022-02-04T22:28:05.892643775Z"},"tes-input-handler-init-container-stdout-0.log":{"path":"tes-input-handler-init-container-stdout-0.log","md5":"d41d8cd98f00b204e9800998ecf8427e","size":0,"timeStamp":"2022-02-04T22:28:05.858935969Z"},"tes-input-handler-init-container-stdouterr-0.log":{"path":"tes-input-handler-init-container-stdouterr-0.log","md5":"d41d8cd98f00b204e9800998ecf8427e","size":0,"timeStamp":"2022-02-04T22:28:05.863620602Z"}}