{"bsfs-stderr-0.log":{"path":"bsfs-stderr-0.log","md5":"d41d8cd98f00b204e9800998ecf8427e","size":0,"timeStamp":"2022-02-04T22:28:16.191038228Z"},"bsfs-stdout-0.log":{"path":"bsfs-stdout-0.log","md5":"f0297a9b5a27614710ed95fe4667fdf4","size":1796,"timeStamp":"2022-02-04T22:28:16.072322277Z"},"bsfs-stdouterr-0.log":{"path":"bsfs-stdouterr-0.log","md5":"f0297a9b5a27614710ed95fe4667fdf4","size":1796,"timeStamp":"2022-02-04T22:28:16.093657428Z"},"dragen-init-stderr-0.log":{"path":"dragen-init-stderr-0.log","md5":"f37957f6cdc32ef638effe4f5bff8a8a","size":161,"timeStamp":"2022-02-04T22:28:16.219531787Z"},"dragen-init-stdout-0.log":{"path":"dragen-init-stdout-0.log","md5":"0a1761ce485370cf56d36fd90f6a9e22","size":321,"timeStamp":"2022-02-04T22:28:16.077516337Z"},"dragen-init-stdouterr-0.log":{"path":"dragen-init-stdouterr-0.log","md5":"34c3b66c2a3e91837ac8cb18e7f0ef9c","size":482,"timeStamp":"2022-02-04T22:28:16.070451558Z"},"heartbeat-init-stderr-0.log":{"path":"heartbeat-init-stderr-0.log","md5":"2d8647c2b8c4c1d449188af28fee07dd","size":16430,"timeStamp":"2022-02-04T22:28:16.121335354Z"},"heartbeat-init-stdout-0.log":{"path":"heartbeat-init-stdout-0.log","md5":"d41d8cd98f00b204e9800998ecf8427e","size":0,"timeStamp":"2022-02-04T22:28:16.123296721Z"},"heartbeat-init-stdouterr-0.log":{"path":"heartbeat-init-stdouterr-0.log","md5":"2d8647c2b8c4c1d449188af28fee07dd","size":16430,"timeStamp":"2022-02-04T22:28:16.100677859Z"},"heartbeat-stderr-0.log":{"path":"heartbeat-stderr-0.log","md5":"dc4262931cda158deaf6f90680c46d4e","size":675,"timeStamp":"2022-02-04T22:28:16.092002606Z"},"heartbeat-stdout-0.log":{"path":"heartbeat-stdout-0.log","md5":"d41d8cd98f00b204e9800998ecf8427e","size":0,"timeStamp":"2022-02-04T22:28:16.095826895Z"},"heartbeat-stdouterr-0.log":{"path":"heartbeat-stdouterr-0.log","md5":"dc4262931cda158deaf6f90680c46d4e","size":675,"timeStamp":"2022-02-04T22:28:16.125975458Z"},"logging-stderr-0.log":{"path":"logging-stderr-0.log","md5":"724f50eed704be2fb997eb486000c7e6","size":12159,"timeStamp":"2022-02-04T22:28:16.145976801Z"},"logging-stdout-0.log":{"path":"logging-stdout-0.log","md5":"38aba068a5ed417ba90755e25eb44070","size":90,"timeStamp":"2022-02-04T22:28:16.117854931Z"},"logging-stdouterr-0.log":{"path":"logging-stdouterr-0.log","md5":"6b6a40bbb107f6d326e575533f89d077","size":12249,"timeStamp":"2022-02-04T22:28:16.138417622Z"},"network-init-stderr-0.log":{"path":"network-init-stderr-0.log","md5":"d41d8cd98f00b204e9800998ecf8427e","size":0,"timeStamp":"2022-02-04T22:28:16.127443028Z"},"network-init-stdout-0.log":{"path":"network-init-stdout-0.log","md5":"d41d8cd98f00b204e9800998ecf8427e","size":0,"timeStamp":"2022-02-04T22:28:16.130083533Z"},"network-init-stdouterr-0.log":{"path":"network-init-stdouterr-0.log","md5":"d41d8cd98f00b204e9800998ecf8427e","size":0,"timeStamp":"2022-02-04T22:28:16.149971034Z"},"output0-stderr-0.log":{"path":"output0-stderr-0.log","md5":"985a2a2a9b6ec06815b3284464a44d38","size":5003,"timeStamp":"2022-02-04T22:28:16.149934338Z"},"output0-stdout-0.log":{"path":"output0-stdout-0.log","md5":"d41d8cd98f00b204e9800998ecf8427e","size":0,"timeStamp":"2022-02-04T22:28:16.151449584Z"},"output0-stdouterr-0.log":{"path":"output0-stdouterr-0.log","md5":"985a2a2a9b6ec06815b3284464a44d38","size":5003,"timeStamp":"2022-02-04T22:28:16.153671653Z"},"output1-stderr-0.log":{"path":"output1-stderr-0.log","md5":"086feae4b6a5253a2816a443ac77732f","size":1577,"timeStamp":"2022-02-04T22:28:16.15299005Z"},"output1-stdout-0.log":{"path":"output1-stdout-0.log","md5":"d41d8cd98f00b204e9800998ecf8427e","size":0,"timeStamp":"2022-02-04T22:28:16.161468711Z"},"output1-stdouterr-0.log":{"path":"output1-stdouterr-0.log","md5":"086feae4b6a5253a2816a443ac77732f","size":1577,"timeStamp":"2022-02-04T22:28:16.165049689Z"},"permission-init-stderr-0.log":{"path":"permission-init-stderr-0.log","md5":"d41d8cd98f00b204e9800998ecf8427e","size":0,"timeStamp":"2022-02-04T22:28:16.174385485Z"},"permission-init-stdout-0.log":{"path":"permission-init-stdout-0.log","md5":"179c5cd5d6e4bb6599176bc68e8237c6","size":2212,"timeStamp":"2022-02-04T22:28:16.197051809Z"},"permission-init-stdouterr-0.log":{"path":"permission-init-stdouterr-0.log","md5":"179c5cd5d6e4bb6599176bc68e8237c6","size":2212,"timeStamp":"2022-02-04T22:28:16.178373479Z"},"pod-0.log":{"path":"pod-0.log","md5":"2673bc0e673f7ffd1ce89a248a4fcd0d","size":56,"timeStamp":"2022-02-04T22:28:16.180900533Z"},"pod-metrics-0.log":{"path":"pod-metrics-0.log","md5":"90e2d7d5d9522a77f3e182ecd8cb6beb","size":22893,"timeStamp":"2022-02-04T22:28:16.188558241Z"},"task-stderr-0.log":{"path":"task-stderr-0.log","md5":"b4d6e997589257cccda0527bbb4a8103","size":83,"timeStamp":"2022-02-04T22:28:16.184937744Z"},"task-stdout-0.log":{"path":"task-stdout-0.log","md5":"18e71dff61f38ae3fc22d22f5edd67cd","size":27883,"timeStamp":"2022-02-04T22:28:16.189700651Z"},"task-stdouterr-0.log":{"path":"task-stdouterr-0.log","md5":"0ab2912a4ba4c64902a43927019983c5","size":27966,"timeStamp":"2022-02-04T22:28:16.198350996Z"},"tes-input-handler-init-container-stderr-0.log":{"path":"tes-input-handler-init-container-stderr-0.log","md5":"d41d8cd98f00b204e9800998ecf8427e","size":0,"timeStamp":"2022-02-04T22:28:16.200195304Z"},"tes-input-handler-init-container-stdout-0.log":{"path":"tes-input-handler-init-container-stdout-0.log","md5":"d41d8cd98f00b204e9800998ecf8427e","size":0,"timeStamp":"2022-02-04T22:28:16.208732393Z"},"tes-input-handler-init-container-stdouterr-0.log":{"path":"tes-input-handler-init-container-stdouterr-0.log","md5":"d41d8cd98f00b204e9800998ecf8427e","size":0,"timeStamp":"2022-02-04T22:28:16.208310193Z"}}