{"bsfs-stderr-0.log":{"path":"bsfs-stderr-0.log","md5":"d41d8cd98f00b204e9800998ecf8427e","size":0,"timeStamp":"2022-02-04T22:27:27.161017258Z"},"bsfs-stdout-0.log":{"path":"bsfs-stdout-0.log","md5":"276c8b899c321acc711d95db7d07184f","size":1796,"timeStamp":"2022-02-04T22:27:26.959112008Z"},"bsfs-stdouterr-0.log":{"path":"bsfs-stdouterr-0.log","md5":"276c8b899c321acc711d95db7d07184f","size":1796,"timeStamp":"2022-02-04T22:27:26.903972462Z"},"dragen-init-stderr-0.log":{"path":"dragen-init-stderr-0.log","md5":"f37957f6cdc32ef638effe4f5bff8a8a","size":161,"timeStamp":"2022-02-04T22:27:26.992738095Z"},"dragen-init-stdout-0.log":{"path":"dragen-init-stdout-0.log","md5":"9244add434130fde47f53cf79b0a61ca","size":322,"timeStamp":"2022-02-04T22:27:26.910111378Z"},"dragen-init-stdouterr-0.log":{"path":"dragen-init-stdouterr-0.log","md5":"b7620093079036ad680bfe6099c4eb6f","size":483,"timeStamp":"2022-02-04T22:27:26.947483889Z"},"heartbeat-init-stderr-0.log":{"path":"heartbeat-init-stderr-0.log","md5":"4a4b66b4cbdf48fb5988c1e8503cdbf9","size":16430,"timeStamp":"2022-02-04T22:27:26.961885494Z"},"heartbeat-init-stdout-0.log":{"path":"heartbeat-init-stdout-0.log","md5":"d41d8cd98f00b204e9800998ecf8427e","size":0,"timeStamp":"2022-02-04T22:27:26.958782248Z"},"heartbeat-init-stdouterr-0.log":{"path":"heartbeat-init-stdouterr-0.log","md5":"4a4b66b4cbdf48fb5988c1e8503cdbf9","size":16430,"timeStamp":"2022-02-04T22:27:26.936156832Z"},"heartbeat-stderr-0.log":{"path":"heartbeat-stderr-0.log","md5":"4fd5fa9d49fc28a7666bc9f21d12f987","size":677,"timeStamp":"2022-02-04T22:27:26.951903532Z"},"heartbeat-stdout-0.log":{"path":"heartbeat-stdout-0.log","md5":"d41d8cd98f00b204e9800998ecf8427e","size":0,"timeStamp":"2022-02-04T22:27:26.940940188Z"},"heartbeat-stdouterr-0.log":{"path":"heartbeat-stdouterr-0.log","md5":"4fd5fa9d49fc28a7666bc9f21d12f987","size":677,"timeStamp":"2022-02-04T22:27:26.939605423Z"},"logging-stderr-0.log":{"path":"logging-stderr-0.log","md5":"39ce3e288fe32b2450ec0583899a43c2","size":12158,"timeStamp":"2022-02-04T22:27:27.00832074Z"},"logging-stdout-0.log":{"path":"logging-stdout-0.log","md5":"38aba068a5ed417ba90755e25eb44070","size":90,"timeStamp":"2022-02-04T22:27:26.971809527Z"},"logging-stdouterr-0.log":{"path":"logging-stdouterr-0.log","md5":"d3397f5e589d15da11cb963809c28c41","size":12248,"timeStamp":"2022-02-04T22:27:26.970648752Z"},"network-init-stderr-0.log":{"path":"network-init-stderr-0.log","md5":"d41d8cd98f00b204e9800998ecf8427e","size":0,"timeStamp":"2022-02-04T22:27:26.998050699Z"},"network-init-stdout-0.log":{"path":"network-init-stdout-0.log","md5":"d41d8cd98f00b204e9800998ecf8427e","size":0,"timeStamp":"2022-02-04T22:27:26.975836507Z"},"network-init-stdouterr-0.log":{"path":"network-init-stdouterr-0.log","md5":"d41d8cd98f00b204e9800998ecf8427e","size":0,"timeStamp":"2022-02-04T22:27:26.987977151Z"},"output0-stderr-0.log":{"path":"output0-stderr-0.log","md5":"1ff8e12ce841bfed02dbbef1e8726ab2","size":5005,"timeStamp":"2022-02-04T22:27:26.986477223Z"},"output0-stdout-0.log":{"path":"output0-stdout-0.log","md5":"d41d8cd98f00b204e9800998ecf8427e","size":0,"timeStamp":"2022-02-04T22:27:26.989885334Z"},"output0-stdouterr-0.log":{"path":"output0-stdouterr-0.log","md5":"1ff8e12ce841bfed02dbbef1e8726ab2","size":5005,"timeStamp":"2022-02-04T22:27:27.054031705Z"},"output1-stderr-0.log":{"path":"output1-stderr-0.log","md5":"222248ba184f51d8d1f2c3c8517795b1","size":1576,"timeStamp":"2022-02-04T22:27:27.011898268Z"},"output1-stdout-0.log":{"path":"output1-stdout-0.log","md5":"d41d8cd98f00b204e9800998ecf8427e","size":0,"timeStamp":"2022-02-04T22:27:27.002963842Z"},"output1-stdouterr-0.log":{"path":"output1-stdouterr-0.log","md5":"222248ba184f51d8d1f2c3c8517795b1","size":1576,"timeStamp":"2022-02-04T22:27:27.020060083Z"},"permission-init-stderr-0.log":{"path":"permission-init-stderr-0.log","md5":"d41d8cd98f00b204e9800998ecf8427e","size":0,"timeStamp":"2022-02-04T22:27:27.017833109Z"},"permission-init-stdout-0.log":{"path":"permission-init-stdout-0.log","md5":"82d798adc223df6293973db2f488e7ce","size":2212,"timeStamp":"2022-02-04T22:27:27.017080632Z"},"permission-init-stdouterr-0.log":{"path":"permission-init-stdouterr-0.log","md5":"82d798adc223df6293973db2f488e7ce","size":2212,"timeStamp":"2022-02-04T22:27:27.041288817Z"},"pod-0.log":{"path":"pod-0.log","md5":"2b9cda8c1bc6c36228ebe63a6d1af7a2","size":56,"timeStamp":"2022-02-04T22:27:27.025005083Z"},"pod-metrics-0.log":{"path":"pod-metrics-0.log","md5":"a84507d3369b3cdc7413ecde2e77ae3d","size":22884,"timeStamp":"2022-02-04T22:27:27.032109725Z"},"task-stderr-0.log":{"path":"task-stderr-0.log","md5":"b4d6e997589257cccda0527bbb4a8103","size":83,"timeStamp":"2022-02-04T22:27:27.037639407Z"},"task-stdout-0.log":{"path":"task-stdout-0.log","md5":"3a062e579bb341330fdba762aeb3d321","size":27883,"timeStamp":"2022-02-04T22:27:27.040119608Z"},"task-stdouterr-0.log":{"path":"task-stdouterr-0.log","md5":"733f234d7d08aaf87b3e49cefa6965d1","size":27966,"timeStamp":"2022-02-04T22:27:27.044597196Z"},"tes-input-handler-init-container-stderr-0.log":{"path":"tes-input-handler-init-container-stderr-0.log","md5":"d41d8cd98f00b204e9800998ecf8427e","size":0,"timeStamp":"2022-02-04T22:27:27.045197838Z"},"tes-input-handler-init-container-stdout-0.log":{"path":"tes-input-handler-init-container-stdout-0.log","md5":"d41d8cd98f00b204e9800998ecf8427e","size":0,"timeStamp":"2022-02-04T22:27:27.045079507Z"},"tes-input-handler-init-container-stdouterr-0.log":{"path":"tes-input-handler-init-container-stdouterr-0.log","md5":"d41d8cd98f00b204e9800998ecf8427e","size":0,"timeStamp":"2022-02-04T22:27:27.051920451Z"}}