{"bsfs-stderr-0.log":{"path":"bsfs-stderr-0.log","md5":"d41d8cd98f00b204e9800998ecf8427e","size":0,"timeStamp":"2022-02-04T22:27:36.750553068Z"},"bsfs-stdout-0.log":{"path":"bsfs-stdout-0.log","md5":"5f160555169237d17582f418ae788d3c","size":1795,"timeStamp":"2022-02-04T22:27:36.753296755Z"},"bsfs-stdouterr-0.log":{"path":"bsfs-stdouterr-0.log","md5":"5f160555169237d17582f418ae788d3c","size":1795,"timeStamp":"2022-02-04T22:27:36.74638522Z"},"dragen-init-stderr-0.log":{"path":"dragen-init-stderr-0.log","md5":"f37957f6cdc32ef638effe4f5bff8a8a","size":161,"timeStamp":"2022-02-04T22:27:36.760141162Z"},"dragen-init-stdout-0.log":{"path":"dragen-init-stdout-0.log","md5":"0a1761ce485370cf56d36fd90f6a9e22","size":321,"timeStamp":"2022-02-04T22:27:36.814829463Z"},"dragen-init-stdouterr-0.log":{"path":"dragen-init-stdouterr-0.log","md5":"846284e38f7e42def959ba7e772647f4","size":482,"timeStamp":"2022-02-04T22:27:36.747460803Z"},"heartbeat-init-stderr-0.log":{"path":"heartbeat-init-stderr-0.log","md5":"fa64f82fb5dbd30e44280b3fe3e87e2c","size":16430,"timeStamp":"2022-02-04T22:27:36.752343288Z"},"heartbeat-init-stdout-0.log":{"path":"heartbeat-init-stdout-0.log","md5":"d41d8cd98f00b204e9800998ecf8427e","size":0,"timeStamp":"2022-02-04T22:27:36.754028918Z"},"heartbeat-init-stdouterr-0.log":{"path":"heartbeat-init-stdouterr-0.log","md5":"fa64f82fb5dbd30e44280b3fe3e87e2c","size":16430,"timeStamp":"2022-02-04T22:27:36.742855878Z"},"heartbeat-stderr-0.log":{"path":"heartbeat-stderr-0.log","md5":"893982a44d5844e9c2a10f7ddc6a8627","size":678,"timeStamp":"2022-02-04T22:27:36.744907668Z"},"heartbeat-stdout-0.log":{"path":"heartbeat-stdout-0.log","md5":"d41d8cd98f00b204e9800998ecf8427e","size":0,"timeStamp":"2022-02-04T22:27:36.785948042Z"},"heartbeat-stdouterr-0.log":{"path":"heartbeat-stdouterr-0.log","md5":"893982a44d5844e9c2a10f7ddc6a8627","size":678,"timeStamp":"2022-02-04T22:27:36.789545434Z"},"logging-stderr-0.log":{"path":"logging-stderr-0.log","md5":"3d80623796417102acaf1c3fc79a7af1","size":12158,"timeStamp":"2022-02-04T22:27:36.790387896Z"},"logging-stdout-0.log":{"path":"logging-stdout-0.log","md5":"38aba068a5ed417ba90755e25eb44070","size":90,"timeStamp":"2022-02-04T22:27:36.789619266Z"},"logging-stdouterr-0.log":{"path":"logging-stdouterr-0.log","md5":"35b815b46eb84f91a0866a290bb54476","size":12248,"timeStamp":"2022-02-04T22:27:36.789798744Z"},"network-init-stderr-0.log":{"path":"network-init-stderr-0.log","md5":"d41d8cd98f00b204e9800998ecf8427e","size":0,"timeStamp":"2022-02-04T22:27:36.780604992Z"},"network-init-stdout-0.log":{"path":"network-init-stdout-0.log","md5":"d41d8cd98f00b204e9800998ecf8427e","size":0,"timeStamp":"2022-02-04T22:27:36.833314995Z"},"network-init-stdouterr-0.log":{"path":"network-init-stdouterr-0.log","md5":"d41d8cd98f00b204e9800998ecf8427e","size":0,"timeStamp":"2022-02-04T22:27:36.78543894Z"},"output0-stderr-0.log":{"path":"output0-stderr-0.log","md5":"981822b0fa3b540449bf33d75a80f868","size":5001,"timeStamp":"2022-02-04T22:27:36.83334048Z"},"output0-stdout-0.log":{"path":"output0-stdout-0.log","md5":"d41d8cd98f00b204e9800998ecf8427e","size":0,"timeStamp":"2022-02-04T22:27:36.808197325Z"},"output0-stdouterr-0.log":{"path":"output0-stdouterr-0.log","md5":"981822b0fa3b540449bf33d75a80f868","size":5001,"timeStamp":"2022-02-04T22:27:36.817597897Z"},"output1-stderr-0.log":{"path":"output1-stderr-0.log","md5":"0f80f6ca4a9ad538934eca328d2ce859","size":1576,"timeStamp":"2022-02-04T22:27:36.820485763Z"},"output1-stdout-0.log":{"path":"output1-stdout-0.log","md5":"d41d8cd98f00b204e9800998ecf8427e","size":0,"timeStamp":"2022-02-04T22:27:36.829908665Z"},"output1-stdouterr-0.log":{"path":"output1-stdouterr-0.log","md5":"0f80f6ca4a9ad538934eca328d2ce859","size":1576,"timeStamp":"2022-02-04T22:27:36.822066906Z"},"permission-init-stderr-0.log":{"path":"permission-init-stderr-0.log","md5":"d41d8cd98f00b204e9800998ecf8427e","size":0,"timeStamp":"2022-02-04T22:27:36.899103627Z"},"permission-init-stdout-0.log":{"path":"permission-init-stdout-0.log","md5":"50f3dc1deb04a92d513582415b77d185","size":2212,"timeStamp":"2022-02-04T22:27:36.837429029Z"},"permission-init-stdouterr-0.log":{"path":"permission-init-stdouterr-0.log","md5":"50f3dc1deb04a92d513582415b77d185","size":2212,"timeStamp":"2022-02-04T22:27:36.851682818Z"},"pod-0.log":{"path":"pod-0.log","md5":"8a43bc9e135e58eacf4418cbca56bad7","size":56,"timeStamp":"2022-02-04T22:27:36.850427571Z"},"pod-metrics-0.log":{"path":"pod-metrics-0.log","md5":"41e92a44c70c223a393c5c4474b89ce0","size":22780,"timeStamp":"2022-02-04T22:27:36.8519914Z"},"task-stderr-0.log":{"path":"task-stderr-0.log","md5":"b4d6e997589257cccda0527bbb4a8103","size":83,"timeStamp":"2022-02-04T22:27:36.853085983Z"},"task-stdout-0.log":{"path":"task-stdout-0.log","md5":"470b7d5838bea7bb8b61a4ebb311267c","size":27883,"timeStamp":"2022-02-04T22:27:36.886052595Z"},"task-stdouterr-0.log":{"path":"task-stdouterr-0.log","md5":"84b6f3a1615bd3789789847b209d35c3","size":27966,"timeStamp":"2022-02-04T22:27:36.89703039Z"},"tes-input-handler-init-container-stderr-0.log":{"path":"tes-input-handler-init-container-stderr-0.log","md5":"d41d8cd98f00b204e9800998ecf8427e","size":0,"timeStamp":"2022-02-04T22:27:36.859817232Z"},"tes-input-handler-init-container-stdout-0.log":{"path":"tes-input-handler-init-container-stdout-0.log","md5":"d41d8cd98f00b204e9800998ecf8427e","size":0,"timeStamp":"2022-02-04T22:27:36.8617494Z"},"tes-input-handler-init-container-stdouterr-0.log":{"path":"tes-input-handler-init-container-stdouterr-0.log","md5":"d41d8cd98f00b204e9800998ecf8427e","size":0,"timeStamp":"2022-02-04T22:27:36.866520056Z"}}