{"bsfs-stderr-0.log":{"path":"bsfs-stderr-0.log","md5":"d41d8cd98f00b204e9800998ecf8427e","size":0,"timeStamp":"2022-02-04T22:27:37.731281018Z"},"bsfs-stdout-0.log":{"path":"bsfs-stdout-0.log","md5":"294b26fb6b5c57ca2c0b28596f2f19f7","size":1795,"timeStamp":"2022-02-04T22:27:37.808541293Z"},"bsfs-stdouterr-0.log":{"path":"bsfs-stdouterr-0.log","md5":"294b26fb6b5c57ca2c0b28596f2f19f7","size":1795,"timeStamp":"2022-02-04T22:27:37.731845164Z"},"dragen-init-stderr-0.log":{"path":"dragen-init-stderr-0.log","md5":"f37957f6cdc32ef638effe4f5bff8a8a","size":161,"timeStamp":"2022-02-04T22:27:37.721775361Z"},"dragen-init-stdout-0.log":{"path":"dragen-init-stdout-0.log","md5":"9244add434130fde47f53cf79b0a61ca","size":322,"timeStamp":"2022-02-04T22:27:37.727691466Z"},"dragen-init-stdouterr-0.log":{"path":"dragen-init-stdouterr-0.log","md5":"e96f11670a7b3c692e250179ffb3f4a3","size":483,"timeStamp":"2022-02-04T22:27:37.757298333Z"},"heartbeat-init-stderr-0.log":{"path":"heartbeat-init-stderr-0.log","md5":"e115d9637adb69083e3cf9f34e8d709e","size":16430,"timeStamp":"2022-02-04T22:27:37.719867972Z"},"heartbeat-init-stdout-0.log":{"path":"heartbeat-init-stdout-0.log","md5":"d41d8cd98f00b204e9800998ecf8427e","size":0,"timeStamp":"2022-02-04T22:27:37.720701522Z"},"heartbeat-init-stdouterr-0.log":{"path":"heartbeat-init-stdouterr-0.log","md5":"e115d9637adb69083e3cf9f34e8d709e","size":16430,"timeStamp":"2022-02-04T22:27:37.735128704Z"},"heartbeat-stderr-0.log":{"path":"heartbeat-stderr-0.log","md5":"99b0655c7de5e8cdb1a13cc2b4c20393","size":678,"timeStamp":"2022-02-04T22:27:37.710047145Z"},"heartbeat-stdout-0.log":{"path":"heartbeat-stdout-0.log","md5":"d41d8cd98f00b204e9800998ecf8427e","size":0,"timeStamp":"2022-02-04T22:27:37.732553564Z"},"heartbeat-stdouterr-0.log":{"path":"heartbeat-stdouterr-0.log","md5":"99b0655c7de5e8cdb1a13cc2b4c20393","size":678,"timeStamp":"2022-02-04T22:27:37.753371432Z"},"logging-stderr-0.log":{"path":"logging-stderr-0.log","md5":"2087e175cbf876fed27e1934d8170b22","size":12161,"timeStamp":"2022-02-04T22:27:37.746074047Z"},"logging-stdout-0.log":{"path":"logging-stdout-0.log","md5":"38aba068a5ed417ba90755e25eb44070","size":90,"timeStamp":"2022-02-04T22:27:37.752689708Z"},"logging-stdouterr-0.log":{"path":"logging-stdouterr-0.log","md5":"748cb59d285a20fe2a65358d79e853e6","size":12251,"timeStamp":"2022-02-04T22:27:37.757321735Z"},"network-init-stderr-0.log":{"path":"network-init-stderr-0.log","md5":"0ecb58e93adb787e2efb5b842d205056","size":49,"timeStamp":"2022-02-04T22:27:37.782551088Z"},"network-init-stdout-0.log":{"path":"network-init-stdout-0.log","md5":"01f800ce283f5d9a0c9fa7b73df0a360","size":21,"timeStamp":"2022-02-04T22:27:37.758918622Z"},"network-init-stdouterr-0.log":{"path":"network-init-stdouterr-0.log","md5":"968ede965c97d9333e3202f84b6215d1","size":70,"timeStamp":"2022-02-04T22:27:37.759364788Z"},"output0-stderr-0.log":{"path":"output0-stderr-0.log","md5":"8ff858849a2e0e349146201e16926738","size":499,"timeStamp":"2022-02-04T22:27:37.769908405Z"},"output0-stdout-0.log":{"path":"output0-stdout-0.log","md5":"d41d8cd98f00b204e9800998ecf8427e","size":0,"timeStamp":"2022-02-04T22:27:37.770523598Z"},"output0-stdouterr-0.log":{"path":"output0-stdouterr-0.log","md5":"8ff858849a2e0e349146201e16926738","size":499,"timeStamp":"2022-02-04T22:27:37.782198227Z"},"output1-stderr-0.log":{"path":"output1-stderr-0.log","md5":"bc37bc1795e37ef4c2aaff154728f118","size":519,"timeStamp":"2022-02-04T22:27:37.7822918Z"},"output1-stdout-0.log":{"path":"output1-stdout-0.log","md5":"d41d8cd98f00b204e9800998ecf8427e","size":0,"timeStamp":"2022-02-04T22:27:37.784792794Z"},"output1-stdouterr-0.log":{"path":"output1-stdouterr-0.log","md5":"bc37bc1795e37ef4c2aaff154728f118","size":519,"timeStamp":"2022-02-04T22:27:37.784076295Z"},"permission-init-stderr-0.log":{"path":"permission-init-stderr-0.log","md5":"d41d8cd98f00b204e9800998ecf8427e","size":0,"timeStamp":"2022-02-04T22:27:37.787777739Z"},"permission-init-stdout-0.log":{"path":"permission-init-stdout-0.log","md5":"660abf8d69b27b96bb56253ff9ee6f45","size":2212,"timeStamp":"2022-02-04T22:27:37.796344812Z"},"permission-init-stdouterr-0.log":{"path":"permission-init-stdouterr-0.log","md5":"660abf8d69b27b96bb56253ff9ee6f45","size":2212,"timeStamp":"2022-02-04T22:27:37.797463452Z"},"pod-0.log":{"path":"pod-0.log","md5":"5236c0e2a70cc0b088a038278419ee18","size":56,"timeStamp":"2022-02-04T22:27:37.833143977Z"},"pod-metrics-0.log":{"path":"pod-metrics-0.log","md5":"86525c3bd0658997d94d72ad8801cb7d","size":22796,"timeStamp":"2022-02-04T22:27:37.821943466Z"},"task-stderr-0.log":{"path":"task-stderr-0.log","md5":"b4d6e997589257cccda0527bbb4a8103","size":83,"timeStamp":"2022-02-04T22:27:37.819095321Z"},"task-stdout-0.log":{"path":"task-stdout-0.log","md5":"6d6cf9df5e0ad5ef35fcccf4683ff9ed","size":27883,"timeStamp":"2022-02-04T22:27:37.854724335Z"},"task-stdouterr-0.log":{"path":"task-stdouterr-0.log","md5":"d51db25bb2c3882a262e272dc02266eb","size":27966,"timeStamp":"2022-02-04T22:27:37.861304756Z"},"tes-input-handler-init-container-stderr-0.log":{"path":"tes-input-handler-init-container-stderr-0.log","md5":"d41d8cd98f00b204e9800998ecf8427e","size":0,"timeStamp":"2022-02-04T22:27:37.863379049Z"},"tes-input-handler-init-container-stdout-0.log":{"path":"tes-input-handler-init-container-stdout-0.log","md5":"d41d8cd98f00b204e9800998ecf8427e","size":0,"timeStamp":"2022-02-04T22:27:37.826151719Z"},"tes-input-handler-init-container-stdouterr-0.log":{"path":"tes-input-handler-init-container-stdouterr-0.log","md5":"d41d8cd98f00b204e9800998ecf8427e","size":0,"timeStamp":"2022-02-04T22:27:37.844257656Z"}}