{"bsfs-stderr-0.log":{"path":"bsfs-stderr-0.log","md5":"d41d8cd98f00b204e9800998ecf8427e","size":0,"timeStamp":"2022-02-04T22:28:37.09925981Z"},"bsfs-stdout-0.log":{"path":"bsfs-stdout-0.log","md5":"ebd65f0bd1e3d41394666dc293dac685","size":1794,"timeStamp":"2022-02-04T22:28:37.102396866Z"},"bsfs-stdouterr-0.log":{"path":"bsfs-stdouterr-0.log","md5":"ebd65f0bd1e3d41394666dc293dac685","size":1794,"timeStamp":"2022-02-04T22:28:37.10706019Z"},"dragen-init-stderr-0.log":{"path":"dragen-init-stderr-0.log","md5":"f37957f6cdc32ef638effe4f5bff8a8a","size":161,"timeStamp":"2022-02-04T22:28:37.099318628Z"},"dragen-init-stdout-0.log":{"path":"dragen-init-stdout-0.log","md5":"9244add434130fde47f53cf79b0a61ca","size":322,"timeStamp":"2022-02-04T22:28:37.126569416Z"},"dragen-init-stdouterr-0.log":{"path":"dragen-init-stdouterr-0.log","md5":"0768d9ce4d8f6ced1834cd7bf53966c3","size":483,"timeStamp":"2022-02-04T22:28:37.110733929Z"},"heartbeat-init-stderr-0.log":{"path":"heartbeat-init-stderr-0.log","md5":"dd65513a1e73d393ca3cc4d2c6ed8db4","size":16430,"timeStamp":"2022-02-04T22:28:37.099728307Z"},"heartbeat-init-stdout-0.log":{"path":"heartbeat-init-stdout-0.log","md5":"d41d8cd98f00b204e9800998ecf8427e","size":0,"timeStamp":"2022-02-04T22:28:37.102442971Z"},"heartbeat-init-stdouterr-0.log":{"path":"heartbeat-init-stdouterr-0.log","md5":"dd65513a1e73d393ca3cc4d2c6ed8db4","size":16430,"timeStamp":"2022-02-04T22:28:37.102522973Z"},"heartbeat-stderr-0.log":{"path":"heartbeat-stderr-0.log","md5":"c883b0da9ddbe2d81d36034540968e5c","size":677,"timeStamp":"2022-02-04T22:28:37.108468601Z"},"heartbeat-stdout-0.log":{"path":"heartbeat-stdout-0.log","md5":"d41d8cd98f00b204e9800998ecf8427e","size":0,"timeStamp":"2022-02-04T22:28:37.12507809Z"},"heartbeat-stdouterr-0.log":{"path":"heartbeat-stdouterr-0.log","md5":"c883b0da9ddbe2d81d36034540968e5c","size":677,"timeStamp":"2022-02-04T22:28:37.138292158Z"},"logging-stderr-0.log":{"path":"logging-stderr-0.log","md5":"fb2c03397616286858fd7ab4422e8195","size":12159,"timeStamp":"2022-02-04T22:28:37.158433542Z"},"logging-stdout-0.log":{"path":"logging-stdout-0.log","md5":"38aba068a5ed417ba90755e25eb44070","size":90,"timeStamp":"2022-02-04T22:28:37.138392644Z"},"logging-stdouterr-0.log":{"path":"logging-stdouterr-0.log","md5":"071f8bd7b4f00be5bf0d8ee3cad91f4a","size":12249,"timeStamp":"2022-02-04T22:28:37.198661502Z"},"network-init-stderr-0.log":{"path":"network-init-stderr-0.log","md5":"d41d8cd98f00b204e9800998ecf8427e","size":0,"timeStamp":"2022-02-04T22:28:37.138629189Z"},"network-init-stdout-0.log":{"path":"network-init-stdout-0.log","md5":"d41d8cd98f00b204e9800998ecf8427e","size":0,"timeStamp":"2022-02-04T22:28:37.228601143Z"},"network-init-stdouterr-0.log":{"path":"network-init-stdouterr-0.log","md5":"d41d8cd98f00b204e9800998ecf8427e","size":0,"timeStamp":"2022-02-04T22:28:37.217843322Z"},"output0-stderr-0.log":{"path":"output0-stderr-0.log","md5":"ed6ed653dc317f5040aab100c6920ae7","size":5002,"timeStamp":"2022-02-04T22:28:37.140905168Z"},"output0-stdout-0.log":{"path":"output0-stdout-0.log","md5":"d41d8cd98f00b204e9800998ecf8427e","size":0,"timeStamp":"2022-02-04T22:28:37.203993965Z"},"output0-stdouterr-0.log":{"path":"output0-stdouterr-0.log","md5":"ed6ed653dc317f5040aab100c6920ae7","size":5002,"timeStamp":"2022-02-04T22:28:37.17221355Z"},"output1-stderr-0.log":{"path":"output1-stderr-0.log","md5":"14f175b225280adf74c9409a6f40f00d","size":1576,"timeStamp":"2022-02-04T22:28:37.166342143Z"},"output1-stdout-0.log":{"path":"output1-stdout-0.log","md5":"d41d8cd98f00b204e9800998ecf8427e","size":0,"timeStamp":"2022-02-04T22:28:37.211627141Z"},"output1-stdouterr-0.log":{"path":"output1-stdouterr-0.log","md5":"14f175b225280adf74c9409a6f40f00d","size":1576,"timeStamp":"2022-02-04T22:28:37.181794915Z"},"permission-init-stderr-0.log":{"path":"permission-init-stderr-0.log","md5":"d41d8cd98f00b204e9800998ecf8427e","size":0,"timeStamp":"2022-02-04T22:28:37.18371105Z"},"permission-init-stdout-0.log":{"path":"permission-init-stdout-0.log","md5":"bc1df6043448cb1a3aa44b289ac1dbbf","size":2212,"timeStamp":"2022-02-04T22:28:37.187135703Z"},"permission-init-stdouterr-0.log":{"path":"permission-init-stdouterr-0.log","md5":"bc1df6043448cb1a3aa44b289ac1dbbf","size":2212,"timeStamp":"2022-02-04T22:28:37.192181099Z"},"pod-0.log":{"path":"pod-0.log","md5":"5b319e8f649e1e1013f3d1018454c31b","size":56,"timeStamp":"2022-02-04T22:28:37.198820276Z"},"pod-metrics-0.log":{"path":"pod-metrics-0.log","md5":"0add351d24b17141cbb5b48bc41cbc0d","size":22785,"timeStamp":"2022-02-04T22:28:37.256734562Z"},"task-stderr-0.log":{"path":"task-stderr-0.log","md5":"b4d6e997589257cccda0527bbb4a8103","size":83,"timeStamp":"2022-02-04T22:28:37.211548681Z"},"task-stdout-0.log":{"path":"task-stdout-0.log","md5":"1b2befbe3ea185b5964d6afabe3ede96","size":27735,"timeStamp":"2022-02-04T22:28:37.21808769Z"},"task-stdouterr-0.log":{"path":"task-stdouterr-0.log","md5":"745fc64defffd1972803f9d0149c7aa5","size":27818,"timeStamp":"2022-02-04T22:28:37.2260614Z"},"tes-input-handler-init-container-stderr-0.log":{"path":"tes-input-handler-init-container-stderr-0.log","md5":"d41d8cd98f00b204e9800998ecf8427e","size":0,"timeStamp":"2022-02-04T22:28:37.22482764Z"},"tes-input-handler-init-container-stdout-0.log":{"path":"tes-input-handler-init-container-stdout-0.log","md5":"d41d8cd98f00b204e9800998ecf8427e","size":0,"timeStamp":"2022-02-04T22:28:37.277081121Z"},"tes-input-handler-init-container-stdouterr-0.log":{"path":"tes-input-handler-init-container-stdouterr-0.log","md5":"d41d8cd98f00b204e9800998ecf8427e","size":0,"timeStamp":"2022-02-04T22:28:37.229374076Z"}}