{"bsfs-stderr-0.log":{"path":"bsfs-stderr-0.log","md5":"d41d8cd98f00b204e9800998ecf8427e","size":0,"timeStamp":"2022-02-04T22:26:50.115814823Z"},"bsfs-stdout-0.log":{"path":"bsfs-stdout-0.log","md5":"2479c463c5112452b47e514604d37494","size":1796,"timeStamp":"2022-02-04T22:26:50.121763597Z"},"bsfs-stdouterr-0.log":{"path":"bsfs-stdouterr-0.log","md5":"2479c463c5112452b47e514604d37494","size":1796,"timeStamp":"2022-02-04T22:26:50.101378983Z"},"dragen-init-stderr-0.log":{"path":"dragen-init-stderr-0.log","md5":"f37957f6cdc32ef638effe4f5bff8a8a","size":161,"timeStamp":"2022-02-04T22:26:50.096939878Z"},"dragen-init-stdout-0.log":{"path":"dragen-init-stdout-0.log","md5":"18d9e6edcc4a64fcd7edb9e6182107ad","size":323,"timeStamp":"2022-02-04T22:26:50.096776956Z"},"dragen-init-stdouterr-0.log":{"path":"dragen-init-stdouterr-0.log","md5":"89d9b94ecf4d4975bd571c6d7d0a000b","size":484,"timeStamp":"2022-02-04T22:26:50.143795946Z"},"heartbeat-init-stderr-0.log":{"path":"heartbeat-init-stderr-0.log","md5":"f289099ff2c3d06a6e02b334643c7c94","size":16430,"timeStamp":"2022-02-04T22:26:50.129512326Z"},"heartbeat-init-stdout-0.log":{"path":"heartbeat-init-stdout-0.log","md5":"d41d8cd98f00b204e9800998ecf8427e","size":0,"timeStamp":"2022-02-04T22:26:50.095394054Z"},"heartbeat-init-stdouterr-0.log":{"path":"heartbeat-init-stdouterr-0.log","md5":"f289099ff2c3d06a6e02b334643c7c94","size":16430,"timeStamp":"2022-02-04T22:26:50.226153908Z"},"heartbeat-stderr-0.log":{"path":"heartbeat-stderr-0.log","md5":"010ec6c05903f8cc1f92a53943b3c304","size":678,"timeStamp":"2022-02-04T22:26:50.083084782Z"},"heartbeat-stdout-0.log":{"path":"heartbeat-stdout-0.log","md5":"d41d8cd98f00b204e9800998ecf8427e","size":0,"timeStamp":"2022-02-04T22:26:50.113412825Z"},"heartbeat-stdouterr-0.log":{"path":"heartbeat-stdouterr-0.log","md5":"010ec6c05903f8cc1f92a53943b3c304","size":678,"timeStamp":"2022-02-04T22:26:50.144531308Z"},"logging-stderr-0.log":{"path":"logging-stderr-0.log","md5":"74ebce4823426280742941ca88f70afd","size":12162,"timeStamp":"2022-02-04T22:26:50.128556956Z"},"logging-stdout-0.log":{"path":"logging-stdout-0.log","md5":"38aba068a5ed417ba90755e25eb44070","size":90,"timeStamp":"2022-02-04T22:26:50.13036507Z"},"logging-stdouterr-0.log":{"path":"logging-stdouterr-0.log","md5":"05e8c4dc1177aae3f13fef0ef6180e52","size":12252,"timeStamp":"2022-02-04T22:26:50.138482716Z"},"network-init-stderr-0.log":{"path":"network-init-stderr-0.log","md5":"0ecb58e93adb787e2efb5b842d205056","size":49,"timeStamp":"2022-02-04T22:26:50.144475766Z"},"network-init-stdout-0.log":{"path":"network-init-stdout-0.log","md5":"01f800ce283f5d9a0c9fa7b73df0a360","size":21,"timeStamp":"2022-02-04T22:26:50.183644859Z"},"network-init-stdouterr-0.log":{"path":"network-init-stdouterr-0.log","md5":"968ede965c97d9333e3202f84b6215d1","size":70,"timeStamp":"2022-02-04T22:26:50.150953295Z"},"output0-stderr-0.log":{"path":"output0-stderr-0.log","md5":"f55756620a9424e04a6b8c243a61be2f","size":5002,"timeStamp":"2022-02-04T22:26:50.159355374Z"},"output0-stdout-0.log":{"path":"output0-stdout-0.log","md5":"d41d8cd98f00b204e9800998ecf8427e","size":0,"timeStamp":"2022-02-04T22:26:50.163679745Z"},"output0-stdouterr-0.log":{"path":"output0-stdouterr-0.log","md5":"f55756620a9424e04a6b8c243a61be2f","size":5002,"timeStamp":"2022-02-04T22:26:50.160304596Z"},"output1-stderr-0.log":{"path":"output1-stderr-0.log","md5":"3efbc9c5c01791fd2ee5fb31879b331f","size":1577,"timeStamp":"2022-02-04T22:26:50.195606818Z"},"output1-stdout-0.log":{"path":"output1-stdout-0.log","md5":"d41d8cd98f00b204e9800998ecf8427e","size":0,"timeStamp":"2022-02-04T22:26:50.1772951Z"},"output1-stdouterr-0.log":{"path":"output1-stdouterr-0.log","md5":"3efbc9c5c01791fd2ee5fb31879b331f","size":1577,"timeStamp":"2022-02-04T22:26:50.190763481Z"},"permission-init-stderr-0.log":{"path":"permission-init-stderr-0.log","md5":"d41d8cd98f00b204e9800998ecf8427e","size":0,"timeStamp":"2022-02-04T22:26:50.175138357Z"},"permission-init-stdout-0.log":{"path":"permission-init-stdout-0.log","md5":"7a691402e19d29af24f75cd8126703a9","size":2212,"timeStamp":"2022-02-04T22:26:50.188367962Z"},"permission-init-stdouterr-0.log":{"path":"permission-init-stdouterr-0.log","md5":"7a691402e19d29af24f75cd8126703a9","size":2212,"timeStamp":"2022-02-04T22:26:50.184292215Z"},"pod-0.log":{"path":"pod-0.log","md5":"e0ffbf82454308fe4df49aa905e3792a","size":56,"timeStamp":"2022-02-04T22:26:50.269889354Z"},"pod-metrics-0.log":{"path":"pod-metrics-0.log","md5":"01322f728ef169cb3c6eddc782fbfdda","size":23111,"timeStamp":"2022-02-04T22:26:50.193022381Z"},"task-stderr-0.log":{"path":"task-stderr-0.log","md5":"b4d6e997589257cccda0527bbb4a8103","size":83,"timeStamp":"2022-02-04T22:26:50.205439908Z"},"task-stdout-0.log":{"path":"task-stdout-0.log","md5":"650accf4d724f997cb27624e20568b59","size":27884,"timeStamp":"2022-02-04T22:26:50.207765188Z"},"task-stdouterr-0.log":{"path":"task-stdouterr-0.log","md5":"b23f1224711546a09655f297d9f60365","size":27967,"timeStamp":"2022-02-04T22:26:50.232389195Z"},"tes-input-handler-init-container-stderr-0.log":{"path":"tes-input-handler-init-container-stderr-0.log","md5":"d41d8cd98f00b204e9800998ecf8427e","size":0,"timeStamp":"2022-02-04T22:26:50.211188928Z"},"tes-input-handler-init-container-stdout-0.log":{"path":"tes-input-handler-init-container-stdout-0.log","md5":"d41d8cd98f00b204e9800998ecf8427e","size":0,"timeStamp":"2022-02-04T22:26:50.216167574Z"},"tes-input-handler-init-container-stdouterr-0.log":{"path":"tes-input-handler-init-container-stdouterr-0.log","md5":"d41d8cd98f00b204e9800998ecf8427e","size":0,"timeStamp":"2022-02-04T22:26:50.242339354Z"}}