{"bsfs-stderr-0.log":{"path":"bsfs-stderr-0.log","md5":"d41d8cd98f00b204e9800998ecf8427e","size":0,"timeStamp":"2022-02-04T22:27:07.984504164Z"},"bsfs-stdout-0.log":{"path":"bsfs-stdout-0.log","md5":"a86ee1d05b7fcf277ce9e6a2d9d61c52","size":1795,"timeStamp":"2022-02-04T22:27:07.999067249Z"},"bsfs-stdouterr-0.log":{"path":"bsfs-stdouterr-0.log","md5":"a86ee1d05b7fcf277ce9e6a2d9d61c52","size":1795,"timeStamp":"2022-02-04T22:27:07.981150485Z"},"dragen-init-stderr-0.log":{"path":"dragen-init-stderr-0.log","md5":"f37957f6cdc32ef638effe4f5bff8a8a","size":161,"timeStamp":"2022-02-04T22:27:07.973815816Z"},"dragen-init-stdout-0.log":{"path":"dragen-init-stdout-0.log","md5":"0a1761ce485370cf56d36fd90f6a9e22","size":321,"timeStamp":"2022-02-04T22:27:08.033329076Z"},"dragen-init-stdouterr-0.log":{"path":"dragen-init-stdouterr-0.log","md5":"efd74b8ae847de661c79490026dee5b8","size":482,"timeStamp":"2022-02-04T22:27:07.997901263Z"},"heartbeat-init-stderr-0.log":{"path":"heartbeat-init-stderr-0.log","md5":"e395545924d9dc73cf835e6230f5f931","size":16430,"timeStamp":"2022-02-04T22:27:07.999403962Z"},"heartbeat-init-stdout-0.log":{"path":"heartbeat-init-stdout-0.log","md5":"d41d8cd98f00b204e9800998ecf8427e","size":0,"timeStamp":"2022-02-04T22:27:08.013878408Z"},"heartbeat-init-stdouterr-0.log":{"path":"heartbeat-init-stdouterr-0.log","md5":"e395545924d9dc73cf835e6230f5f931","size":16430,"timeStamp":"2022-02-04T22:27:07.961794862Z"},"heartbeat-stderr-0.log":{"path":"heartbeat-stderr-0.log","md5":"d01d0f95daace705058e73ae659747b2","size":676,"timeStamp":"2022-02-04T22:27:07.99681803Z"},"heartbeat-stdout-0.log":{"path":"heartbeat-stdout-0.log","md5":"d41d8cd98f00b204e9800998ecf8427e","size":0,"timeStamp":"2022-02-04T22:27:08.006116823Z"},"heartbeat-stdouterr-0.log":{"path":"heartbeat-stdouterr-0.log","md5":"d01d0f95daace705058e73ae659747b2","size":676,"timeStamp":"2022-02-04T22:27:08.003342915Z"},"logging-stderr-0.log":{"path":"logging-stderr-0.log","md5":"7134f13269f17b543c8ff0596f179bf3","size":12159,"timeStamp":"2022-02-04T22:27:08.038776139Z"},"logging-stdout-0.log":{"path":"logging-stdout-0.log","md5":"38aba068a5ed417ba90755e25eb44070","size":90,"timeStamp":"2022-02-04T22:27:08.011861727Z"},"logging-stdouterr-0.log":{"path":"logging-stdouterr-0.log","md5":"17b45441de8f067626d465c7c44f260d","size":12249,"timeStamp":"2022-02-04T22:27:08.029679241Z"},"network-init-stderr-0.log":{"path":"network-init-stderr-0.log","md5":"d41d8cd98f00b204e9800998ecf8427e","size":0,"timeStamp":"2022-02-04T22:27:08.028328686Z"},"network-init-stdout-0.log":{"path":"network-init-stdout-0.log","md5":"d41d8cd98f00b204e9800998ecf8427e","size":0,"timeStamp":"2022-02-04T22:27:08.032103953Z"},"network-init-stdouterr-0.log":{"path":"network-init-stdouterr-0.log","md5":"d41d8cd98f00b204e9800998ecf8427e","size":0,"timeStamp":"2022-02-04T22:27:08.055894116Z"},"output0-stderr-0.log":{"path":"output0-stderr-0.log","md5":"45adc271456fa4a10c6e47f275509468","size":5002,"timeStamp":"2022-02-04T22:27:08.028278723Z"},"output0-stdout-0.log":{"path":"output0-stdout-0.log","md5":"d41d8cd98f00b204e9800998ecf8427e","size":0,"timeStamp":"2022-02-04T22:27:08.03417716Z"},"output0-stdouterr-0.log":{"path":"output0-stdouterr-0.log","md5":"45adc271456fa4a10c6e47f275509468","size":5002,"timeStamp":"2022-02-04T22:27:08.039307176Z"},"output1-stderr-0.log":{"path":"output1-stderr-0.log","md5":"c063843fce5e0b1b9b1eb011371b9f90","size":1576,"timeStamp":"2022-02-04T22:27:08.046151674Z"},"output1-stdout-0.log":{"path":"output1-stdout-0.log","md5":"d41d8cd98f00b204e9800998ecf8427e","size":0,"timeStamp":"2022-02-04T22:27:08.060859961Z"},"output1-stdouterr-0.log":{"path":"output1-stdouterr-0.log","md5":"c063843fce5e0b1b9b1eb011371b9f90","size":1576,"timeStamp":"2022-02-04T22:27:08.067852665Z"},"permission-init-stderr-0.log":{"path":"permission-init-stderr-0.log","md5":"d41d8cd98f00b204e9800998ecf8427e","size":0,"timeStamp":"2022-02-04T22:27:08.059408666Z"},"permission-init-stdout-0.log":{"path":"permission-init-stdout-0.log","md5":"d71b01d2e6fe7da8bce943046a59690b","size":2212,"timeStamp":"2022-02-04T22:27:08.067219737Z"},"permission-init-stdouterr-0.log":{"path":"permission-init-stdouterr-0.log","md5":"d71b01d2e6fe7da8bce943046a59690b","size":2212,"timeStamp":"2022-02-04T22:27:08.08759638Z"},"pod-0.log":{"path":"pod-0.log","md5":"900b1be1d94d30df7612c2bb6a50b653","size":56,"timeStamp":"2022-02-04T22:27:08.067484292Z"},"pod-metrics-0.log":{"path":"pod-metrics-0.log","md5":"102e27c2f2e87b026ff130697c3c5278","size":22777,"timeStamp":"2022-02-04T22:27:08.069645002Z"},"task-stderr-0.log":{"path":"task-stderr-0.log","md5":"b4d6e997589257cccda0527bbb4a8103","size":83,"timeStamp":"2022-02-04T22:27:08.120322879Z"},"task-stdout-0.log":{"path":"task-stdout-0.log","md5":"44dff3ab26e50e245b96afbe987366d3","size":27884,"timeStamp":"2022-02-04T22:27:08.07974623Z"},"task-stdouterr-0.log":{"path":"task-stdouterr-0.log","md5":"68dd1990da2199275afc7a9083aaeacf","size":27967,"timeStamp":"2022-02-04T22:27:08.088216522Z"},"tes-input-handler-init-container-stderr-0.log":{"path":"tes-input-handler-init-container-stderr-0.log","md5":"d41d8cd98f00b204e9800998ecf8427e","size":0,"timeStamp":"2022-02-04T22:27:08.08582825Z"},"tes-input-handler-init-container-stdout-0.log":{"path":"tes-input-handler-init-container-stdout-0.log","md5":"d41d8cd98f00b204e9800998ecf8427e","size":0,"timeStamp":"2022-02-04T22:27:08.107394488Z"},"tes-input-handler-init-container-stdouterr-0.log":{"path":"tes-input-handler-init-container-stdouterr-0.log","md5":"d41d8cd98f00b204e9800998ecf8427e","size":0,"timeStamp":"2022-02-04T22:27:08.101079062Z"}}