{"bsfs-stderr-0.log":{"path":"bsfs-stderr-0.log","md5":"d41d8cd98f00b204e9800998ecf8427e","size":0,"timeStamp":"2022-02-04T22:27:57.477896124Z"},"bsfs-stdout-0.log":{"path":"bsfs-stdout-0.log","md5":"236811aa08fdc8fd31dcac72a190451b","size":1794,"timeStamp":"2022-02-04T22:27:57.497007946Z"},"bsfs-stdouterr-0.log":{"path":"bsfs-stdouterr-0.log","md5":"236811aa08fdc8fd31dcac72a190451b","size":1794,"timeStamp":"2022-02-04T22:27:57.46478779Z"},"dragen-init-stderr-0.log":{"path":"dragen-init-stderr-0.log","md5":"f37957f6cdc32ef638effe4f5bff8a8a","size":161,"timeStamp":"2022-02-04T22:27:57.450847442Z"},"dragen-init-stdout-0.log":{"path":"dragen-init-stdout-0.log","md5":"9244add434130fde47f53cf79b0a61ca","size":322,"timeStamp":"2022-02-04T22:27:57.481966294Z"},"dragen-init-stdouterr-0.log":{"path":"dragen-init-stdouterr-0.log","md5":"e96f11670a7b3c692e250179ffb3f4a3","size":483,"timeStamp":"2022-02-04T22:27:57.478385477Z"},"heartbeat-init-stderr-0.log":{"path":"heartbeat-init-stderr-0.log","md5":"c55803e55f48d6c3bd06c1ac25182c11","size":16430,"timeStamp":"2022-02-04T22:27:57.522637362Z"},"heartbeat-init-stdout-0.log":{"path":"heartbeat-init-stdout-0.log","md5":"d41d8cd98f00b204e9800998ecf8427e","size":0,"timeStamp":"2022-02-04T22:27:57.478988794Z"},"heartbeat-init-stdouterr-0.log":{"path":"heartbeat-init-stdouterr-0.log","md5":"c55803e55f48d6c3bd06c1ac25182c11","size":16430,"timeStamp":"2022-02-04T22:27:57.484488792Z"},"heartbeat-stderr-0.log":{"path":"heartbeat-stderr-0.log","md5":"870b794179b8cb901250e97e9e07c848","size":676,"timeStamp":"2022-02-04T22:27:57.475225818Z"},"heartbeat-stdout-0.log":{"path":"heartbeat-stdout-0.log","md5":"d41d8cd98f00b204e9800998ecf8427e","size":0,"timeStamp":"2022-02-04T22:27:57.476100234Z"},"heartbeat-stdouterr-0.log":{"path":"heartbeat-stdouterr-0.log","md5":"870b794179b8cb901250e97e9e07c848","size":676,"timeStamp":"2022-02-04T22:27:57.553159615Z"},"logging-stderr-0.log":{"path":"logging-stderr-0.log","md5":"cf5abf5b15ca9e2b604f285d5c1ef979","size":12159,"timeStamp":"2022-02-04T22:27:57.501722299Z"},"logging-stdout-0.log":{"path":"logging-stdout-0.log","md5":"38aba068a5ed417ba90755e25eb44070","size":90,"timeStamp":"2022-02-04T22:27:57.511523584Z"},"logging-stdouterr-0.log":{"path":"logging-stdouterr-0.log","md5":"be92a49f73763293e9de3ce1b160b97f","size":12249,"timeStamp":"2022-02-04T22:27:57.511612401Z"},"network-init-stderr-0.log":{"path":"network-init-stderr-0.log","md5":"d41d8cd98f00b204e9800998ecf8427e","size":0,"timeStamp":"2022-02-04T22:27:57.51166145Z"},"network-init-stdout-0.log":{"path":"network-init-stdout-0.log","md5":"d41d8cd98f00b204e9800998ecf8427e","size":0,"timeStamp":"2022-02-04T22:27:57.515533962Z"},"network-init-stdouterr-0.log":{"path":"network-init-stdouterr-0.log","md5":"d41d8cd98f00b204e9800998ecf8427e","size":0,"timeStamp":"2022-02-04T22:27:57.595230998Z"},"output0-stderr-0.log":{"path":"output0-stderr-0.log","md5":"ec13f399b667701b1644420311eef1ad","size":4999,"timeStamp":"2022-02-04T22:27:57.579151886Z"},"output0-stdout-0.log":{"path":"output0-stdout-0.log","md5":"d41d8cd98f00b204e9800998ecf8427e","size":0,"timeStamp":"2022-02-04T22:27:57.530417859Z"},"output0-stdouterr-0.log":{"path":"output0-stdouterr-0.log","md5":"ec13f399b667701b1644420311eef1ad","size":4999,"timeStamp":"2022-02-04T22:27:57.551746801Z"},"output1-stderr-0.log":{"path":"output1-stderr-0.log","md5":"65ca741e0ff88eaf4458c14d3e865aed","size":1576,"timeStamp":"2022-02-04T22:27:57.536256505Z"},"output1-stdout-0.log":{"path":"output1-stdout-0.log","md5":"d41d8cd98f00b204e9800998ecf8427e","size":0,"timeStamp":"2022-02-04T22:27:57.584756749Z"},"output1-stdouterr-0.log":{"path":"output1-stdouterr-0.log","md5":"65ca741e0ff88eaf4458c14d3e865aed","size":1576,"timeStamp":"2022-02-04T22:27:57.535749342Z"},"permission-init-stderr-0.log":{"path":"permission-init-stderr-0.log","md5":"d41d8cd98f00b204e9800998ecf8427e","size":0,"timeStamp":"2022-02-04T22:27:57.550711275Z"},"permission-init-stdout-0.log":{"path":"permission-init-stdout-0.log","md5":"48cde0ed9ed1d153d18ac24109cb4bfa","size":2212,"timeStamp":"2022-02-04T22:27:57.552332904Z"},"permission-init-stdouterr-0.log":{"path":"permission-init-stdouterr-0.log","md5":"48cde0ed9ed1d153d18ac24109cb4bfa","size":2212,"timeStamp":"2022-02-04T22:27:57.56366166Z"},"pod-0.log":{"path":"pod-0.log","md5":"680e6df3de5fc2e933e5f28c9c3b2145","size":56,"timeStamp":"2022-02-04T22:27:57.587483501Z"},"pod-metrics-0.log":{"path":"pod-metrics-0.log","md5":"c9b8adb6f2d8847b5425cabc1f9f6159","size":23051,"timeStamp":"2022-02-04T22:27:57.569543852Z"},"task-stderr-0.log":{"path":"task-stderr-0.log","md5":"b4d6e997589257cccda0527bbb4a8103","size":83,"timeStamp":"2022-02-04T22:27:57.605348328Z"},"task-stdout-0.log":{"path":"task-stdout-0.log","md5":"7e804274a3aa34b3af26deabf93e66b2","size":27729,"timeStamp":"2022-02-04T22:27:57.586637414Z"},"task-stdouterr-0.log":{"path":"task-stdouterr-0.log","md5":"4baf9cc7f4eb168329865a8fb49a4e28","size":27812,"timeStamp":"2022-02-04T22:27:57.601225994Z"},"tes-input-handler-init-container-stderr-0.log":{"path":"tes-input-handler-init-container-stderr-0.log","md5":"d41d8cd98f00b204e9800998ecf8427e","size":0,"timeStamp":"2022-02-04T22:27:57.642571834Z"},"tes-input-handler-init-container-stdout-0.log":{"path":"tes-input-handler-init-container-stdout-0.log","md5":"d41d8cd98f00b204e9800998ecf8427e","size":0,"timeStamp":"2022-02-04T22:27:57.596950356Z"},"tes-input-handler-init-container-stdouterr-0.log":{"path":"tes-input-handler-init-container-stdouterr-0.log","md5":"d41d8cd98f00b204e9800998ecf8427e","size":0,"timeStamp":"2022-02-04T22:27:57.599009906Z"}}