{"bsfs-stderr-0.log":{"path":"bsfs-stderr-0.log","md5":"d41d8cd98f00b204e9800998ecf8427e","size":0,"timeStamp":"2022-02-04T22:27:09.071246242Z"},"bsfs-stdout-0.log":{"path":"bsfs-stdout-0.log","md5":"81c0168abfe6915a8cc260ebfc9cf70c","size":1796,"timeStamp":"2022-02-04T22:27:09.067352831Z"},"bsfs-stdouterr-0.log":{"path":"bsfs-stdouterr-0.log","md5":"81c0168abfe6915a8cc260ebfc9cf70c","size":1796,"timeStamp":"2022-02-04T22:27:09.098288109Z"},"dragen-init-stderr-0.log":{"path":"dragen-init-stderr-0.log","md5":"f37957f6cdc32ef638effe4f5bff8a8a","size":161,"timeStamp":"2022-02-04T22:27:09.076156693Z"},"dragen-init-stdout-0.log":{"path":"dragen-init-stdout-0.log","md5":"0a1761ce485370cf56d36fd90f6a9e22","size":321,"timeStamp":"2022-02-04T22:27:09.138577853Z"},"dragen-init-stdouterr-0.log":{"path":"dragen-init-stdouterr-0.log","md5":"9efafc1d011c0e215ac8f0572fe37c4d","size":482,"timeStamp":"2022-02-04T22:27:09.089456004Z"},"heartbeat-init-stderr-0.log":{"path":"heartbeat-init-stderr-0.log","md5":"4f6ab3af4c2d1e6859f10ffc4ab597af","size":16430,"timeStamp":"2022-02-04T22:27:09.085712292Z"},"heartbeat-init-stdout-0.log":{"path":"heartbeat-init-stdout-0.log","md5":"d41d8cd98f00b204e9800998ecf8427e","size":0,"timeStamp":"2022-02-04T22:27:09.093472873Z"},"heartbeat-init-stdouterr-0.log":{"path":"heartbeat-init-stdouterr-0.log","md5":"4f6ab3af4c2d1e6859f10ffc4ab597af","size":16430,"timeStamp":"2022-02-04T22:27:09.074227939Z"},"heartbeat-stderr-0.log":{"path":"heartbeat-stderr-0.log","md5":"346c77949d34b0ed05af23567c897f8f","size":677,"timeStamp":"2022-02-04T22:27:09.08685991Z"},"heartbeat-stdout-0.log":{"path":"heartbeat-stdout-0.log","md5":"d41d8cd98f00b204e9800998ecf8427e","size":0,"timeStamp":"2022-02-04T22:27:09.097366716Z"},"heartbeat-stdouterr-0.log":{"path":"heartbeat-stdouterr-0.log","md5":"346c77949d34b0ed05af23567c897f8f","size":677,"timeStamp":"2022-02-04T22:27:09.141988991Z"},"logging-stderr-0.log":{"path":"logging-stderr-0.log","md5":"704b4a9dce03a763da7ae68ba656c6c2","size":12158,"timeStamp":"2022-02-04T22:27:09.108204808Z"},"logging-stdout-0.log":{"path":"logging-stdout-0.log","md5":"38aba068a5ed417ba90755e25eb44070","size":90,"timeStamp":"2022-02-04T22:27:09.104526693Z"},"logging-stdouterr-0.log":{"path":"logging-stdouterr-0.log","md5":"b647b8b499f58fcc7fa355283a194496","size":12248,"timeStamp":"2022-02-04T22:27:09.119686798Z"},"network-init-stderr-0.log":{"path":"network-init-stderr-0.log","md5":"d41d8cd98f00b204e9800998ecf8427e","size":0,"timeStamp":"2022-02-04T22:27:09.147095103Z"},"network-init-stdout-0.log":{"path":"network-init-stdout-0.log","md5":"d41d8cd98f00b204e9800998ecf8427e","size":0,"timeStamp":"2022-02-04T22:27:09.118761668Z"},"network-init-stdouterr-0.log":{"path":"network-init-stdouterr-0.log","md5":"d41d8cd98f00b204e9800998ecf8427e","size":0,"timeStamp":"2022-02-04T22:27:09.120216361Z"},"output0-stderr-0.log":{"path":"output0-stderr-0.log","md5":"279e3512437f88f19dad1d43c67f9d3f","size":5001,"timeStamp":"2022-02-04T22:27:09.124612885Z"},"output0-stdout-0.log":{"path":"output0-stdout-0.log","md5":"d41d8cd98f00b204e9800998ecf8427e","size":0,"timeStamp":"2022-02-04T22:27:09.134708455Z"},"output0-stdouterr-0.log":{"path":"output0-stdouterr-0.log","md5":"279e3512437f88f19dad1d43c67f9d3f","size":5001,"timeStamp":"2022-02-04T22:27:09.131314395Z"},"output1-stderr-0.log":{"path":"output1-stderr-0.log","md5":"f30e531ba3678be21b89293389caa30f","size":1577,"timeStamp":"2022-02-04T22:27:09.15479481Z"},"output1-stdout-0.log":{"path":"output1-stdout-0.log","md5":"d41d8cd98f00b204e9800998ecf8427e","size":0,"timeStamp":"2022-02-04T22:27:09.148373938Z"},"output1-stdouterr-0.log":{"path":"output1-stdouterr-0.log","md5":"f30e531ba3678be21b89293389caa30f","size":1577,"timeStamp":"2022-02-04T22:27:09.178376855Z"},"permission-init-stderr-0.log":{"path":"permission-init-stderr-0.log","md5":"d41d8cd98f00b204e9800998ecf8427e","size":0,"timeStamp":"2022-02-04T22:27:09.150987321Z"},"permission-init-stdout-0.log":{"path":"permission-init-stdout-0.log","md5":"83910c8b8227bcb6be10cc0e44d6c949","size":2212,"timeStamp":"2022-02-04T22:27:09.155305497Z"},"permission-init-stdouterr-0.log":{"path":"permission-init-stdouterr-0.log","md5":"83910c8b8227bcb6be10cc0e44d6c949","size":2212,"timeStamp":"2022-02-04T22:27:09.161658361Z"},"pod-0.log":{"path":"pod-0.log","md5":"80f28a869cae31109fa1baf79391d4b2","size":56,"timeStamp":"2022-02-04T22:27:09.192745428Z"},"pod-metrics-0.log":{"path":"pod-metrics-0.log","md5":"15dda45e6a93a23386982251112f9c7e","size":22598,"timeStamp":"2022-02-04T22:27:09.187896157Z"},"task-stderr-0.log":{"path":"task-stderr-0.log","md5":"b4d6e997589257cccda0527bbb4a8103","size":83,"timeStamp":"2022-02-04T22:27:09.167998743Z"},"task-stdout-0.log":{"path":"task-stdout-0.log","md5":"d6cd1fa5455a71e4ddfc5c3d0afce7c4","size":27883,"timeStamp":"2022-02-04T22:27:09.177843877Z"},"task-stdouterr-0.log":{"path":"task-stdouterr-0.log","md5":"cdbafcfae0038f580b2579c0f4ca3c2c","size":27966,"timeStamp":"2022-02-04T22:27:09.194750505Z"},"tes-input-handler-init-container-stderr-0.log":{"path":"tes-input-handler-init-container-stderr-0.log","md5":"d41d8cd98f00b204e9800998ecf8427e","size":0,"timeStamp":"2022-02-04T22:27:09.228927686Z"},"tes-input-handler-init-container-stdout-0.log":{"path":"tes-input-handler-init-container-stdout-0.log","md5":"d41d8cd98f00b204e9800998ecf8427e","size":0,"timeStamp":"2022-02-04T22:27:09.184723735Z"},"tes-input-handler-init-container-stdouterr-0.log":{"path":"tes-input-handler-init-container-stdouterr-0.log","md5":"d41d8cd98f00b204e9800998ecf8427e","size":0,"timeStamp":"2022-02-04T22:27:09.184546119Z"}}