{"bsfs-stderr-0.log":{"path":"bsfs-stderr-0.log","md5":"d41d8cd98f00b204e9800998ecf8427e","size":0,"timeStamp":"2022-02-04T22:31:01.971873183Z"},"bsfs-stdout-0.log":{"path":"bsfs-stdout-0.log","md5":"9f0027117f8bf4e1f7d72095d72fc87e","size":1795,"timeStamp":"2022-02-04T22:31:01.98288849Z"},"bsfs-stdouterr-0.log":{"path":"bsfs-stdouterr-0.log","md5":"9f0027117f8bf4e1f7d72095d72fc87e","size":1795,"timeStamp":"2022-02-04T22:31:01.968884204Z"},"dragen-init-stderr-0.log":{"path":"dragen-init-stderr-0.log","md5":"f37957f6cdc32ef638effe4f5bff8a8a","size":161,"timeStamp":"2022-02-04T22:31:01.987754366Z"},"dragen-init-stdout-0.log":{"path":"dragen-init-stdout-0.log","md5":"9244add434130fde47f53cf79b0a61ca","size":322,"timeStamp":"2022-02-04T22:31:02.008905918Z"},"dragen-init-stdouterr-0.log":{"path":"dragen-init-stdouterr-0.log","md5":"69f871a45d65a206b5801ed038c2a1c8","size":483,"timeStamp":"2022-02-04T22:31:01.969387057Z"},"heartbeat-init-stderr-0.log":{"path":"heartbeat-init-stderr-0.log","md5":"13a0f71406a44b31cb812bed8b83bdb1","size":16430,"timeStamp":"2022-02-04T22:31:01.969815729Z"},"heartbeat-init-stdout-0.log":{"path":"heartbeat-init-stdout-0.log","md5":"d41d8cd98f00b204e9800998ecf8427e","size":0,"timeStamp":"2022-02-04T22:31:01.98069443Z"},"heartbeat-init-stdouterr-0.log":{"path":"heartbeat-init-stdouterr-0.log","md5":"13a0f71406a44b31cb812bed8b83bdb1","size":16430,"timeStamp":"2022-02-04T22:31:01.980902878Z"},"heartbeat-stderr-0.log":{"path":"heartbeat-stderr-0.log","md5":"0c91c076c7d4ff00f0edfbc6a3fddee2","size":903,"timeStamp":"2022-02-04T22:31:01.986512417Z"},"heartbeat-stdout-0.log":{"path":"heartbeat-stdout-0.log","md5":"d41d8cd98f00b204e9800998ecf8427e","size":0,"timeStamp":"2022-02-04T22:31:02.002721734Z"},"heartbeat-stdouterr-0.log":{"path":"heartbeat-stdouterr-0.log","md5":"0c91c076c7d4ff00f0edfbc6a3fddee2","size":903,"timeStamp":"2022-02-04T22:31:02.045115512Z"},"logging-stderr-0.log":{"path":"logging-stderr-0.log","md5":"8f015694f9ef9d4e2a8cda9dcc1297ba","size":13825,"timeStamp":"2022-02-04T22:31:01.997825504Z"},"logging-stdout-0.log":{"path":"logging-stdout-0.log","md5":"38aba068a5ed417ba90755e25eb44070","size":90,"timeStamp":"2022-02-04T22:31:02.011386044Z"},"logging-stdouterr-0.log":{"path":"logging-stdouterr-0.log","md5":"a75272c4df7874b516676528553e309f","size":13915,"timeStamp":"2022-02-04T22:31:02.015362317Z"},"network-init-stderr-0.log":{"path":"network-init-stderr-0.log","md5":"d41d8cd98f00b204e9800998ecf8427e","size":0,"timeStamp":"2022-02-04T22:31:02.035155793Z"},"network-init-stdout-0.log":{"path":"network-init-stdout-0.log","md5":"d41d8cd98f00b204e9800998ecf8427e","size":0,"timeStamp":"2022-02-04T22:31:02.015713798Z"},"network-init-stdouterr-0.log":{"path":"network-init-stdouterr-0.log","md5":"d41d8cd98f00b204e9800998ecf8427e","size":0,"timeStamp":"2022-02-04T22:31:02.018448939Z"},"output0-stderr-0.log":{"path":"output0-stderr-0.log","md5":"2a6fbe3904cfa4968bdf0f886f6d4bbd","size":5006,"timeStamp":"2022-02-04T22:31:02.019582618Z"},"output0-stdout-0.log":{"path":"output0-stdout-0.log","md5":"d41d8cd98f00b204e9800998ecf8427e","size":0,"timeStamp":"2022-02-04T22:31:02.032367727Z"},"output0-stdouterr-0.log":{"path":"output0-stdouterr-0.log","md5":"2a6fbe3904cfa4968bdf0f886f6d4bbd","size":5006,"timeStamp":"2022-02-04T22:31:02.032631125Z"},"output1-stderr-0.log":{"path":"output1-stderr-0.log","md5":"1bb1b716fb983ddd86f38c9e389381aa","size":1576,"timeStamp":"2022-02-04T22:31:02.041224271Z"},"output1-stdout-0.log":{"path":"output1-stdout-0.log","md5":"d41d8cd98f00b204e9800998ecf8427e","size":0,"timeStamp":"2022-02-04T22:31:02.041819556Z"},"output1-stdouterr-0.log":{"path":"output1-stdouterr-0.log","md5":"1bb1b716fb983ddd86f38c9e389381aa","size":1576,"timeStamp":"2022-02-04T22:31:02.043214232Z"},"permission-init-stderr-0.log":{"path":"permission-init-stderr-0.log","md5":"d41d8cd98f00b204e9800998ecf8427e","size":0,"timeStamp":"2022-02-04T22:31:02.050290222Z"},"permission-init-stdout-0.log":{"path":"permission-init-stdout-0.log","md5":"fde311eb11aef1afc8d045793218a7c4","size":2212,"timeStamp":"2022-02-04T22:31:02.046211425Z"},"permission-init-stdouterr-0.log":{"path":"permission-init-stdouterr-0.log","md5":"fde311eb11aef1afc8d045793218a7c4","size":2212,"timeStamp":"2022-02-04T22:31:02.103059128Z"},"pod-0.log":{"path":"pod-0.log","md5":"26f003fdddf3aa2fbe35f415027f62d9","size":56,"timeStamp":"2022-02-04T22:31:02.094875181Z"},"pod-metrics-0.log":{"path":"pod-metrics-0.log","md5":"dc72bbd5b467fcdae694792376144ff6","size":30550,"timeStamp":"2022-02-04T22:31:02.067707584Z"},"task-stderr-0.log":{"path":"task-stderr-0.log","md5":"b4d6e997589257cccda0527bbb4a8103","size":83,"timeStamp":"2022-02-04T22:31:02.062291143Z"},"task-stdout-0.log":{"path":"task-stdout-0.log","md5":"b61ae1a3df04dccf7e66f8258b5ca385","size":28008,"timeStamp":"2022-02-04T22:31:02.102720472Z"},"task-stdouterr-0.log":{"path":"task-stdouterr-0.log","md5":"60ee9bfd9691866a305de368f5c9de22","size":28091,"timeStamp":"2022-02-04T22:31:02.071863977Z"},"tes-input-handler-init-container-stderr-0.log":{"path":"tes-input-handler-init-container-stderr-0.log","md5":"d41d8cd98f00b204e9800998ecf8427e","size":0,"timeStamp":"2022-02-04T22:31:02.075958025Z"},"tes-input-handler-init-container-stdout-0.log":{"path":"tes-input-handler-init-container-stdout-0.log","md5":"d41d8cd98f00b204e9800998ecf8427e","size":0,"timeStamp":"2022-02-04T22:31:02.071806961Z"},"tes-input-handler-init-container-stdouterr-0.log":{"path":"tes-input-handler-init-container-stdouterr-0.log","md5":"d41d8cd98f00b204e9800998ecf8427e","size":0,"timeStamp":"2022-02-04T22:31:02.105175154Z"}}