{"bsfs-stderr-0.log":{"path":"bsfs-stderr-0.log","md5":"d41d8cd98f00b204e9800998ecf8427e","size":0,"timeStamp":"2022-02-04T22:27:56.640279695Z"},"bsfs-stdout-0.log":{"path":"bsfs-stdout-0.log","md5":"0464197b46986dc7b21fb85e2b4d6b5d","size":1795,"timeStamp":"2022-02-04T22:27:56.661457541Z"},"bsfs-stdouterr-0.log":{"path":"bsfs-stdouterr-0.log","md5":"0464197b46986dc7b21fb85e2b4d6b5d","size":1795,"timeStamp":"2022-02-04T22:27:56.683307719Z"},"dragen-init-stderr-0.log":{"path":"dragen-init-stderr-0.log","md5":"f37957f6cdc32ef638effe4f5bff8a8a","size":161,"timeStamp":"2022-02-04T22:27:56.685712239Z"},"dragen-init-stdout-0.log":{"path":"dragen-init-stdout-0.log","md5":"9244add434130fde47f53cf79b0a61ca","size":322,"timeStamp":"2022-02-04T22:27:56.788925529Z"},"dragen-init-stdouterr-0.log":{"path":"dragen-init-stdouterr-0.log","md5":"0768d9ce4d8f6ced1834cd7bf53966c3","size":483,"timeStamp":"2022-02-04T22:27:56.643444403Z"},"heartbeat-init-stderr-0.log":{"path":"heartbeat-init-stderr-0.log","md5":"e186b8d4996403d1459f614cc885252a","size":16430,"timeStamp":"2022-02-04T22:27:56.720150837Z"},"heartbeat-init-stdout-0.log":{"path":"heartbeat-init-stdout-0.log","md5":"d41d8cd98f00b204e9800998ecf8427e","size":0,"timeStamp":"2022-02-04T22:27:56.700459119Z"},"heartbeat-init-stdouterr-0.log":{"path":"heartbeat-init-stdouterr-0.log","md5":"e186b8d4996403d1459f614cc885252a","size":16430,"timeStamp":"2022-02-04T22:27:56.694297213Z"},"heartbeat-stderr-0.log":{"path":"heartbeat-stderr-0.log","md5":"c440498074a8a65e36480c91d40baae6","size":678,"timeStamp":"2022-02-04T22:27:56.970256521Z"},"heartbeat-stdout-0.log":{"path":"heartbeat-stdout-0.log","md5":"d41d8cd98f00b204e9800998ecf8427e","size":0,"timeStamp":"2022-02-04T22:27:56.669099046Z"},"heartbeat-stdouterr-0.log":{"path":"heartbeat-stdouterr-0.log","md5":"c440498074a8a65e36480c91d40baae6","size":678,"timeStamp":"2022-02-04T22:27:56.671271269Z"},"logging-stderr-0.log":{"path":"logging-stderr-0.log","md5":"0c4d95d4a435ac3d487e63a260368b7b","size":12158,"timeStamp":"2022-02-04T22:27:56.76013206Z"},"logging-stdout-0.log":{"path":"logging-stdout-0.log","md5":"38aba068a5ed417ba90755e25eb44070","size":90,"timeStamp":"2022-02-04T22:27:56.731194679Z"},"logging-stdouterr-0.log":{"path":"logging-stdouterr-0.log","md5":"723c7e7c7d892b3ec81b89e92c2460e8","size":12248,"timeStamp":"2022-02-04T22:27:56.700416992Z"},"network-init-stderr-0.log":{"path":"network-init-stderr-0.log","md5":"d41d8cd98f00b204e9800998ecf8427e","size":0,"timeStamp":"2022-02-04T22:27:56.715085054Z"},"network-init-stdout-0.log":{"path":"network-init-stdout-0.log","md5":"d41d8cd98f00b204e9800998ecf8427e","size":0,"timeStamp":"2022-02-04T22:27:56.716053992Z"},"network-init-stdouterr-0.log":{"path":"network-init-stdouterr-0.log","md5":"d41d8cd98f00b204e9800998ecf8427e","size":0,"timeStamp":"2022-02-04T22:27:56.725351532Z"},"output0-stderr-0.log":{"path":"output0-stderr-0.log","md5":"0b4108bbca4c062a4158ad1de09756e0","size":5006,"timeStamp":"2022-02-04T22:27:56.7291796Z"},"output0-stdout-0.log":{"path":"output0-stdout-0.log","md5":"d41d8cd98f00b204e9800998ecf8427e","size":0,"timeStamp":"2022-02-04T22:27:56.751682108Z"},"output0-stdouterr-0.log":{"path":"output0-stdouterr-0.log","md5":"0b4108bbca4c062a4158ad1de09756e0","size":5006,"timeStamp":"2022-02-04T22:27:56.74612786Z"},"output1-stderr-0.log":{"path":"output1-stderr-0.log","md5":"e60d1048eec082284382ae706c79da93","size":1576,"timeStamp":"2022-02-04T22:27:56.835054145Z"},"output1-stdout-0.log":{"path":"output1-stdout-0.log","md5":"d41d8cd98f00b204e9800998ecf8427e","size":0,"timeStamp":"2022-02-04T22:27:56.752441818Z"},"output1-stdouterr-0.log":{"path":"output1-stdouterr-0.log","md5":"e60d1048eec082284382ae706c79da93","size":1576,"timeStamp":"2022-02-04T22:27:56.756888805Z"},"permission-init-stderr-0.log":{"path":"permission-init-stderr-0.log","md5":"d41d8cd98f00b204e9800998ecf8427e","size":0,"timeStamp":"2022-02-04T22:27:56.78676183Z"},"permission-init-stdout-0.log":{"path":"permission-init-stdout-0.log","md5":"6b6b882b2be7def38704260d4be15178","size":2212,"timeStamp":"2022-02-04T22:27:56.768462531Z"},"permission-init-stdouterr-0.log":{"path":"permission-init-stdouterr-0.log","md5":"6b6b882b2be7def38704260d4be15178","size":2212,"timeStamp":"2022-02-04T22:27:56.779474411Z"},"pod-0.log":{"path":"pod-0.log","md5":"f84ee5335ec8e58adc784d162bdbf0c9","size":56,"timeStamp":"2022-02-04T22:27:56.784660443Z"},"pod-metrics-0.log":{"path":"pod-metrics-0.log","md5":"3f081739e3afd3bd3dc1a0a2ae6bfd35","size":23057,"timeStamp":"2022-02-04T22:27:56.811027349Z"},"task-stderr-0.log":{"path":"task-stderr-0.log","md5":"b4d6e997589257cccda0527bbb4a8103","size":83,"timeStamp":"2022-02-04T22:27:56.816247133Z"},"task-stdout-0.log":{"path":"task-stdout-0.log","md5":"0bcc08fe240b8a925bd2993be710a2f6","size":27883,"timeStamp":"2022-02-04T22:27:56.794774067Z"},"task-stdouterr-0.log":{"path":"task-stdouterr-0.log","md5":"78c887dd71bb7c7af659cd31d372dce7","size":27966,"timeStamp":"2022-02-04T22:27:56.804427298Z"},"tes-input-handler-init-container-stderr-0.log":{"path":"tes-input-handler-init-container-stderr-0.log","md5":"d41d8cd98f00b204e9800998ecf8427e","size":0,"timeStamp":"2022-02-04T22:27:56.812098326Z"},"tes-input-handler-init-container-stdout-0.log":{"path":"tes-input-handler-init-container-stdout-0.log","md5":"d41d8cd98f00b204e9800998ecf8427e","size":0,"timeStamp":"2022-02-04T22:27:56.815633265Z"},"tes-input-handler-init-container-stdouterr-0.log":{"path":"tes-input-handler-init-container-stdouterr-0.log","md5":"d41d8cd98f00b204e9800998ecf8427e","size":0,"timeStamp":"2022-02-04T22:27:56.813295077Z"}}