{"bsfs-stderr-0.log":{"path":"bsfs-stderr-0.log","md5":"d41d8cd98f00b204e9800998ecf8427e","size":0,"timeStamp":"2022-02-04T22:28:36.088941038Z"},"bsfs-stdout-0.log":{"path":"bsfs-stdout-0.log","md5":"98ad2b97dbbf1584ba27ffec7de86a13","size":1793,"timeStamp":"2022-02-04T22:28:36.148253163Z"},"bsfs-stdouterr-0.log":{"path":"bsfs-stdouterr-0.log","md5":"98ad2b97dbbf1584ba27ffec7de86a13","size":1793,"timeStamp":"2022-02-04T22:28:36.064585984Z"},"dragen-init-stderr-0.log":{"path":"dragen-init-stderr-0.log","md5":"f37957f6cdc32ef638effe4f5bff8a8a","size":161,"timeStamp":"2022-02-04T22:28:36.062654123Z"},"dragen-init-stdout-0.log":{"path":"dragen-init-stdout-0.log","md5":"0a1761ce485370cf56d36fd90f6a9e22","size":321,"timeStamp":"2022-02-04T22:28:36.075953899Z"},"dragen-init-stdouterr-0.log":{"path":"dragen-init-stdouterr-0.log","md5":"846284e38f7e42def959ba7e772647f4","size":482,"timeStamp":"2022-02-04T22:28:36.068196172Z"},"heartbeat-init-stderr-0.log":{"path":"heartbeat-init-stderr-0.log","md5":"cb7020f37ed77a03bedcfc0cb84769c2","size":16430,"timeStamp":"2022-02-04T22:28:36.080941245Z"},"heartbeat-init-stdout-0.log":{"path":"heartbeat-init-stdout-0.log","md5":"d41d8cd98f00b204e9800998ecf8427e","size":0,"timeStamp":"2022-02-04T22:28:36.074532068Z"},"heartbeat-init-stdouterr-0.log":{"path":"heartbeat-init-stdouterr-0.log","md5":"cb7020f37ed77a03bedcfc0cb84769c2","size":16430,"timeStamp":"2022-02-04T22:28:36.414523939Z"},"heartbeat-stderr-0.log":{"path":"heartbeat-stderr-0.log","md5":"8877447dd7fea8e1e220a9a4985beaad","size":678,"timeStamp":"2022-02-04T22:28:36.086169508Z"},"heartbeat-stdout-0.log":{"path":"heartbeat-stdout-0.log","md5":"d41d8cd98f00b204e9800998ecf8427e","size":0,"timeStamp":"2022-02-04T22:28:36.13916211Z"},"heartbeat-stdouterr-0.log":{"path":"heartbeat-stdouterr-0.log","md5":"8877447dd7fea8e1e220a9a4985beaad","size":678,"timeStamp":"2022-02-04T22:28:36.09457965Z"},"logging-stderr-0.log":{"path":"logging-stderr-0.log","md5":"3d4d51dbdc0af2e53bea04c2fd899893","size":12159,"timeStamp":"2022-02-04T22:28:36.102200299Z"},"logging-stdout-0.log":{"path":"logging-stdout-0.log","md5":"38aba068a5ed417ba90755e25eb44070","size":90,"timeStamp":"2022-02-04T22:28:36.108536584Z"},"logging-stdouterr-0.log":{"path":"logging-stdouterr-0.log","md5":"fe2d9aef622a21f95893d6f143c301bc","size":12249,"timeStamp":"2022-02-04T22:28:36.107614658Z"},"network-init-stderr-0.log":{"path":"network-init-stderr-0.log","md5":"d41d8cd98f00b204e9800998ecf8427e","size":0,"timeStamp":"2022-02-04T22:28:36.146574545Z"},"network-init-stdout-0.log":{"path":"network-init-stdout-0.log","md5":"d41d8cd98f00b204e9800998ecf8427e","size":0,"timeStamp":"2022-02-04T22:28:36.122650864Z"},"network-init-stdouterr-0.log":{"path":"network-init-stdouterr-0.log","md5":"d41d8cd98f00b204e9800998ecf8427e","size":0,"timeStamp":"2022-02-04T22:28:36.119441846Z"},"output0-stderr-0.log":{"path":"output0-stderr-0.log","md5":"790c2796105f43008116797420d29d77","size":5001,"timeStamp":"2022-02-04T22:28:36.126806632Z"},"output0-stdout-0.log":{"path":"output0-stdout-0.log","md5":"d41d8cd98f00b204e9800998ecf8427e","size":0,"timeStamp":"2022-02-04T22:28:36.134316299Z"},"output0-stdouterr-0.log":{"path":"output0-stdouterr-0.log","md5":"790c2796105f43008116797420d29d77","size":5001,"timeStamp":"2022-02-04T22:28:36.13861642Z"},"output1-stderr-0.log":{"path":"output1-stderr-0.log","md5":"8c7a37ced6e6deead528ebcdd9a0c833","size":1576,"timeStamp":"2022-02-04T22:28:36.139221522Z"},"output1-stdout-0.log":{"path":"output1-stdout-0.log","md5":"d41d8cd98f00b204e9800998ecf8427e","size":0,"timeStamp":"2022-02-04T22:28:36.272150005Z"},"output1-stdouterr-0.log":{"path":"output1-stdouterr-0.log","md5":"8c7a37ced6e6deead528ebcdd9a0c833","size":1576,"timeStamp":"2022-02-04T22:28:36.402975745Z"},"permission-init-stderr-0.log":{"path":"permission-init-stderr-0.log","md5":"d41d8cd98f00b204e9800998ecf8427e","size":0,"timeStamp":"2022-02-04T22:28:36.161079959Z"},"permission-init-stdout-0.log":{"path":"permission-init-stdout-0.log","md5":"21ef90e300563892cd1beec584c9bbec","size":2212,"timeStamp":"2022-02-04T22:28:36.209903085Z"},"permission-init-stdouterr-0.log":{"path":"permission-init-stdouterr-0.log","md5":"21ef90e300563892cd1beec584c9bbec","size":2212,"timeStamp":"2022-02-04T22:28:36.166731259Z"},"pod-0.log":{"path":"pod-0.log","md5":"b8fa708d54dddc1ad80f7dcb47f6fd32","size":56,"timeStamp":"2022-02-04T22:28:36.171226122Z"},"pod-metrics-0.log":{"path":"pod-metrics-0.log","md5":"5e2bc6bfd3bfa1fa2506b4d319b2e082","size":22864,"timeStamp":"2022-02-04T22:28:36.17546035Z"},"task-stderr-0.log":{"path":"task-stderr-0.log","md5":"b4d6e997589257cccda0527bbb4a8103","size":83,"timeStamp":"2022-02-04T22:28:36.183010123Z"},"task-stdout-0.log":{"path":"task-stdout-0.log","md5":"a1a5e874f7b96ab46253874e2a057fcc","size":27876,"timeStamp":"2022-02-04T22:28:36.18055295Z"},"task-stdouterr-0.log":{"path":"task-stdouterr-0.log","md5":"81e7c4ddc012b147946bac6a5aa3ca09","size":27959,"timeStamp":"2022-02-04T22:28:36.212218084Z"},"tes-input-handler-init-container-stderr-0.log":{"path":"tes-input-handler-init-container-stderr-0.log","md5":"d41d8cd98f00b204e9800998ecf8427e","size":0,"timeStamp":"2022-02-04T22:28:36.198826013Z"},"tes-input-handler-init-container-stdout-0.log":{"path":"tes-input-handler-init-container-stdout-0.log","md5":"d41d8cd98f00b204e9800998ecf8427e","size":0,"timeStamp":"2022-02-04T22:28:36.253226313Z"},"tes-input-handler-init-container-stdouterr-0.log":{"path":"tes-input-handler-init-container-stdouterr-0.log","md5":"d41d8cd98f00b204e9800998ecf8427e","size":0,"timeStamp":"2022-02-04T22:28:36.228204065Z"}}