{"bsfs-stderr-0.log":{"path":"bsfs-stderr-0.log","md5":"d41d8cd98f00b204e9800998ecf8427e","size":0,"timeStamp":"2022-02-04T22:27:08.087434385Z"},"bsfs-stdout-0.log":{"path":"bsfs-stdout-0.log","md5":"63ee82465c5df7d45448200b644ba583","size":1795,"timeStamp":"2022-02-04T22:27:08.058072769Z"},"bsfs-stdouterr-0.log":{"path":"bsfs-stdouterr-0.log","md5":"63ee82465c5df7d45448200b644ba583","size":1795,"timeStamp":"2022-02-04T22:27:08.050314595Z"},"dragen-init-stderr-0.log":{"path":"dragen-init-stderr-0.log","md5":"f37957f6cdc32ef638effe4f5bff8a8a","size":161,"timeStamp":"2022-02-04T22:27:08.069700241Z"},"dragen-init-stdout-0.log":{"path":"dragen-init-stdout-0.log","md5":"18d9e6edcc4a64fcd7edb9e6182107ad","size":323,"timeStamp":"2022-02-04T22:27:08.061890315Z"},"dragen-init-stdouterr-0.log":{"path":"dragen-init-stdouterr-0.log","md5":"f7529351a76b4be7aaa7f1a1be835c42","size":484,"timeStamp":"2022-02-04T22:27:08.049873447Z"},"heartbeat-init-stderr-0.log":{"path":"heartbeat-init-stderr-0.log","md5":"17f2a23df74529fa056d2e2d3fdb69b6","size":16430,"timeStamp":"2022-02-04T22:27:08.105948127Z"},"heartbeat-init-stdout-0.log":{"path":"heartbeat-init-stdout-0.log","md5":"d41d8cd98f00b204e9800998ecf8427e","size":0,"timeStamp":"2022-02-04T22:27:08.041590846Z"},"heartbeat-init-stdouterr-0.log":{"path":"heartbeat-init-stdouterr-0.log","md5":"17f2a23df74529fa056d2e2d3fdb69b6","size":16430,"timeStamp":"2022-02-04T22:27:08.047873325Z"},"heartbeat-stderr-0.log":{"path":"heartbeat-stderr-0.log","md5":"61dfa571b3cdabf8069fc4b8ef50d44c","size":678,"timeStamp":"2022-02-04T22:27:08.077695168Z"},"heartbeat-stdout-0.log":{"path":"heartbeat-stdout-0.log","md5":"d41d8cd98f00b204e9800998ecf8427e","size":0,"timeStamp":"2022-02-04T22:27:08.068089909Z"},"heartbeat-stdouterr-0.log":{"path":"heartbeat-stdouterr-0.log","md5":"61dfa571b3cdabf8069fc4b8ef50d44c","size":678,"timeStamp":"2022-02-04T22:27:08.078512094Z"},"logging-stderr-0.log":{"path":"logging-stderr-0.log","md5":"9e72413179aba074b2b3fc0971f69f6a","size":12158,"timeStamp":"2022-02-04T22:27:08.079099876Z"},"logging-stdout-0.log":{"path":"logging-stdout-0.log","md5":"38aba068a5ed417ba90755e25eb44070","size":90,"timeStamp":"2022-02-04T22:27:08.075876102Z"},"logging-stdouterr-0.log":{"path":"logging-stdouterr-0.log","md5":"cdf3b6c7272937a3f0f2e0760b2e528c","size":12248,"timeStamp":"2022-02-04T22:27:08.083864426Z"},"network-init-stderr-0.log":{"path":"network-init-stderr-0.log","md5":"d41d8cd98f00b204e9800998ecf8427e","size":0,"timeStamp":"2022-02-04T22:27:08.11940275Z"},"network-init-stdout-0.log":{"path":"network-init-stdout-0.log","md5":"d41d8cd98f00b204e9800998ecf8427e","size":0,"timeStamp":"2022-02-04T22:27:08.097642993Z"},"network-init-stdouterr-0.log":{"path":"network-init-stdouterr-0.log","md5":"d41d8cd98f00b204e9800998ecf8427e","size":0,"timeStamp":"2022-02-04T22:27:08.149616964Z"},"output0-stderr-0.log":{"path":"output0-stderr-0.log","md5":"530d2839512f37839dbad01b4934a57a","size":5002,"timeStamp":"2022-02-04T22:27:08.107640205Z"},"output0-stdout-0.log":{"path":"output0-stdout-0.log","md5":"d41d8cd98f00b204e9800998ecf8427e","size":0,"timeStamp":"2022-02-04T22:27:08.110293Z"},"output0-stdouterr-0.log":{"path":"output0-stdouterr-0.log","md5":"530d2839512f37839dbad01b4934a57a","size":5002,"timeStamp":"2022-02-04T22:27:08.136732842Z"},"output1-stderr-0.log":{"path":"output1-stderr-0.log","md5":"56c2b6b5216fdc2da482af8f14c4beda","size":1576,"timeStamp":"2022-02-04T22:27:08.112017985Z"},"output1-stdout-0.log":{"path":"output1-stdout-0.log","md5":"d41d8cd98f00b204e9800998ecf8427e","size":0,"timeStamp":"2022-02-04T22:27:08.112794725Z"},"output1-stdouterr-0.log":{"path":"output1-stdouterr-0.log","md5":"56c2b6b5216fdc2da482af8f14c4beda","size":1576,"timeStamp":"2022-02-04T22:27:08.11792841Z"},"permission-init-stderr-0.log":{"path":"permission-init-stderr-0.log","md5":"d41d8cd98f00b204e9800998ecf8427e","size":0,"timeStamp":"2022-02-04T22:27:08.127123799Z"},"permission-init-stdout-0.log":{"path":"permission-init-stdout-0.log","md5":"2d7deea003ae862c9238e0be4b9dc307","size":2212,"timeStamp":"2022-02-04T22:27:08.138811715Z"},"permission-init-stdouterr-0.log":{"path":"permission-init-stdouterr-0.log","md5":"2d7deea003ae862c9238e0be4b9dc307","size":2212,"timeStamp":"2022-02-04T22:27:08.170246967Z"},"pod-0.log":{"path":"pod-0.log","md5":"900b1be1d94d30df7612c2bb6a50b653","size":56,"timeStamp":"2022-02-04T22:27:08.138528457Z"},"pod-metrics-0.log":{"path":"pod-metrics-0.log","md5":"5dfe4f9976381e828df867b8c2398a5b","size":22797,"timeStamp":"2022-02-04T22:27:08.148850228Z"},"task-stderr-0.log":{"path":"task-stderr-0.log","md5":"b4d6e997589257cccda0527bbb4a8103","size":83,"timeStamp":"2022-02-04T22:27:08.141458589Z"},"task-stdout-0.log":{"path":"task-stdout-0.log","md5":"32c1d9c61ebdfe363812d5403fcad13d","size":27884,"timeStamp":"2022-02-04T22:27:08.15908841Z"},"task-stdouterr-0.log":{"path":"task-stdouterr-0.log","md5":"9a137832a14b7cc4be365b8529be426e","size":27967,"timeStamp":"2022-02-04T22:27:08.151571029Z"},"tes-input-handler-init-container-stderr-0.log":{"path":"tes-input-handler-init-container-stderr-0.log","md5":"d41d8cd98f00b204e9800998ecf8427e","size":0,"timeStamp":"2022-02-04T22:27:08.205033714Z"},"tes-input-handler-init-container-stdout-0.log":{"path":"tes-input-handler-init-container-stdout-0.log","md5":"d41d8cd98f00b204e9800998ecf8427e","size":0,"timeStamp":"2022-02-04T22:27:08.191568452Z"},"tes-input-handler-init-container-stdouterr-0.log":{"path":"tes-input-handler-init-container-stdouterr-0.log","md5":"d41d8cd98f00b204e9800998ecf8427e","size":0,"timeStamp":"2022-02-04T22:27:08.169717082Z"}}