{"bsfs-stderr-0.log":{"path":"bsfs-stderr-0.log","md5":"d41d8cd98f00b204e9800998ecf8427e","size":0,"timeStamp":"2022-02-04T22:43:01.917614984Z"},"bsfs-stdout-0.log":{"path":"bsfs-stdout-0.log","md5":"46ae39eca60ec009658ea747fc7d1807","size":1795,"timeStamp":"2022-02-04T22:43:01.915522297Z"},"bsfs-stdouterr-0.log":{"path":"bsfs-stdouterr-0.log","md5":"46ae39eca60ec009658ea747fc7d1807","size":1795,"timeStamp":"2022-02-04T22:43:01.920126958Z"},"dragen-init-stderr-0.log":{"path":"dragen-init-stderr-0.log","md5":"f37957f6cdc32ef638effe4f5bff8a8a","size":161,"timeStamp":"2022-02-04T22:43:01.981796699Z"},"dragen-init-stdout-0.log":{"path":"dragen-init-stdout-0.log","md5":"b2c737aa8b42e8b0e7842c2cbceda1f6","size":350,"timeStamp":"2022-02-04T22:43:01.932858878Z"},"dragen-init-stdouterr-0.log":{"path":"dragen-init-stdouterr-0.log","md5":"ba862ec76dc6f7060019cd9c4572f751","size":511,"timeStamp":"2022-02-04T22:43:01.949674297Z"},"heartbeat-init-stderr-0.log":{"path":"heartbeat-init-stderr-0.log","md5":"a408b9b30033f1f79dab02513e6e1df7","size":16430,"timeStamp":"2022-02-04T22:43:01.941947395Z"},"heartbeat-init-stdout-0.log":{"path":"heartbeat-init-stdout-0.log","md5":"d41d8cd98f00b204e9800998ecf8427e","size":0,"timeStamp":"2022-02-04T22:43:01.938536084Z"},"heartbeat-init-stdouterr-0.log":{"path":"heartbeat-init-stdouterr-0.log","md5":"a408b9b30033f1f79dab02513e6e1df7","size":16430,"timeStamp":"2022-02-04T22:43:01.933797054Z"},"heartbeat-stderr-0.log":{"path":"heartbeat-stderr-0.log","md5":"b630cc5bc068565d25530cf2bf3caf1b","size":677,"timeStamp":"2022-02-04T22:43:01.931577674Z"},"heartbeat-stdout-0.log":{"path":"heartbeat-stdout-0.log","md5":"d41d8cd98f00b204e9800998ecf8427e","size":0,"timeStamp":"2022-02-04T22:43:01.966224749Z"},"heartbeat-stdouterr-0.log":{"path":"heartbeat-stdouterr-0.log","md5":"b630cc5bc068565d25530cf2bf3caf1b","size":677,"timeStamp":"2022-02-04T22:43:01.948424802Z"},"logging-stderr-0.log":{"path":"logging-stderr-0.log","md5":"70daa1158fbed9f93ab8fce9b3e72a50","size":12158,"timeStamp":"2022-02-04T22:43:02.008296032Z"},"logging-stdout-0.log":{"path":"logging-stdout-0.log","md5":"38aba068a5ed417ba90755e25eb44070","size":90,"timeStamp":"2022-02-04T22:43:01.960727166Z"},"logging-stdouterr-0.log":{"path":"logging-stdouterr-0.log","md5":"5d1ae6684465a491caadedd14635a85f","size":12248,"timeStamp":"2022-02-04T22:43:01.969020827Z"},"network-init-stderr-0.log":{"path":"network-init-stderr-0.log","md5":"d41d8cd98f00b204e9800998ecf8427e","size":0,"timeStamp":"2022-02-04T22:43:01.97293911Z"},"network-init-stdout-0.log":{"path":"network-init-stdout-0.log","md5":"d41d8cd98f00b204e9800998ecf8427e","size":0,"timeStamp":"2022-02-04T22:43:01.979500625Z"},"network-init-stdouterr-0.log":{"path":"network-init-stdouterr-0.log","md5":"d41d8cd98f00b204e9800998ecf8427e","size":0,"timeStamp":"2022-02-04T22:43:02.020650983Z"},"output0-stderr-0.log":{"path":"output0-stderr-0.log","md5":"147801496b01d4ecea51cfdba807bd4f","size":5008,"timeStamp":"2022-02-04T22:43:01.977015925Z"},"output0-stdout-0.log":{"path":"output0-stdout-0.log","md5":"d41d8cd98f00b204e9800998ecf8427e","size":0,"timeStamp":"2022-02-04T22:43:01.98126915Z"},"output0-stdouterr-0.log":{"path":"output0-stdouterr-0.log","md5":"147801496b01d4ecea51cfdba807bd4f","size":5008,"timeStamp":"2022-02-04T22:43:02.022898005Z"},"output1-stderr-0.log":{"path":"output1-stderr-0.log","md5":"e95cc191d50117cff5906cfccffee4a4","size":1576,"timeStamp":"2022-02-04T22:43:01.997337921Z"},"output1-stdout-0.log":{"path":"output1-stdout-0.log","md5":"d41d8cd98f00b204e9800998ecf8427e","size":0,"timeStamp":"2022-02-04T22:43:01.996164916Z"},"output1-stdouterr-0.log":{"path":"output1-stdouterr-0.log","md5":"e95cc191d50117cff5906cfccffee4a4","size":1576,"timeStamp":"2022-02-04T22:43:02.005052739Z"},"permission-init-stderr-0.log":{"path":"permission-init-stderr-0.log","md5":"d41d8cd98f00b204e9800998ecf8427e","size":0,"timeStamp":"2022-02-04T22:43:02.004246452Z"},"permission-init-stdout-0.log":{"path":"permission-init-stdout-0.log","md5":"9aa8944ea01944bfee74259024383cdb","size":2212,"timeStamp":"2022-02-04T22:43:02.016994282Z"},"permission-init-stdouterr-0.log":{"path":"permission-init-stdouterr-0.log","md5":"9aa8944ea01944bfee74259024383cdb","size":2212,"timeStamp":"2022-02-04T22:43:02.017407043Z"},"pod-0.log":{"path":"pod-0.log","md5":"808b6219d1472ac883ab05e997655db1","size":56,"timeStamp":"2022-02-04T22:43:02.013644544Z"},"pod-metrics-0.log":{"path":"pod-metrics-0.log","md5":"67ddde108d6cf9fa2a143cde3ab91649","size":23121,"timeStamp":"2022-02-04T22:43:02.038412503Z"},"task-stderr-0.log":{"path":"task-stderr-0.log","md5":"b4d6e997589257cccda0527bbb4a8103","size":83,"timeStamp":"2022-02-04T22:43:02.024579266Z"},"task-stdout-0.log":{"path":"task-stdout-0.log","md5":"9320d34037419874099fb929f64718d7","size":27883,"timeStamp":"2022-02-04T22:43:02.030585304Z"},"task-stdouterr-0.log":{"path":"task-stdouterr-0.log","md5":"83b709169c2724341779d306af02167d","size":27966,"timeStamp":"2022-02-04T22:43:02.04051114Z"},"tes-input-handler-init-container-stderr-0.log":{"path":"tes-input-handler-init-container-stderr-0.log","md5":"d41d8cd98f00b204e9800998ecf8427e","size":0,"timeStamp":"2022-02-04T22:43:02.066915935Z"},"tes-input-handler-init-container-stdout-0.log":{"path":"tes-input-handler-init-container-stdout-0.log","md5":"d41d8cd98f00b204e9800998ecf8427e","size":0,"timeStamp":"2022-02-04T22:43:02.042809838Z"},"tes-input-handler-init-container-stdouterr-0.log":{"path":"tes-input-handler-init-container-stdouterr-0.log","md5":"d41d8cd98f00b204e9800998ecf8427e","size":0,"timeStamp":"2022-02-04T22:43:02.045079337Z"}}