{"bsfs-stderr-0.log":{"path":"bsfs-stderr-0.log","md5":"d41d8cd98f00b204e9800998ecf8427e","size":0,"timeStamp":"2022-02-04T22:27:08.759551282Z"},"bsfs-stdout-0.log":{"path":"bsfs-stdout-0.log","md5":"dd00d21686f678cd365563f69e2f6a1e","size":1796,"timeStamp":"2022-02-04T22:27:08.779079206Z"},"bsfs-stdouterr-0.log":{"path":"bsfs-stdouterr-0.log","md5":"dd00d21686f678cd365563f69e2f6a1e","size":1796,"timeStamp":"2022-02-04T22:27:08.764299292Z"},"dragen-init-stderr-0.log":{"path":"dragen-init-stderr-0.log","md5":"f37957f6cdc32ef638effe4f5bff8a8a","size":161,"timeStamp":"2022-02-04T22:27:08.749496763Z"},"dragen-init-stdout-0.log":{"path":"dragen-init-stdout-0.log","md5":"9244add434130fde47f53cf79b0a61ca","size":322,"timeStamp":"2022-02-04T22:27:08.75074431Z"},"dragen-init-stdouterr-0.log":{"path":"dragen-init-stdouterr-0.log","md5":"ca78cbc3688ea42ef21a5fafefb06171","size":483,"timeStamp":"2022-02-04T22:27:08.754932399Z"},"heartbeat-init-stderr-0.log":{"path":"heartbeat-init-stderr-0.log","md5":"55cd04d2fc0f3609635afc3ccd381014","size":16430,"timeStamp":"2022-02-04T22:27:08.787988404Z"},"heartbeat-init-stdout-0.log":{"path":"heartbeat-init-stdout-0.log","md5":"d41d8cd98f00b204e9800998ecf8427e","size":0,"timeStamp":"2022-02-04T22:27:08.757627299Z"},"heartbeat-init-stdouterr-0.log":{"path":"heartbeat-init-stdouterr-0.log","md5":"55cd04d2fc0f3609635afc3ccd381014","size":16430,"timeStamp":"2022-02-04T22:27:08.75409337Z"},"heartbeat-stderr-0.log":{"path":"heartbeat-stderr-0.log","md5":"1aecb61953a2aa27f72583be89b74001","size":677,"timeStamp":"2022-02-04T22:27:08.746027256Z"},"heartbeat-stdout-0.log":{"path":"heartbeat-stdout-0.log","md5":"d41d8cd98f00b204e9800998ecf8427e","size":0,"timeStamp":"2022-02-04T22:27:08.778092034Z"},"heartbeat-stdouterr-0.log":{"path":"heartbeat-stdouterr-0.log","md5":"1aecb61953a2aa27f72583be89b74001","size":677,"timeStamp":"2022-02-04T22:27:08.781572553Z"},"logging-stderr-0.log":{"path":"logging-stderr-0.log","md5":"5100dea2bb9e0d3ed12032896a2905a5","size":12158,"timeStamp":"2022-02-04T22:27:08.785076677Z"},"logging-stdout-0.log":{"path":"logging-stdout-0.log","md5":"38aba068a5ed417ba90755e25eb44070","size":90,"timeStamp":"2022-02-04T22:27:08.812781793Z"},"logging-stdouterr-0.log":{"path":"logging-stdouterr-0.log","md5":"d86fd13c1d74b51c20947221e241e9f3","size":12248,"timeStamp":"2022-02-04T22:27:08.78470653Z"},"network-init-stderr-0.log":{"path":"network-init-stderr-0.log","md5":"d41d8cd98f00b204e9800998ecf8427e","size":0,"timeStamp":"2022-02-04T22:27:08.839903614Z"},"network-init-stdout-0.log":{"path":"network-init-stdout-0.log","md5":"d41d8cd98f00b204e9800998ecf8427e","size":0,"timeStamp":"2022-02-04T22:27:08.786386984Z"},"network-init-stdouterr-0.log":{"path":"network-init-stdouterr-0.log","md5":"d41d8cd98f00b204e9800998ecf8427e","size":0,"timeStamp":"2022-02-04T22:27:08.811335644Z"},"output0-stderr-0.log":{"path":"output0-stderr-0.log","md5":"7f4c1138f1ec3538e761c14db40faf37","size":5003,"timeStamp":"2022-02-04T22:27:08.806025707Z"},"output0-stdout-0.log":{"path":"output0-stdout-0.log","md5":"d41d8cd98f00b204e9800998ecf8427e","size":0,"timeStamp":"2022-02-04T22:27:08.812858222Z"},"output0-stdouterr-0.log":{"path":"output0-stdouterr-0.log","md5":"7f4c1138f1ec3538e761c14db40faf37","size":5003,"timeStamp":"2022-02-04T22:27:08.862315441Z"},"output1-stderr-0.log":{"path":"output1-stderr-0.log","md5":"7661a6bf50c32dbbb2f438a24d3d5171","size":1577,"timeStamp":"2022-02-04T22:27:08.81577928Z"},"output1-stdout-0.log":{"path":"output1-stdout-0.log","md5":"d41d8cd98f00b204e9800998ecf8427e","size":0,"timeStamp":"2022-02-04T22:27:08.813713595Z"},"output1-stdouterr-0.log":{"path":"output1-stdouterr-0.log","md5":"7661a6bf50c32dbbb2f438a24d3d5171","size":1577,"timeStamp":"2022-02-04T22:27:08.820306025Z"},"permission-init-stderr-0.log":{"path":"permission-init-stderr-0.log","md5":"d41d8cd98f00b204e9800998ecf8427e","size":0,"timeStamp":"2022-02-04T22:27:08.829959521Z"},"permission-init-stdout-0.log":{"path":"permission-init-stdout-0.log","md5":"f3e489eb08e21193db3f3a8442f8c3bc","size":2212,"timeStamp":"2022-02-04T22:27:08.836606925Z"},"permission-init-stdouterr-0.log":{"path":"permission-init-stdouterr-0.log","md5":"f3e489eb08e21193db3f3a8442f8c3bc","size":2212,"timeStamp":"2022-02-04T22:27:08.864929687Z"},"pod-0.log":{"path":"pod-0.log","md5":"900b1be1d94d30df7612c2bb6a50b653","size":56,"timeStamp":"2022-02-04T22:27:08.84194531Z"},"pod-metrics-0.log":{"path":"pod-metrics-0.log","md5":"ac55e300492687a5249851eb0bfca7e2","size":22662,"timeStamp":"2022-02-04T22:27:08.901460727Z"},"task-stderr-0.log":{"path":"task-stderr-0.log","md5":"b4d6e997589257cccda0527bbb4a8103","size":83,"timeStamp":"2022-02-04T22:27:08.841198924Z"},"task-stdout-0.log":{"path":"task-stdout-0.log","md5":"e985074d88fdb7a6e1fbe1df8dde350f","size":27882,"timeStamp":"2022-02-04T22:27:08.860033236Z"},"task-stdouterr-0.log":{"path":"task-stdouterr-0.log","md5":"fed9db1bff3a99a93c72aa8dee5a2fc8","size":27965,"timeStamp":"2022-02-04T22:27:08.849599026Z"},"tes-input-handler-init-container-stderr-0.log":{"path":"tes-input-handler-init-container-stderr-0.log","md5":"d41d8cd98f00b204e9800998ecf8427e","size":0,"timeStamp":"2022-02-04T22:27:08.85907694Z"},"tes-input-handler-init-container-stdout-0.log":{"path":"tes-input-handler-init-container-stdout-0.log","md5":"d41d8cd98f00b204e9800998ecf8427e","size":0,"timeStamp":"2022-02-04T22:27:08.864487331Z"},"tes-input-handler-init-container-stdouterr-0.log":{"path":"tes-input-handler-init-container-stdouterr-0.log","md5":"d41d8cd98f00b204e9800998ecf8427e","size":0,"timeStamp":"2022-02-04T22:27:08.87436644Z"}}