{"bsfs-stderr-0.log":{"path":"bsfs-stderr-0.log","md5":"d41d8cd98f00b204e9800998ecf8427e","size":0,"timeStamp":"2022-02-04T22:28:18.086263863Z"},"bsfs-stdout-0.log":{"path":"bsfs-stdout-0.log","md5":"bd79a6574e48274e9fbfaa2a3e12c1ef","size":1795,"timeStamp":"2022-02-04T22:28:18.079174407Z"},"bsfs-stdouterr-0.log":{"path":"bsfs-stdouterr-0.log","md5":"bd79a6574e48274e9fbfaa2a3e12c1ef","size":1795,"timeStamp":"2022-02-04T22:28:18.086772099Z"},"dragen-init-stderr-0.log":{"path":"dragen-init-stderr-0.log","md5":"f37957f6cdc32ef638effe4f5bff8a8a","size":161,"timeStamp":"2022-02-04T22:28:18.074742315Z"},"dragen-init-stdout-0.log":{"path":"dragen-init-stdout-0.log","md5":"9244add434130fde47f53cf79b0a61ca","size":322,"timeStamp":"2022-02-04T22:28:18.079681044Z"},"dragen-init-stdouterr-0.log":{"path":"dragen-init-stdouterr-0.log","md5":"e96f11670a7b3c692e250179ffb3f4a3","size":483,"timeStamp":"2022-02-04T22:28:18.086309857Z"},"heartbeat-init-stderr-0.log":{"path":"heartbeat-init-stderr-0.log","md5":"04c27a13c458c7ce6b51532f0e6d1d34","size":16430,"timeStamp":"2022-02-04T22:28:18.120383552Z"},"heartbeat-init-stdout-0.log":{"path":"heartbeat-init-stdout-0.log","md5":"d41d8cd98f00b204e9800998ecf8427e","size":0,"timeStamp":"2022-02-04T22:28:18.088659429Z"},"heartbeat-init-stdouterr-0.log":{"path":"heartbeat-init-stdouterr-0.log","md5":"04c27a13c458c7ce6b51532f0e6d1d34","size":16430,"timeStamp":"2022-02-04T22:28:18.07766137Z"},"heartbeat-stderr-0.log":{"path":"heartbeat-stderr-0.log","md5":"7744e045b76e31a16d590514b3b82d73","size":678,"timeStamp":"2022-02-04T22:28:18.097312847Z"},"heartbeat-stdout-0.log":{"path":"heartbeat-stdout-0.log","md5":"d41d8cd98f00b204e9800998ecf8427e","size":0,"timeStamp":"2022-02-04T22:28:18.123089525Z"},"heartbeat-stdouterr-0.log":{"path":"heartbeat-stdouterr-0.log","md5":"7744e045b76e31a16d590514b3b82d73","size":678,"timeStamp":"2022-02-04T22:28:18.11147054Z"},"logging-stderr-0.log":{"path":"logging-stderr-0.log","md5":"97cedb5616ca7890decca82c172cb9cd","size":12159,"timeStamp":"2022-02-04T22:28:18.105021728Z"},"logging-stdout-0.log":{"path":"logging-stdout-0.log","md5":"38aba068a5ed417ba90755e25eb44070","size":90,"timeStamp":"2022-02-04T22:28:18.126005628Z"},"logging-stdouterr-0.log":{"path":"logging-stdouterr-0.log","md5":"cb09a0b71fcc1b155b87f13eb561f93e","size":12249,"timeStamp":"2022-02-04T22:28:18.115512144Z"},"network-init-stderr-0.log":{"path":"network-init-stderr-0.log","md5":"d41d8cd98f00b204e9800998ecf8427e","size":0,"timeStamp":"2022-02-04T22:28:18.122678185Z"},"network-init-stdout-0.log":{"path":"network-init-stdout-0.log","md5":"d41d8cd98f00b204e9800998ecf8427e","size":0,"timeStamp":"2022-02-04T22:28:18.160345783Z"},"network-init-stdouterr-0.log":{"path":"network-init-stdouterr-0.log","md5":"d41d8cd98f00b204e9800998ecf8427e","size":0,"timeStamp":"2022-02-04T22:28:18.12763698Z"},"output0-stderr-0.log":{"path":"output0-stderr-0.log","md5":"1a16fef2b2e5dbfd4ba305fd65356ca1","size":5000,"timeStamp":"2022-02-04T22:28:18.223215892Z"},"output0-stdout-0.log":{"path":"output0-stdout-0.log","md5":"d41d8cd98f00b204e9800998ecf8427e","size":0,"timeStamp":"2022-02-04T22:28:18.135776759Z"},"output0-stdouterr-0.log":{"path":"output0-stdouterr-0.log","md5":"1a16fef2b2e5dbfd4ba305fd65356ca1","size":5000,"timeStamp":"2022-02-04T22:28:18.140049287Z"},"output1-stderr-0.log":{"path":"output1-stderr-0.log","md5":"387114052c30434c20c963d0b6fb1073","size":1576,"timeStamp":"2022-02-04T22:28:18.175480582Z"},"output1-stdout-0.log":{"path":"output1-stdout-0.log","md5":"d41d8cd98f00b204e9800998ecf8427e","size":0,"timeStamp":"2022-02-04T22:28:18.147013323Z"},"output1-stdouterr-0.log":{"path":"output1-stdouterr-0.log","md5":"387114052c30434c20c963d0b6fb1073","size":1576,"timeStamp":"2022-02-04T22:28:18.172426411Z"},"permission-init-stderr-0.log":{"path":"permission-init-stderr-0.log","md5":"d41d8cd98f00b204e9800998ecf8427e","size":0,"timeStamp":"2022-02-04T22:28:18.172014073Z"},"permission-init-stdout-0.log":{"path":"permission-init-stdout-0.log","md5":"aeecc314dfb1b2f7bdc94bf749afce73","size":2212,"timeStamp":"2022-02-04T22:28:18.152751268Z"},"permission-init-stdouterr-0.log":{"path":"permission-init-stdouterr-0.log","md5":"aeecc314dfb1b2f7bdc94bf749afce73","size":2212,"timeStamp":"2022-02-04T22:28:18.155465628Z"},"pod-0.log":{"path":"pod-0.log","md5":"093d542ffbb4f11cada7a92d5f9c4187","size":56,"timeStamp":"2022-02-04T22:28:18.173744244Z"},"pod-metrics-0.log":{"path":"pod-metrics-0.log","md5":"28a471ad1c04646016c81e809af7b77d","size":22888,"timeStamp":"2022-02-04T22:28:18.167561375Z"},"task-stderr-0.log":{"path":"task-stderr-0.log","md5":"b4d6e997589257cccda0527bbb4a8103","size":83,"timeStamp":"2022-02-04T22:28:18.180078568Z"},"task-stdout-0.log":{"path":"task-stdout-0.log","md5":"49fa1d8525aaceea8e0bf3ba6f2c6720","size":27883,"timeStamp":"2022-02-04T22:28:18.286601357Z"},"task-stdouterr-0.log":{"path":"task-stdouterr-0.log","md5":"a9bb821802acad0e6606bc5391884dc4","size":27966,"timeStamp":"2022-02-04T22:28:18.252097582Z"},"tes-input-handler-init-container-stderr-0.log":{"path":"tes-input-handler-init-container-stderr-0.log","md5":"d41d8cd98f00b204e9800998ecf8427e","size":0,"timeStamp":"2022-02-04T22:28:18.205218575Z"},"tes-input-handler-init-container-stdout-0.log":{"path":"tes-input-handler-init-container-stdout-0.log","md5":"d41d8cd98f00b204e9800998ecf8427e","size":0,"timeStamp":"2022-02-04T22:28:18.196407594Z"},"tes-input-handler-init-container-stdouterr-0.log":{"path":"tes-input-handler-init-container-stdouterr-0.log","md5":"d41d8cd98f00b204e9800998ecf8427e","size":0,"timeStamp":"2022-02-04T22:28:18.200604563Z"}}