{"bsfs-stderr-0.log":{"path":"bsfs-stderr-0.log","md5":"d41d8cd98f00b204e9800998ecf8427e","size":0,"timeStamp":"2022-02-04T22:27:29.801438783Z"},"bsfs-stdout-0.log":{"path":"bsfs-stdout-0.log","md5":"d247e5be3b599b9272f3b98707b75b55","size":1796,"timeStamp":"2022-02-04T22:27:29.813834292Z"},"bsfs-stdouterr-0.log":{"path":"bsfs-stdouterr-0.log","md5":"d247e5be3b599b9272f3b98707b75b55","size":1796,"timeStamp":"2022-02-04T22:27:29.803530223Z"},"dragen-init-stderr-0.log":{"path":"dragen-init-stderr-0.log","md5":"f37957f6cdc32ef638effe4f5bff8a8a","size":161,"timeStamp":"2022-02-04T22:27:29.799578055Z"},"dragen-init-stdout-0.log":{"path":"dragen-init-stdout-0.log","md5":"18d9e6edcc4a64fcd7edb9e6182107ad","size":323,"timeStamp":"2022-02-04T22:27:29.799510798Z"},"dragen-init-stdouterr-0.log":{"path":"dragen-init-stdouterr-0.log","md5":"f7529351a76b4be7aaa7f1a1be835c42","size":484,"timeStamp":"2022-02-04T22:27:29.804454147Z"},"heartbeat-init-stderr-0.log":{"path":"heartbeat-init-stderr-0.log","md5":"4f4084d9a70c612c045b7e77974fca00","size":16430,"timeStamp":"2022-02-04T22:27:29.801496809Z"},"heartbeat-init-stdout-0.log":{"path":"heartbeat-init-stdout-0.log","md5":"d41d8cd98f00b204e9800998ecf8427e","size":0,"timeStamp":"2022-02-04T22:27:29.803681782Z"},"heartbeat-init-stdouterr-0.log":{"path":"heartbeat-init-stdouterr-0.log","md5":"4f4084d9a70c612c045b7e77974fca00","size":16430,"timeStamp":"2022-02-04T22:27:29.803744482Z"},"heartbeat-stderr-0.log":{"path":"heartbeat-stderr-0.log","md5":"075f70a008db47075a83199a8b517081","size":677,"timeStamp":"2022-02-04T22:27:29.807478559Z"},"heartbeat-stdout-0.log":{"path":"heartbeat-stdout-0.log","md5":"d41d8cd98f00b204e9800998ecf8427e","size":0,"timeStamp":"2022-02-04T22:27:29.825458649Z"},"heartbeat-stdouterr-0.log":{"path":"heartbeat-stdouterr-0.log","md5":"075f70a008db47075a83199a8b517081","size":677,"timeStamp":"2022-02-04T22:27:29.854276966Z"},"logging-stderr-0.log":{"path":"logging-stderr-0.log","md5":"3e757156929621ed0955fa82ebd79957","size":12158,"timeStamp":"2022-02-04T22:27:29.828801995Z"},"logging-stdout-0.log":{"path":"logging-stdout-0.log","md5":"38aba068a5ed417ba90755e25eb44070","size":90,"timeStamp":"2022-02-04T22:27:29.861887426Z"},"logging-stdouterr-0.log":{"path":"logging-stdouterr-0.log","md5":"54efc16a577c634b666fd6e7e8bf3e2d","size":12248,"timeStamp":"2022-02-04T22:27:29.856606208Z"},"network-init-stderr-0.log":{"path":"network-init-stderr-0.log","md5":"d41d8cd98f00b204e9800998ecf8427e","size":0,"timeStamp":"2022-02-04T22:27:29.838332802Z"},"network-init-stdout-0.log":{"path":"network-init-stdout-0.log","md5":"d41d8cd98f00b204e9800998ecf8427e","size":0,"timeStamp":"2022-02-04T22:27:29.833675546Z"},"network-init-stdouterr-0.log":{"path":"network-init-stdouterr-0.log","md5":"d41d8cd98f00b204e9800998ecf8427e","size":0,"timeStamp":"2022-02-04T22:27:29.875852425Z"},"output0-stderr-0.log":{"path":"output0-stderr-0.log","md5":"935800eaea085c9e8ecd3a9cecca9cc0","size":5001,"timeStamp":"2022-02-04T22:27:29.890787849Z"},"output0-stdout-0.log":{"path":"output0-stdout-0.log","md5":"d41d8cd98f00b204e9800998ecf8427e","size":0,"timeStamp":"2022-02-04T22:27:29.88453156Z"},"output0-stdouterr-0.log":{"path":"output0-stdouterr-0.log","md5":"935800eaea085c9e8ecd3a9cecca9cc0","size":5001,"timeStamp":"2022-02-04T22:27:29.867710962Z"},"output1-stderr-0.log":{"path":"output1-stderr-0.log","md5":"543956eadcb99be1be13111f5487c24b","size":1577,"timeStamp":"2022-02-04T22:27:29.860141208Z"},"output1-stdout-0.log":{"path":"output1-stdout-0.log","md5":"d41d8cd98f00b204e9800998ecf8427e","size":0,"timeStamp":"2022-02-04T22:27:29.859376538Z"},"output1-stdouterr-0.log":{"path":"output1-stdouterr-0.log","md5":"543956eadcb99be1be13111f5487c24b","size":1577,"timeStamp":"2022-02-04T22:27:29.86581422Z"},"permission-init-stderr-0.log":{"path":"permission-init-stderr-0.log","md5":"d41d8cd98f00b204e9800998ecf8427e","size":0,"timeStamp":"2022-02-04T22:27:29.88013645Z"},"permission-init-stdout-0.log":{"path":"permission-init-stdout-0.log","md5":"ba5d2bc9ee140a664ef3eaed82c9f1e7","size":2212,"timeStamp":"2022-02-04T22:27:29.890456013Z"},"permission-init-stdouterr-0.log":{"path":"permission-init-stdouterr-0.log","md5":"ba5d2bc9ee140a664ef3eaed82c9f1e7","size":2212,"timeStamp":"2022-02-04T22:27:29.893263448Z"},"pod-0.log":{"path":"pod-0.log","md5":"8f9001f8dd57c8a0366b7854b389aafd","size":56,"timeStamp":"2022-02-04T22:27:29.937259734Z"},"pod-metrics-0.log":{"path":"pod-metrics-0.log","md5":"c089d4e86d86271873f2828b32e04e1d","size":22802,"timeStamp":"2022-02-04T22:27:29.893706395Z"},"task-stderr-0.log":{"path":"task-stderr-0.log","md5":"b4d6e997589257cccda0527bbb4a8103","size":83,"timeStamp":"2022-02-04T22:27:29.896813375Z"},"task-stdout-0.log":{"path":"task-stdout-0.log","md5":"43c80f023d2691c8e3ab44aa61a379cb","size":27877,"timeStamp":"2022-02-04T22:27:29.956210759Z"},"task-stdouterr-0.log":{"path":"task-stdouterr-0.log","md5":"55671b73f051514e8d6909d0e8c7cc4c","size":27960,"timeStamp":"2022-02-04T22:27:29.906515192Z"},"tes-input-handler-init-container-stderr-0.log":{"path":"tes-input-handler-init-container-stderr-0.log","md5":"d41d8cd98f00b204e9800998ecf8427e","size":0,"timeStamp":"2022-02-04T22:27:29.928987508Z"},"tes-input-handler-init-container-stdout-0.log":{"path":"tes-input-handler-init-container-stdout-0.log","md5":"d41d8cd98f00b204e9800998ecf8427e","size":0,"timeStamp":"2022-02-04T22:27:29.912529765Z"},"tes-input-handler-init-container-stdouterr-0.log":{"path":"tes-input-handler-init-container-stdouterr-0.log","md5":"d41d8cd98f00b204e9800998ecf8427e","size":0,"timeStamp":"2022-02-04T22:27:29.927483553Z"}}