{"bsfs-stderr-0.log":{"path":"bsfs-stderr-0.log","md5":"d41d8cd98f00b204e9800998ecf8427e","size":0,"timeStamp":"2022-02-04T22:27:19.846201758Z"},"bsfs-stdout-0.log":{"path":"bsfs-stdout-0.log","md5":"024b1ffa85e2106b32c401f5c8050e76","size":1795,"timeStamp":"2022-02-04T22:27:19.837812487Z"},"bsfs-stdouterr-0.log":{"path":"bsfs-stdouterr-0.log","md5":"024b1ffa85e2106b32c401f5c8050e76","size":1795,"timeStamp":"2022-02-04T22:27:19.838457614Z"},"dragen-init-stderr-0.log":{"path":"dragen-init-stderr-0.log","md5":"f37957f6cdc32ef638effe4f5bff8a8a","size":161,"timeStamp":"2022-02-04T22:27:19.842716309Z"},"dragen-init-stdout-0.log":{"path":"dragen-init-stdout-0.log","md5":"9244add434130fde47f53cf79b0a61ca","size":322,"timeStamp":"2022-02-04T22:27:19.819229659Z"},"dragen-init-stdouterr-0.log":{"path":"dragen-init-stdouterr-0.log","md5":"ca78cbc3688ea42ef21a5fafefb06171","size":483,"timeStamp":"2022-02-04T22:27:19.839174084Z"},"heartbeat-init-stderr-0.log":{"path":"heartbeat-init-stderr-0.log","md5":"2d2c8398613e7e4f88f33a7f8c2c2e67","size":16430,"timeStamp":"2022-02-04T22:27:19.838045382Z"},"heartbeat-init-stdout-0.log":{"path":"heartbeat-init-stdout-0.log","md5":"d41d8cd98f00b204e9800998ecf8427e","size":0,"timeStamp":"2022-02-04T22:27:19.822674521Z"},"heartbeat-init-stdouterr-0.log":{"path":"heartbeat-init-stdouterr-0.log","md5":"2d2c8398613e7e4f88f33a7f8c2c2e67","size":16430,"timeStamp":"2022-02-04T22:27:19.822640084Z"},"heartbeat-stderr-0.log":{"path":"heartbeat-stderr-0.log","md5":"72d4cf623fe4b4e38dd6751fe7b1ebbc","size":678,"timeStamp":"2022-02-04T22:27:19.86021113Z"},"heartbeat-stdout-0.log":{"path":"heartbeat-stdout-0.log","md5":"d41d8cd98f00b204e9800998ecf8427e","size":0,"timeStamp":"2022-02-04T22:27:19.852800775Z"},"heartbeat-stdouterr-0.log":{"path":"heartbeat-stdouterr-0.log","md5":"72d4cf623fe4b4e38dd6751fe7b1ebbc","size":678,"timeStamp":"2022-02-04T22:27:19.849867887Z"},"logging-stderr-0.log":{"path":"logging-stderr-0.log","md5":"1e62eecc7122c5f8fbb7c3ed74a77dd9","size":12158,"timeStamp":"2022-02-04T22:27:19.879473219Z"},"logging-stdout-0.log":{"path":"logging-stdout-0.log","md5":"38aba068a5ed417ba90755e25eb44070","size":90,"timeStamp":"2022-02-04T22:27:19.865038444Z"},"logging-stdouterr-0.log":{"path":"logging-stdouterr-0.log","md5":"555acd14de576805ac66fb6cb6e73f7d","size":12248,"timeStamp":"2022-02-04T22:27:19.899222507Z"},"network-init-stderr-0.log":{"path":"network-init-stderr-0.log","md5":"d41d8cd98f00b204e9800998ecf8427e","size":0,"timeStamp":"2022-02-04T22:27:19.870356664Z"},"network-init-stdout-0.log":{"path":"network-init-stdout-0.log","md5":"d41d8cd98f00b204e9800998ecf8427e","size":0,"timeStamp":"2022-02-04T22:27:19.87357672Z"},"network-init-stdouterr-0.log":{"path":"network-init-stdouterr-0.log","md5":"d41d8cd98f00b204e9800998ecf8427e","size":0,"timeStamp":"2022-02-04T22:27:19.915911098Z"},"output0-stderr-0.log":{"path":"output0-stderr-0.log","md5":"4d0edefa4427fbabf1d6139bb4c95ac4","size":5001,"timeStamp":"2022-02-04T22:27:19.909040036Z"},"output0-stdout-0.log":{"path":"output0-stdout-0.log","md5":"d41d8cd98f00b204e9800998ecf8427e","size":0,"timeStamp":"2022-02-04T22:27:19.880687749Z"},"output0-stdouterr-0.log":{"path":"output0-stdouterr-0.log","md5":"4d0edefa4427fbabf1d6139bb4c95ac4","size":5001,"timeStamp":"2022-02-04T22:27:19.921210242Z"},"output1-stderr-0.log":{"path":"output1-stderr-0.log","md5":"43de3e862310908c34c89ca7061ef551","size":1576,"timeStamp":"2022-02-04T22:27:19.902591403Z"},"output1-stdout-0.log":{"path":"output1-stdout-0.log","md5":"d41d8cd98f00b204e9800998ecf8427e","size":0,"timeStamp":"2022-02-04T22:27:19.941811857Z"},"output1-stdouterr-0.log":{"path":"output1-stdouterr-0.log","md5":"43de3e862310908c34c89ca7061ef551","size":1576,"timeStamp":"2022-02-04T22:27:19.89786858Z"},"permission-init-stderr-0.log":{"path":"permission-init-stderr-0.log","md5":"d41d8cd98f00b204e9800998ecf8427e","size":0,"timeStamp":"2022-02-04T22:27:19.909209703Z"},"permission-init-stdout-0.log":{"path":"permission-init-stdout-0.log","md5":"b054c8ad8127496c8c53d78367a151fc","size":2212,"timeStamp":"2022-02-04T22:27:19.909136622Z"},"permission-init-stdouterr-0.log":{"path":"permission-init-stdouterr-0.log","md5":"b054c8ad8127496c8c53d78367a151fc","size":2212,"timeStamp":"2022-02-04T22:27:20.101703422Z"},"pod-0.log":{"path":"pod-0.log","md5":"4ba9984cc2354d4d995e19a9e01634c7","size":56,"timeStamp":"2022-02-04T22:27:19.926424743Z"},"pod-metrics-0.log":{"path":"pod-metrics-0.log","md5":"37e5f691892064a13f1c2e72ffa59e62","size":22843,"timeStamp":"2022-02-04T22:27:19.928864093Z"},"task-stderr-0.log":{"path":"task-stderr-0.log","md5":"b4d6e997589257cccda0527bbb4a8103","size":83,"timeStamp":"2022-02-04T22:27:19.930899773Z"},"task-stdout-0.log":{"path":"task-stdout-0.log","md5":"8e856ab6508b2a140dc01b2ec0507971","size":27883,"timeStamp":"2022-02-04T22:27:19.938686272Z"},"task-stdouterr-0.log":{"path":"task-stdouterr-0.log","md5":"53bacbd527ddade2d5f0bb23df661807","size":27966,"timeStamp":"2022-02-04T22:27:19.94052805Z"},"tes-input-handler-init-container-stderr-0.log":{"path":"tes-input-handler-init-container-stderr-0.log","md5":"d41d8cd98f00b204e9800998ecf8427e","size":0,"timeStamp":"2022-02-04T22:27:19.961990588Z"},"tes-input-handler-init-container-stdout-0.log":{"path":"tes-input-handler-init-container-stdout-0.log","md5":"d41d8cd98f00b204e9800998ecf8427e","size":0,"timeStamp":"2022-02-04T22:27:19.978930964Z"},"tes-input-handler-init-container-stdouterr-0.log":{"path":"tes-input-handler-init-container-stdouterr-0.log","md5":"d41d8cd98f00b204e9800998ecf8427e","size":0,"timeStamp":"2022-02-04T22:27:19.947872818Z"}}