{"bsfs-stderr-0.log":{"path":"bsfs-stderr-0.log","md5":"d41d8cd98f00b204e9800998ecf8427e","size":0,"timeStamp":"2022-02-04T22:26:29.82780846Z"},"bsfs-stdout-0.log":{"path":"bsfs-stdout-0.log","md5":"926d6885a18e25e7fd2b627a2d7bada1","size":1796,"timeStamp":"2022-02-04T22:26:29.808713415Z"},"bsfs-stdouterr-0.log":{"path":"bsfs-stdouterr-0.log","md5":"926d6885a18e25e7fd2b627a2d7bada1","size":1796,"timeStamp":"2022-02-04T22:26:29.802883685Z"},"dragen-init-stderr-0.log":{"path":"dragen-init-stderr-0.log","md5":"f37957f6cdc32ef638effe4f5bff8a8a","size":161,"timeStamp":"2022-02-04T22:26:29.823543389Z"},"dragen-init-stdout-0.log":{"path":"dragen-init-stdout-0.log","md5":"0a1761ce485370cf56d36fd90f6a9e22","size":321,"timeStamp":"2022-02-04T22:26:29.803608698Z"},"dragen-init-stdouterr-0.log":{"path":"dragen-init-stdouterr-0.log","md5":"846284e38f7e42def959ba7e772647f4","size":482,"timeStamp":"2022-02-04T22:26:29.791789186Z"},"heartbeat-init-stderr-0.log":{"path":"heartbeat-init-stderr-0.log","md5":"4d20fe391e4cff6737d10da2d9205abe","size":16430,"timeStamp":"2022-02-04T22:26:29.803809642Z"},"heartbeat-init-stdout-0.log":{"path":"heartbeat-init-stdout-0.log","md5":"d41d8cd98f00b204e9800998ecf8427e","size":0,"timeStamp":"2022-02-04T22:26:29.804294321Z"},"heartbeat-init-stdouterr-0.log":{"path":"heartbeat-init-stdouterr-0.log","md5":"4d20fe391e4cff6737d10da2d9205abe","size":16430,"timeStamp":"2022-02-04T22:26:29.792817825Z"},"heartbeat-stderr-0.log":{"path":"heartbeat-stderr-0.log","md5":"75fb217cb2a54a2d5ebf53435253833f","size":676,"timeStamp":"2022-02-04T22:26:29.800200404Z"},"heartbeat-stdout-0.log":{"path":"heartbeat-stdout-0.log","md5":"d41d8cd98f00b204e9800998ecf8427e","size":0,"timeStamp":"2022-02-04T22:26:29.817161281Z"},"heartbeat-stdouterr-0.log":{"path":"heartbeat-stdouterr-0.log","md5":"75fb217cb2a54a2d5ebf53435253833f","size":676,"timeStamp":"2022-02-04T22:26:29.822162714Z"},"logging-stderr-0.log":{"path":"logging-stderr-0.log","md5":"08c7210c3d0bef374eb8b48d84512c30","size":12159,"timeStamp":"2022-02-04T22:26:29.829363551Z"},"logging-stdout-0.log":{"path":"logging-stdout-0.log","md5":"38aba068a5ed417ba90755e25eb44070","size":90,"timeStamp":"2022-02-04T22:26:29.831882566Z"},"logging-stdouterr-0.log":{"path":"logging-stdouterr-0.log","md5":"4fd8e35e62c1649d162bc951d2666a88","size":12249,"timeStamp":"2022-02-04T22:26:29.866601533Z"},"network-init-stderr-0.log":{"path":"network-init-stderr-0.log","md5":"d41d8cd98f00b204e9800998ecf8427e","size":0,"timeStamp":"2022-02-04T22:26:29.83872547Z"},"network-init-stdout-0.log":{"path":"network-init-stdout-0.log","md5":"d41d8cd98f00b204e9800998ecf8427e","size":0,"timeStamp":"2022-02-04T22:26:29.834023859Z"},"network-init-stdouterr-0.log":{"path":"network-init-stdouterr-0.log","md5":"d41d8cd98f00b204e9800998ecf8427e","size":0,"timeStamp":"2022-02-04T22:26:29.887704994Z"},"output0-stderr-0.log":{"path":"output0-stderr-0.log","md5":"96246dbb31f1191a07d060e21067b660","size":5002,"timeStamp":"2022-02-04T22:26:29.848985155Z"},"output0-stdout-0.log":{"path":"output0-stdout-0.log","md5":"d41d8cd98f00b204e9800998ecf8427e","size":0,"timeStamp":"2022-02-04T22:26:29.856507686Z"},"output0-stdouterr-0.log":{"path":"output0-stdouterr-0.log","md5":"96246dbb31f1191a07d060e21067b660","size":5002,"timeStamp":"2022-02-04T22:26:29.88087923Z"},"output1-stderr-0.log":{"path":"output1-stderr-0.log","md5":"36ff5df93bafb839c3fe322a3c949c2c","size":1576,"timeStamp":"2022-02-04T22:26:29.855381227Z"},"output1-stdout-0.log":{"path":"output1-stdout-0.log","md5":"d41d8cd98f00b204e9800998ecf8427e","size":0,"timeStamp":"2022-02-04T22:26:29.856260139Z"},"output1-stdouterr-0.log":{"path":"output1-stdouterr-0.log","md5":"36ff5df93bafb839c3fe322a3c949c2c","size":1576,"timeStamp":"2022-02-04T22:26:29.87474559Z"},"permission-init-stderr-0.log":{"path":"permission-init-stderr-0.log","md5":"d41d8cd98f00b204e9800998ecf8427e","size":0,"timeStamp":"2022-02-04T22:26:29.862654884Z"},"permission-init-stdout-0.log":{"path":"permission-init-stdout-0.log","md5":"e7c0cea2fec7dcd219bd1952041e5c2d","size":2212,"timeStamp":"2022-02-04T22:26:29.867269774Z"},"permission-init-stdouterr-0.log":{"path":"permission-init-stdouterr-0.log","md5":"e7c0cea2fec7dcd219bd1952041e5c2d","size":2212,"timeStamp":"2022-02-04T22:26:29.899588807Z"},"pod-0.log":{"path":"pod-0.log","md5":"78816ed26afccc3950b661e96d586a74","size":56,"timeStamp":"2022-02-04T22:26:29.898649533Z"},"pod-metrics-0.log":{"path":"pod-metrics-0.log","md5":"55e4cf8b1eb19ebf88806348f031a124","size":22793,"timeStamp":"2022-02-04T22:26:29.895021273Z"},"task-stderr-0.log":{"path":"task-stderr-0.log","md5":"b4d6e997589257cccda0527bbb4a8103","size":83,"timeStamp":"2022-02-04T22:26:29.906973136Z"},"task-stdout-0.log":{"path":"task-stdout-0.log","md5":"6ce10e4aadeddbd2515308db9d4cddd4","size":27883,"timeStamp":"2022-02-04T22:26:29.898335738Z"},"task-stdouterr-0.log":{"path":"task-stdouterr-0.log","md5":"4fb1ad0b65b4dc8cee53be14731736a7","size":27966,"timeStamp":"2022-02-04T22:26:29.901148297Z"},"tes-input-handler-init-container-stderr-0.log":{"path":"tes-input-handler-init-container-stderr-0.log","md5":"d41d8cd98f00b204e9800998ecf8427e","size":0,"timeStamp":"2022-02-04T22:26:29.898355398Z"},"tes-input-handler-init-container-stdout-0.log":{"path":"tes-input-handler-init-container-stdout-0.log","md5":"d41d8cd98f00b204e9800998ecf8427e","size":0,"timeStamp":"2022-02-04T22:26:29.921911813Z"},"tes-input-handler-init-container-stdouterr-0.log":{"path":"tes-input-handler-init-container-stdouterr-0.log","md5":"d41d8cd98f00b204e9800998ecf8427e","size":0,"timeStamp":"2022-02-04T22:26:29.908295493Z"}}