{"bsfs-stderr-0.log":{"path":"bsfs-stderr-0.log","md5":"d41d8cd98f00b204e9800998ecf8427e","size":0,"timeStamp":"2022-02-04T22:29:46.463982882Z"},"bsfs-stdout-0.log":{"path":"bsfs-stdout-0.log","md5":"df6c1f821198c73968228d7cfe6051d7","size":1796,"timeStamp":"2022-02-04T22:29:46.503178687Z"},"bsfs-stdouterr-0.log":{"path":"bsfs-stdouterr-0.log","md5":"df6c1f821198c73968228d7cfe6051d7","size":1796,"timeStamp":"2022-02-04T22:29:46.512764338Z"},"dragen-init-stderr-0.log":{"path":"dragen-init-stderr-0.log","md5":"f37957f6cdc32ef638effe4f5bff8a8a","size":161,"timeStamp":"2022-02-04T22:29:46.492912974Z"},"dragen-init-stdout-0.log":{"path":"dragen-init-stdout-0.log","md5":"0a1761ce485370cf56d36fd90f6a9e22","size":321,"timeStamp":"2022-02-04T22:29:46.461799048Z"},"dragen-init-stdouterr-0.log":{"path":"dragen-init-stdouterr-0.log","md5":"34c3b66c2a3e91837ac8cb18e7f0ef9c","size":482,"timeStamp":"2022-02-04T22:29:46.494769334Z"},"heartbeat-init-stderr-0.log":{"path":"heartbeat-init-stderr-0.log","md5":"d6c42d5f80eaa2f16f80917e4389dba7","size":16430,"timeStamp":"2022-02-04T22:29:46.529801612Z"},"heartbeat-init-stdout-0.log":{"path":"heartbeat-init-stdout-0.log","md5":"d41d8cd98f00b204e9800998ecf8427e","size":0,"timeStamp":"2022-02-04T22:29:46.498639619Z"},"heartbeat-init-stdouterr-0.log":{"path":"heartbeat-init-stdouterr-0.log","md5":"d6c42d5f80eaa2f16f80917e4389dba7","size":16430,"timeStamp":"2022-02-04T22:29:46.472772289Z"},"heartbeat-stderr-0.log":{"path":"heartbeat-stderr-0.log","md5":"55649f684577105bcd84b2f10f002383","size":676,"timeStamp":"2022-02-04T22:29:46.482122791Z"},"heartbeat-stdout-0.log":{"path":"heartbeat-stdout-0.log","md5":"d41d8cd98f00b204e9800998ecf8427e","size":0,"timeStamp":"2022-02-04T22:29:46.501685231Z"},"heartbeat-stdouterr-0.log":{"path":"heartbeat-stdouterr-0.log","md5":"55649f684577105bcd84b2f10f002383","size":676,"timeStamp":"2022-02-04T22:29:46.495985909Z"},"logging-stderr-0.log":{"path":"logging-stderr-0.log","md5":"b256e03a857d7a89ad15f8014eb17053","size":13709,"timeStamp":"2022-02-04T22:29:46.504612966Z"},"logging-stdout-0.log":{"path":"logging-stdout-0.log","md5":"38aba068a5ed417ba90755e25eb44070","size":90,"timeStamp":"2022-02-04T22:29:46.508018759Z"},"logging-stdouterr-0.log":{"path":"logging-stdouterr-0.log","md5":"09dad783cee37577d62b1295e2295eff","size":13799,"timeStamp":"2022-02-04T22:29:46.522429922Z"},"network-init-stderr-0.log":{"path":"network-init-stderr-0.log","md5":"0ecb58e93adb787e2efb5b842d205056","size":49,"timeStamp":"2022-02-04T22:29:46.526929061Z"},"network-init-stdout-0.log":{"path":"network-init-stdout-0.log","md5":"01f800ce283f5d9a0c9fa7b73df0a360","size":21,"timeStamp":"2022-02-04T22:29:46.524882062Z"},"network-init-stdouterr-0.log":{"path":"network-init-stdouterr-0.log","md5":"968ede965c97d9333e3202f84b6215d1","size":70,"timeStamp":"2022-02-04T22:29:46.532776323Z"},"output0-stderr-0.log":{"path":"output0-stderr-0.log","md5":"32331ddc9111780d363dcdf53b75de55","size":499,"timeStamp":"2022-02-04T22:29:46.52989075Z"},"output0-stdout-0.log":{"path":"output0-stdout-0.log","md5":"d41d8cd98f00b204e9800998ecf8427e","size":0,"timeStamp":"2022-02-04T22:29:46.536980477Z"},"output0-stdouterr-0.log":{"path":"output0-stdouterr-0.log","md5":"32331ddc9111780d363dcdf53b75de55","size":499,"timeStamp":"2022-02-04T22:29:46.548191448Z"},"output1-stderr-0.log":{"path":"output1-stderr-0.log","md5":"14857cd70af12b61d9d5b0b3699ffc26","size":519,"timeStamp":"2022-02-04T22:29:46.539563672Z"},"output1-stdout-0.log":{"path":"output1-stdout-0.log","md5":"d41d8cd98f00b204e9800998ecf8427e","size":0,"timeStamp":"2022-02-04T22:29:46.56908056Z"},"output1-stdouterr-0.log":{"path":"output1-stdouterr-0.log","md5":"14857cd70af12b61d9d5b0b3699ffc26","size":519,"timeStamp":"2022-02-04T22:29:46.547418047Z"},"permission-init-stderr-0.log":{"path":"permission-init-stderr-0.log","md5":"d41d8cd98f00b204e9800998ecf8427e","size":0,"timeStamp":"2022-02-04T22:29:46.581495592Z"},"permission-init-stdout-0.log":{"path":"permission-init-stdout-0.log","md5":"4e2134d4e7b3a6b4b8c705534556dc34","size":2212,"timeStamp":"2022-02-04T22:29:46.562005312Z"},"permission-init-stdouterr-0.log":{"path":"permission-init-stdouterr-0.log","md5":"4e2134d4e7b3a6b4b8c705534556dc34","size":2212,"timeStamp":"2022-02-04T22:29:46.557603613Z"},"pod-0.log":{"path":"pod-0.log","md5":"7330e40420ff99f4ba0dffe92d8defe1","size":56,"timeStamp":"2022-02-04T22:29:46.583018094Z"},"pod-metrics-0.log":{"path":"pod-metrics-0.log","md5":"1838d380a22f4f4a3fab7901c8b15826","size":30534,"timeStamp":"2022-02-04T22:29:46.562817283Z"},"task-stderr-0.log":{"path":"task-stderr-0.log","md5":"b4d6e997589257cccda0527bbb4a8103","size":83,"timeStamp":"2022-02-04T22:29:46.567882275Z"},"task-stdout-0.log":{"path":"task-stdout-0.log","md5":"17a4f9903ea4eed71a923caa436adc3a","size":27884,"timeStamp":"2022-02-04T22:29:46.5766768Z"},"task-stdouterr-0.log":{"path":"task-stdouterr-0.log","md5":"c2c759fc1da1a8c7668b9d807362d5da","size":27967,"timeStamp":"2022-02-04T22:29:46.5753399Z"},"tes-input-handler-init-container-stderr-0.log":{"path":"tes-input-handler-init-container-stderr-0.log","md5":"d41d8cd98f00b204e9800998ecf8427e","size":0,"timeStamp":"2022-02-04T22:29:46.589391521Z"},"tes-input-handler-init-container-stdout-0.log":{"path":"tes-input-handler-init-container-stdout-0.log","md5":"d41d8cd98f00b204e9800998ecf8427e","size":0,"timeStamp":"2022-02-04T22:29:46.583451Z"},"tes-input-handler-init-container-stdouterr-0.log":{"path":"tes-input-handler-init-container-stdouterr-0.log","md5":"d41d8cd98f00b204e9800998ecf8427e","size":0,"timeStamp":"2022-02-04T22:29:46.588802331Z"}}