{"bsfs-stderr-0.log":{"path":"bsfs-stderr-0.log","md5":"d41d8cd98f00b204e9800998ecf8427e","size":0,"timeStamp":"2022-02-04T22:27:25.457137008Z"},"bsfs-stdout-0.log":{"path":"bsfs-stdout-0.log","md5":"3c1d8631c8a7b63e03518c6fa64a8d99","size":1795,"timeStamp":"2022-02-04T22:27:25.427105602Z"},"bsfs-stdouterr-0.log":{"path":"bsfs-stdouterr-0.log","md5":"3c1d8631c8a7b63e03518c6fa64a8d99","size":1795,"timeStamp":"2022-02-04T22:27:25.445198917Z"},"dragen-init-stderr-0.log":{"path":"dragen-init-stderr-0.log","md5":"f37957f6cdc32ef638effe4f5bff8a8a","size":161,"timeStamp":"2022-02-04T22:27:25.472484594Z"},"dragen-init-stdout-0.log":{"path":"dragen-init-stdout-0.log","md5":"9244add434130fde47f53cf79b0a61ca","size":322,"timeStamp":"2022-02-04T22:27:25.455820801Z"},"dragen-init-stdouterr-0.log":{"path":"dragen-init-stdouterr-0.log","md5":"80f4e03ab77de44cf1a2431ccf08dcf3","size":483,"timeStamp":"2022-02-04T22:27:25.537823741Z"},"heartbeat-init-stderr-0.log":{"path":"heartbeat-init-stderr-0.log","md5":"6f6a9a008c10c06c6df1ebba2989b142","size":16430,"timeStamp":"2022-02-04T22:27:25.448768005Z"},"heartbeat-init-stdout-0.log":{"path":"heartbeat-init-stdout-0.log","md5":"d41d8cd98f00b204e9800998ecf8427e","size":0,"timeStamp":"2022-02-04T22:27:25.447080027Z"},"heartbeat-init-stdouterr-0.log":{"path":"heartbeat-init-stdouterr-0.log","md5":"6f6a9a008c10c06c6df1ebba2989b142","size":16430,"timeStamp":"2022-02-04T22:27:25.431430716Z"},"heartbeat-stderr-0.log":{"path":"heartbeat-stderr-0.log","md5":"3747e21468ceeff9de711cd36f3e905c","size":677,"timeStamp":"2022-02-04T22:27:25.429913607Z"},"heartbeat-stdout-0.log":{"path":"heartbeat-stdout-0.log","md5":"d41d8cd98f00b204e9800998ecf8427e","size":0,"timeStamp":"2022-02-04T22:27:25.480155577Z"},"heartbeat-stdouterr-0.log":{"path":"heartbeat-stdouterr-0.log","md5":"3747e21468ceeff9de711cd36f3e905c","size":677,"timeStamp":"2022-02-04T22:27:25.454546294Z"},"logging-stderr-0.log":{"path":"logging-stderr-0.log","md5":"dc795df57dd67ba5ee7a76355ff71cf5","size":12158,"timeStamp":"2022-02-04T22:27:25.457330312Z"},"logging-stdout-0.log":{"path":"logging-stdout-0.log","md5":"38aba068a5ed417ba90755e25eb44070","size":90,"timeStamp":"2022-02-04T22:27:25.470834119Z"},"logging-stdouterr-0.log":{"path":"logging-stdouterr-0.log","md5":"5cbd8262b76bb46de380a3b7b0af345f","size":12248,"timeStamp":"2022-02-04T22:27:25.476687196Z"},"network-init-stderr-0.log":{"path":"network-init-stderr-0.log","md5":"d41d8cd98f00b204e9800998ecf8427e","size":0,"timeStamp":"2022-02-04T22:27:25.483349174Z"},"network-init-stdout-0.log":{"path":"network-init-stdout-0.log","md5":"d41d8cd98f00b204e9800998ecf8427e","size":0,"timeStamp":"2022-02-04T22:27:25.484416146Z"},"network-init-stdouterr-0.log":{"path":"network-init-stdouterr-0.log","md5":"d41d8cd98f00b204e9800998ecf8427e","size":0,"timeStamp":"2022-02-04T22:27:25.504355197Z"},"output0-stderr-0.log":{"path":"output0-stderr-0.log","md5":"974570960e9806663da9f0ce9e7b1ba6","size":5002,"timeStamp":"2022-02-04T22:27:25.534291954Z"},"output0-stdout-0.log":{"path":"output0-stdout-0.log","md5":"d41d8cd98f00b204e9800998ecf8427e","size":0,"timeStamp":"2022-02-04T22:27:25.572403548Z"},"output0-stdouterr-0.log":{"path":"output0-stdouterr-0.log","md5":"974570960e9806663da9f0ce9e7b1ba6","size":5002,"timeStamp":"2022-02-04T22:27:25.542609877Z"},"output1-stderr-0.log":{"path":"output1-stderr-0.log","md5":"e17c905e0f1ee8238674da7c8704f9df","size":1576,"timeStamp":"2022-02-04T22:27:25.504806798Z"},"output1-stdout-0.log":{"path":"output1-stdout-0.log","md5":"d41d8cd98f00b204e9800998ecf8427e","size":0,"timeStamp":"2022-02-04T22:27:25.508866031Z"},"output1-stdouterr-0.log":{"path":"output1-stdouterr-0.log","md5":"e17c905e0f1ee8238674da7c8704f9df","size":1576,"timeStamp":"2022-02-04T22:27:25.51492867Z"},"permission-init-stderr-0.log":{"path":"permission-init-stderr-0.log","md5":"d41d8cd98f00b204e9800998ecf8427e","size":0,"timeStamp":"2022-02-04T22:27:25.50826781Z"},"permission-init-stdout-0.log":{"path":"permission-init-stdout-0.log","md5":"5272a7aff238cca162f456361cda5ed6","size":2212,"timeStamp":"2022-02-04T22:27:25.549080082Z"},"permission-init-stdouterr-0.log":{"path":"permission-init-stdouterr-0.log","md5":"5272a7aff238cca162f456361cda5ed6","size":2212,"timeStamp":"2022-02-04T22:27:25.532056168Z"},"pod-0.log":{"path":"pod-0.log","md5":"18df63ca8f08d2f84372a76b1617b8d0","size":56,"timeStamp":"2022-02-04T22:27:25.531673092Z"},"pod-metrics-0.log":{"path":"pod-metrics-0.log","md5":"867fda27a942e7679af34c1c835671d6","size":22912,"timeStamp":"2022-02-04T22:27:25.580267081Z"},"task-stderr-0.log":{"path":"task-stderr-0.log","md5":"b4d6e997589257cccda0527bbb4a8103","size":83,"timeStamp":"2022-02-04T22:27:25.543816983Z"},"task-stdout-0.log":{"path":"task-stdout-0.log","md5":"940913ca25bd7366c15e9fb7a47a9be1","size":27728,"timeStamp":"2022-02-04T22:27:25.565310986Z"},"task-stdouterr-0.log":{"path":"task-stdouterr-0.log","md5":"e689247b59467b0d10073bd21ae9224b","size":27811,"timeStamp":"2022-02-04T22:27:25.560763084Z"},"tes-input-handler-init-container-stderr-0.log":{"path":"tes-input-handler-init-container-stderr-0.log","md5":"d41d8cd98f00b204e9800998ecf8427e","size":0,"timeStamp":"2022-02-04T22:27:25.599043376Z"},"tes-input-handler-init-container-stdout-0.log":{"path":"tes-input-handler-init-container-stdout-0.log","md5":"d41d8cd98f00b204e9800998ecf8427e","size":0,"timeStamp":"2022-02-04T22:27:25.570044225Z"},"tes-input-handler-init-container-stdouterr-0.log":{"path":"tes-input-handler-init-container-stdouterr-0.log","md5":"d41d8cd98f00b204e9800998ecf8427e","size":0,"timeStamp":"2022-02-04T22:27:25.566708328Z"}}