{"bsfs-stderr-0.log":{"path":"bsfs-stderr-0.log","md5":"d41d8cd98f00b204e9800998ecf8427e","size":0,"timeStamp":"2022-02-04T22:27:14.914760681Z"},"bsfs-stdout-0.log":{"path":"bsfs-stdout-0.log","md5":"2f75305cb87dfd8f17ed7822eafe8a96","size":1796,"timeStamp":"2022-02-04T22:27:14.920278111Z"},"bsfs-stdouterr-0.log":{"path":"bsfs-stdouterr-0.log","md5":"2f75305cb87dfd8f17ed7822eafe8a96","size":1796,"timeStamp":"2022-02-04T22:27:14.942755388Z"},"dragen-init-stderr-0.log":{"path":"dragen-init-stderr-0.log","md5":"f37957f6cdc32ef638effe4f5bff8a8a","size":161,"timeStamp":"2022-02-04T22:27:14.916938878Z"},"dragen-init-stdout-0.log":{"path":"dragen-init-stdout-0.log","md5":"18d9e6edcc4a64fcd7edb9e6182107ad","size":323,"timeStamp":"2022-02-04T22:27:14.936090979Z"},"dragen-init-stdouterr-0.log":{"path":"dragen-init-stdouterr-0.log","md5":"f7529351a76b4be7aaa7f1a1be835c42","size":484,"timeStamp":"2022-02-04T22:27:14.920158002Z"},"heartbeat-init-stderr-0.log":{"path":"heartbeat-init-stderr-0.log","md5":"58f739020f5ca59c1e61e67cc483c217","size":16430,"timeStamp":"2022-02-04T22:27:14.910101455Z"},"heartbeat-init-stdout-0.log":{"path":"heartbeat-init-stdout-0.log","md5":"d41d8cd98f00b204e9800998ecf8427e","size":0,"timeStamp":"2022-02-04T22:27:14.915939054Z"},"heartbeat-init-stdouterr-0.log":{"path":"heartbeat-init-stdouterr-0.log","md5":"58f739020f5ca59c1e61e67cc483c217","size":16430,"timeStamp":"2022-02-04T22:27:14.921327295Z"},"heartbeat-stderr-0.log":{"path":"heartbeat-stderr-0.log","md5":"0f22c38ba64ed0aa79bb91f17621e061","size":677,"timeStamp":"2022-02-04T22:27:14.920322328Z"},"heartbeat-stdout-0.log":{"path":"heartbeat-stdout-0.log","md5":"d41d8cd98f00b204e9800998ecf8427e","size":0,"timeStamp":"2022-02-04T22:27:14.935329493Z"},"heartbeat-stdouterr-0.log":{"path":"heartbeat-stdouterr-0.log","md5":"0f22c38ba64ed0aa79bb91f17621e061","size":677,"timeStamp":"2022-02-04T22:27:14.945099479Z"},"logging-stderr-0.log":{"path":"logging-stderr-0.log","md5":"9badcae27a703c3aef2198b808bde1e0","size":12163,"timeStamp":"2022-02-04T22:27:14.94999962Z"},"logging-stdout-0.log":{"path":"logging-stdout-0.log","md5":"38aba068a5ed417ba90755e25eb44070","size":90,"timeStamp":"2022-02-04T22:27:14.954860571Z"},"logging-stdouterr-0.log":{"path":"logging-stdouterr-0.log","md5":"0de239fc028d726ce9c25568c89b4d8d","size":12253,"timeStamp":"2022-02-04T22:27:14.959355157Z"},"network-init-stderr-0.log":{"path":"network-init-stderr-0.log","md5":"cf85f8aa0b935d49ce5c23dbc9fb2979","size":201,"timeStamp":"2022-02-04T22:27:15.045883839Z"},"network-init-stdout-0.log":{"path":"network-init-stdout-0.log","md5":"40f6fd50c6ce18938d43f4431289891f","size":84,"timeStamp":"2022-02-04T22:27:15.008894585Z"},"network-init-stdouterr-0.log":{"path":"network-init-stdouterr-0.log","md5":"887c6daf5fa7ee816ac804b306589527","size":285,"timeStamp":"2022-02-04T22:27:15.020803588Z"},"output0-stderr-0.log":{"path":"output0-stderr-0.log","md5":"34f40bee2cea99b38ca6f79e0e7be51c","size":5006,"timeStamp":"2022-02-04T22:27:14.964862136Z"},"output0-stdout-0.log":{"path":"output0-stdout-0.log","md5":"d41d8cd98f00b204e9800998ecf8427e","size":0,"timeStamp":"2022-02-04T22:27:14.966973178Z"},"output0-stdouterr-0.log":{"path":"output0-stdouterr-0.log","md5":"34f40bee2cea99b38ca6f79e0e7be51c","size":5006,"timeStamp":"2022-02-04T22:27:14.972029242Z"},"output1-stderr-0.log":{"path":"output1-stderr-0.log","md5":"4d9a0c9290bcc439ae0b2fa5f23f4d12","size":1577,"timeStamp":"2022-02-04T22:27:14.974095297Z"},"output1-stdout-0.log":{"path":"output1-stdout-0.log","md5":"d41d8cd98f00b204e9800998ecf8427e","size":0,"timeStamp":"2022-02-04T22:27:14.976051875Z"},"output1-stdouterr-0.log":{"path":"output1-stdouterr-0.log","md5":"4d9a0c9290bcc439ae0b2fa5f23f4d12","size":1577,"timeStamp":"2022-02-04T22:27:14.990557442Z"},"permission-init-stderr-0.log":{"path":"permission-init-stderr-0.log","md5":"d41d8cd98f00b204e9800998ecf8427e","size":0,"timeStamp":"2022-02-04T22:27:14.985687856Z"},"permission-init-stdout-0.log":{"path":"permission-init-stdout-0.log","md5":"b6acd1f9e9f8ec91c98be324b904edd8","size":2212,"timeStamp":"2022-02-04T22:27:15.013851091Z"},"permission-init-stdouterr-0.log":{"path":"permission-init-stdouterr-0.log","md5":"b6acd1f9e9f8ec91c98be324b904edd8","size":2212,"timeStamp":"2022-02-04T22:27:15.027608259Z"},"pod-0.log":{"path":"pod-0.log","md5":"e44a61096b3745d76213835f31cb7f76","size":56,"timeStamp":"2022-02-04T22:27:15.002523034Z"},"pod-metrics-0.log":{"path":"pod-metrics-0.log","md5":"d976cd8e96861c07d5326f84fb3709c0","size":22830,"timeStamp":"2022-02-04T22:27:15.042659084Z"},"task-stderr-0.log":{"path":"task-stderr-0.log","md5":"b4d6e997589257cccda0527bbb4a8103","size":83,"timeStamp":"2022-02-04T22:27:15.005599096Z"},"task-stdout-0.log":{"path":"task-stdout-0.log","md5":"db100c8d0bc7a643486e70b431352a28","size":27882,"timeStamp":"2022-02-04T22:27:15.016219833Z"},"task-stdouterr-0.log":{"path":"task-stdouterr-0.log","md5":"fa136e8eb803fcd9d2954c6d3171909d","size":27965,"timeStamp":"2022-02-04T22:27:15.026939037Z"},"tes-input-handler-init-container-stderr-0.log":{"path":"tes-input-handler-init-container-stderr-0.log","md5":"d41d8cd98f00b204e9800998ecf8427e","size":0,"timeStamp":"2022-02-04T22:27:15.031572695Z"},"tes-input-handler-init-container-stdout-0.log":{"path":"tes-input-handler-init-container-stdout-0.log","md5":"d41d8cd98f00b204e9800998ecf8427e","size":0,"timeStamp":"2022-02-04T22:27:15.039113595Z"},"tes-input-handler-init-container-stdouterr-0.log":{"path":"tes-input-handler-init-container-stdouterr-0.log","md5":"d41d8cd98f00b204e9800998ecf8427e","size":0,"timeStamp":"2022-02-04T22:27:15.037832386Z"}}