{"bsfs-stderr-0.log":{"path":"bsfs-stderr-0.log","md5":"d41d8cd98f00b204e9800998ecf8427e","size":0,"timeStamp":"2022-02-04T22:27:56.239954313Z"},"bsfs-stdout-0.log":{"path":"bsfs-stdout-0.log","md5":"cef773960707d73f2eb97dcf81a52378","size":1796,"timeStamp":"2022-02-04T22:27:56.236571529Z"},"bsfs-stdouterr-0.log":{"path":"bsfs-stdouterr-0.log","md5":"cef773960707d73f2eb97dcf81a52378","size":1796,"timeStamp":"2022-02-04T22:27:56.245634573Z"},"dragen-init-stderr-0.log":{"path":"dragen-init-stderr-0.log","md5":"f37957f6cdc32ef638effe4f5bff8a8a","size":161,"timeStamp":"2022-02-04T22:27:56.217590333Z"},"dragen-init-stdout-0.log":{"path":"dragen-init-stdout-0.log","md5":"0a1761ce485370cf56d36fd90f6a9e22","size":321,"timeStamp":"2022-02-04T22:27:56.240873235Z"},"dragen-init-stdouterr-0.log":{"path":"dragen-init-stdouterr-0.log","md5":"efd74b8ae847de661c79490026dee5b8","size":482,"timeStamp":"2022-02-04T22:27:56.239888252Z"},"heartbeat-init-stderr-0.log":{"path":"heartbeat-init-stderr-0.log","md5":"14b2499fc4188decdd971583182d5572","size":16430,"timeStamp":"2022-02-04T22:27:56.23827089Z"},"heartbeat-init-stdout-0.log":{"path":"heartbeat-init-stdout-0.log","md5":"d41d8cd98f00b204e9800998ecf8427e","size":0,"timeStamp":"2022-02-04T22:27:56.229158776Z"},"heartbeat-init-stdouterr-0.log":{"path":"heartbeat-init-stdouterr-0.log","md5":"14b2499fc4188decdd971583182d5572","size":16430,"timeStamp":"2022-02-04T22:27:56.228256839Z"},"heartbeat-stderr-0.log":{"path":"heartbeat-stderr-0.log","md5":"2186b903967c581d627209eca98aae7d","size":678,"timeStamp":"2022-02-04T22:27:56.247702784Z"},"heartbeat-stdout-0.log":{"path":"heartbeat-stdout-0.log","md5":"d41d8cd98f00b204e9800998ecf8427e","size":0,"timeStamp":"2022-02-04T22:27:56.303996402Z"},"heartbeat-stdouterr-0.log":{"path":"heartbeat-stdouterr-0.log","md5":"2186b903967c581d627209eca98aae7d","size":678,"timeStamp":"2022-02-04T22:27:56.255545784Z"},"logging-stderr-0.log":{"path":"logging-stderr-0.log","md5":"73592950252b23c54af7f5a078dabc8e","size":12164,"timeStamp":"2022-02-04T22:27:56.264625695Z"},"logging-stdout-0.log":{"path":"logging-stdout-0.log","md5":"38aba068a5ed417ba90755e25eb44070","size":90,"timeStamp":"2022-02-04T22:27:56.268640553Z"},"logging-stdouterr-0.log":{"path":"logging-stdouterr-0.log","md5":"dbabe3b671d2db98c5c9adde04030f99","size":12254,"timeStamp":"2022-02-04T22:27:56.269889083Z"},"network-init-stderr-0.log":{"path":"network-init-stderr-0.log","md5":"fb6784b6ba75722bf763eb69322f1b2c","size":103,"timeStamp":"2022-02-04T22:27:56.291970317Z"},"network-init-stdout-0.log":{"path":"network-init-stdout-0.log","md5":"42dda2cf617e5df171b08e53f6cd8c9e","size":42,"timeStamp":"2022-02-04T22:27:56.269819127Z"},"network-init-stdouterr-0.log":{"path":"network-init-stdouterr-0.log","md5":"8ce0f9f6ca82a1509ea256f929470e28","size":145,"timeStamp":"2022-02-04T22:27:56.270438151Z"},"output0-stderr-0.log":{"path":"output0-stderr-0.log","md5":"309e4867e835b2d03698edb2bcd4a521","size":5005,"timeStamp":"2022-02-04T22:27:56.279828355Z"},"output0-stdout-0.log":{"path":"output0-stdout-0.log","md5":"d41d8cd98f00b204e9800998ecf8427e","size":0,"timeStamp":"2022-02-04T22:27:56.279281751Z"},"output0-stdouterr-0.log":{"path":"output0-stdouterr-0.log","md5":"309e4867e835b2d03698edb2bcd4a521","size":5005,"timeStamp":"2022-02-04T22:27:56.28607953Z"},"output1-stderr-0.log":{"path":"output1-stderr-0.log","md5":"9fdf90cac07f476ecdd914985e8e08e0","size":1577,"timeStamp":"2022-02-04T22:27:56.295767777Z"},"output1-stdout-0.log":{"path":"output1-stdout-0.log","md5":"d41d8cd98f00b204e9800998ecf8427e","size":0,"timeStamp":"2022-02-04T22:27:56.295281278Z"},"output1-stdouterr-0.log":{"path":"output1-stdouterr-0.log","md5":"9fdf90cac07f476ecdd914985e8e08e0","size":1577,"timeStamp":"2022-02-04T22:27:56.29661287Z"},"permission-init-stderr-0.log":{"path":"permission-init-stderr-0.log","md5":"d41d8cd98f00b204e9800998ecf8427e","size":0,"timeStamp":"2022-02-04T22:27:56.299209362Z"},"permission-init-stdout-0.log":{"path":"permission-init-stdout-0.log","md5":"0475d95fc06bf2e82869fd3561fa42b9","size":2212,"timeStamp":"2022-02-04T22:27:56.305999102Z"},"permission-init-stdouterr-0.log":{"path":"permission-init-stdouterr-0.log","md5":"0475d95fc06bf2e82869fd3561fa42b9","size":2212,"timeStamp":"2022-02-04T22:27:56.345915247Z"},"pod-0.log":{"path":"pod-0.log","md5":"f84ee5335ec8e58adc784d162bdbf0c9","size":56,"timeStamp":"2022-02-04T22:27:56.307233943Z"},"pod-metrics-0.log":{"path":"pod-metrics-0.log","md5":"9073e0fcbbb8238062c60023e0824337","size":23075,"timeStamp":"2022-02-04T22:27:56.353184897Z"},"task-stderr-0.log":{"path":"task-stderr-0.log","md5":"b4d6e997589257cccda0527bbb4a8103","size":83,"timeStamp":"2022-02-04T22:27:56.331373893Z"},"task-stdout-0.log":{"path":"task-stdout-0.log","md5":"ed3f5a6f64c585fc027f07a93b77427f","size":27882,"timeStamp":"2022-02-04T22:27:56.337025787Z"},"task-stdouterr-0.log":{"path":"task-stdouterr-0.log","md5":"c73371d2441160c11ef69bce9d631434","size":27965,"timeStamp":"2022-02-04T22:27:56.327340766Z"},"tes-input-handler-init-container-stderr-0.log":{"path":"tes-input-handler-init-container-stderr-0.log","md5":"d41d8cd98f00b204e9800998ecf8427e","size":0,"timeStamp":"2022-02-04T22:27:56.323263033Z"},"tes-input-handler-init-container-stdout-0.log":{"path":"tes-input-handler-init-container-stdout-0.log","md5":"d41d8cd98f00b204e9800998ecf8427e","size":0,"timeStamp":"2022-02-04T22:27:56.325972849Z"},"tes-input-handler-init-container-stdouterr-0.log":{"path":"tes-input-handler-init-container-stdouterr-0.log","md5":"d41d8cd98f00b204e9800998ecf8427e","size":0,"timeStamp":"2022-02-04T22:27:56.363157925Z"}}