{"bsfs-stderr-0.log":{"path":"bsfs-stderr-0.log","md5":"d41d8cd98f00b204e9800998ecf8427e","size":0,"timeStamp":"2022-02-04T22:29:53.156662749Z"},"bsfs-stdout-0.log":{"path":"bsfs-stdout-0.log","md5":"a0255d931352cae4eebc1b573473f002","size":1795,"timeStamp":"2022-02-04T22:29:53.169319374Z"},"bsfs-stdouterr-0.log":{"path":"bsfs-stdouterr-0.log","md5":"a0255d931352cae4eebc1b573473f002","size":1795,"timeStamp":"2022-02-04T22:29:53.157901305Z"},"dragen-init-stderr-0.log":{"path":"dragen-init-stderr-0.log","md5":"f37957f6cdc32ef638effe4f5bff8a8a","size":161,"timeStamp":"2022-02-04T22:29:53.176621649Z"},"dragen-init-stdout-0.log":{"path":"dragen-init-stdout-0.log","md5":"0a1761ce485370cf56d36fd90f6a9e22","size":321,"timeStamp":"2022-02-04T22:29:53.150413102Z"},"dragen-init-stdouterr-0.log":{"path":"dragen-init-stdouterr-0.log","md5":"846284e38f7e42def959ba7e772647f4","size":482,"timeStamp":"2022-02-04T22:29:53.171405417Z"},"heartbeat-init-stderr-0.log":{"path":"heartbeat-init-stderr-0.log","md5":"03be30f4a0dd45733c92adeb7baf1036","size":16430,"timeStamp":"2022-02-04T22:29:53.208445639Z"},"heartbeat-init-stdout-0.log":{"path":"heartbeat-init-stdout-0.log","md5":"d41d8cd98f00b204e9800998ecf8427e","size":0,"timeStamp":"2022-02-04T22:29:53.160116595Z"},"heartbeat-init-stdouterr-0.log":{"path":"heartbeat-init-stdouterr-0.log","md5":"03be30f4a0dd45733c92adeb7baf1036","size":16430,"timeStamp":"2022-02-04T22:29:53.17078691Z"},"heartbeat-stderr-0.log":{"path":"heartbeat-stderr-0.log","md5":"9b915b738d70ef99e7c55fe21c2b7cae","size":902,"timeStamp":"2022-02-04T22:29:53.160469158Z"},"heartbeat-stdout-0.log":{"path":"heartbeat-stdout-0.log","md5":"d41d8cd98f00b204e9800998ecf8427e","size":0,"timeStamp":"2022-02-04T22:29:53.184076802Z"},"heartbeat-stdouterr-0.log":{"path":"heartbeat-stdouterr-0.log","md5":"9b915b738d70ef99e7c55fe21c2b7cae","size":902,"timeStamp":"2022-02-04T22:29:53.215446059Z"},"logging-stderr-0.log":{"path":"logging-stderr-0.log","md5":"2b5b32003f2a828ceae7733aac5d6b4a","size":13823,"timeStamp":"2022-02-04T22:29:53.192367615Z"},"logging-stdout-0.log":{"path":"logging-stdout-0.log","md5":"38aba068a5ed417ba90755e25eb44070","size":90,"timeStamp":"2022-02-04T22:29:53.18930112Z"},"logging-stdouterr-0.log":{"path":"logging-stdouterr-0.log","md5":"6f76e9a68024c2b1faba37e042c163b8","size":13913,"timeStamp":"2022-02-04T22:29:53.262547692Z"},"network-init-stderr-0.log":{"path":"network-init-stderr-0.log","md5":"d41d8cd98f00b204e9800998ecf8427e","size":0,"timeStamp":"2022-02-04T22:29:53.194308928Z"},"network-init-stdout-0.log":{"path":"network-init-stdout-0.log","md5":"d41d8cd98f00b204e9800998ecf8427e","size":0,"timeStamp":"2022-02-04T22:29:53.206490272Z"},"network-init-stdouterr-0.log":{"path":"network-init-stdouterr-0.log","md5":"d41d8cd98f00b204e9800998ecf8427e","size":0,"timeStamp":"2022-02-04T22:29:53.229548433Z"},"output0-stderr-0.log":{"path":"output0-stderr-0.log","md5":"618f5b760288afe65e7f32e2ab827049","size":5007,"timeStamp":"2022-02-04T22:29:53.233375251Z"},"output0-stdout-0.log":{"path":"output0-stdout-0.log","md5":"d41d8cd98f00b204e9800998ecf8427e","size":0,"timeStamp":"2022-02-04T22:29:53.210702348Z"},"output0-stdouterr-0.log":{"path":"output0-stdouterr-0.log","md5":"618f5b760288afe65e7f32e2ab827049","size":5007,"timeStamp":"2022-02-04T22:29:53.220679955Z"},"output1-stderr-0.log":{"path":"output1-stderr-0.log","md5":"529363f30f1af8bb37f4f1f23882a946","size":1576,"timeStamp":"2022-02-04T22:29:53.223675917Z"},"output1-stdout-0.log":{"path":"output1-stdout-0.log","md5":"d41d8cd98f00b204e9800998ecf8427e","size":0,"timeStamp":"2022-02-04T22:29:53.24364108Z"},"output1-stdouterr-0.log":{"path":"output1-stdouterr-0.log","md5":"529363f30f1af8bb37f4f1f23882a946","size":1576,"timeStamp":"2022-02-04T22:29:53.237958365Z"},"permission-init-stderr-0.log":{"path":"permission-init-stderr-0.log","md5":"d41d8cd98f00b204e9800998ecf8427e","size":0,"timeStamp":"2022-02-04T22:29:53.236098411Z"},"permission-init-stdout-0.log":{"path":"permission-init-stdout-0.log","md5":"2699cd41a1490cd81127d1847fc6df5e","size":2212,"timeStamp":"2022-02-04T22:29:53.243995307Z"},"permission-init-stdouterr-0.log":{"path":"permission-init-stdouterr-0.log","md5":"2699cd41a1490cd81127d1847fc6df5e","size":2212,"timeStamp":"2022-02-04T22:29:53.246970244Z"},"pod-0.log":{"path":"pod-0.log","md5":"7421b702bc748bd6d2aac03e35dc86d6","size":56,"timeStamp":"2022-02-04T22:29:53.249202474Z"},"pod-metrics-0.log":{"path":"pod-metrics-0.log","md5":"b79ef719cd9ee9f88fc14d61f97b35ce","size":30584,"timeStamp":"2022-02-04T22:29:53.254935597Z"},"task-stderr-0.log":{"path":"task-stderr-0.log","md5":"b4d6e997589257cccda0527bbb4a8103","size":83,"timeStamp":"2022-02-04T22:29:53.260169833Z"},"task-stdout-0.log":{"path":"task-stdout-0.log","md5":"5bc8fa8a6ae7b8298add5baaa64b0784","size":27854,"timeStamp":"2022-02-04T22:29:53.265171028Z"},"task-stdouterr-0.log":{"path":"task-stdouterr-0.log","md5":"b2983364cccb6073a41cfebe3110ecba","size":27937,"timeStamp":"2022-02-04T22:29:53.285505135Z"},"tes-input-handler-init-container-stderr-0.log":{"path":"tes-input-handler-init-container-stderr-0.log","md5":"d41d8cd98f00b204e9800998ecf8427e","size":0,"timeStamp":"2022-02-04T22:29:53.272503968Z"},"tes-input-handler-init-container-stdout-0.log":{"path":"tes-input-handler-init-container-stdout-0.log","md5":"d41d8cd98f00b204e9800998ecf8427e","size":0,"timeStamp":"2022-02-04T22:29:53.275865686Z"},"tes-input-handler-init-container-stdouterr-0.log":{"path":"tes-input-handler-init-container-stdouterr-0.log","md5":"d41d8cd98f00b204e9800998ecf8427e","size":0,"timeStamp":"2022-02-04T22:29:53.290433241Z"}}