{"bsfs-stderr-0.log":{"path":"bsfs-stderr-0.log","md5":"d41d8cd98f00b204e9800998ecf8427e","size":0,"timeStamp":"2022-02-04T22:28:40.875844588Z"},"bsfs-stdout-0.log":{"path":"bsfs-stdout-0.log","md5":"4fb57a8c1e43c037d1fa1c2d2413fa1c","size":1795,"timeStamp":"2022-02-04T22:28:40.86993807Z"},"bsfs-stdouterr-0.log":{"path":"bsfs-stdouterr-0.log","md5":"4fb57a8c1e43c037d1fa1c2d2413fa1c","size":1795,"timeStamp":"2022-02-04T22:28:40.875488373Z"},"dragen-init-stderr-0.log":{"path":"dragen-init-stderr-0.log","md5":"f37957f6cdc32ef638effe4f5bff8a8a","size":161,"timeStamp":"2022-02-04T22:28:40.890730811Z"},"dragen-init-stdout-0.log":{"path":"dragen-init-stdout-0.log","md5":"0a1761ce485370cf56d36fd90f6a9e22","size":321,"timeStamp":"2022-02-04T22:28:40.880666165Z"},"dragen-init-stdouterr-0.log":{"path":"dragen-init-stdouterr-0.log","md5":"3b4d14efc67dbaccad2f8ada7caab347","size":482,"timeStamp":"2022-02-04T22:28:40.884239966Z"},"heartbeat-init-stderr-0.log":{"path":"heartbeat-init-stderr-0.log","md5":"a65af02edf22a93fa795b56f49668905","size":16430,"timeStamp":"2022-02-04T22:28:40.865410985Z"},"heartbeat-init-stdout-0.log":{"path":"heartbeat-init-stdout-0.log","md5":"d41d8cd98f00b204e9800998ecf8427e","size":0,"timeStamp":"2022-02-04T22:28:41.107815002Z"},"heartbeat-init-stdouterr-0.log":{"path":"heartbeat-init-stdouterr-0.log","md5":"a65af02edf22a93fa795b56f49668905","size":16430,"timeStamp":"2022-02-04T22:28:40.885490714Z"},"heartbeat-stderr-0.log":{"path":"heartbeat-stderr-0.log","md5":"9405f81e6c3e4f564ea0cc22faac9ff1","size":676,"timeStamp":"2022-02-04T22:28:40.874876252Z"},"heartbeat-stdout-0.log":{"path":"heartbeat-stdout-0.log","md5":"d41d8cd98f00b204e9800998ecf8427e","size":0,"timeStamp":"2022-02-04T22:28:40.894699354Z"},"heartbeat-stdouterr-0.log":{"path":"heartbeat-stdouterr-0.log","md5":"9405f81e6c3e4f564ea0cc22faac9ff1","size":676,"timeStamp":"2022-02-04T22:28:40.899668543Z"},"logging-stderr-0.log":{"path":"logging-stderr-0.log","md5":"e046b3e1a1da17247191c4e5bc3f33e0","size":12159,"timeStamp":"2022-02-04T22:28:40.914442875Z"},"logging-stdout-0.log":{"path":"logging-stdout-0.log","md5":"38aba068a5ed417ba90755e25eb44070","size":90,"timeStamp":"2022-02-04T22:28:40.904601242Z"},"logging-stdouterr-0.log":{"path":"logging-stdouterr-0.log","md5":"adba55baf15a6cd3e45b5730e82a3c93","size":12249,"timeStamp":"2022-02-04T22:28:40.935151823Z"},"network-init-stderr-0.log":{"path":"network-init-stderr-0.log","md5":"d41d8cd98f00b204e9800998ecf8427e","size":0,"timeStamp":"2022-02-04T22:28:40.968683068Z"},"network-init-stdout-0.log":{"path":"network-init-stdout-0.log","md5":"d41d8cd98f00b204e9800998ecf8427e","size":0,"timeStamp":"2022-02-04T22:28:40.916950096Z"},"network-init-stdouterr-0.log":{"path":"network-init-stdouterr-0.log","md5":"d41d8cd98f00b204e9800998ecf8427e","size":0,"timeStamp":"2022-02-04T22:28:41.001569465Z"},"output0-stderr-0.log":{"path":"output0-stderr-0.log","md5":"a2f9115e86712c008a8246e86af2bafb","size":5005,"timeStamp":"2022-02-04T22:28:40.931665887Z"},"output0-stdout-0.log":{"path":"output0-stdout-0.log","md5":"d41d8cd98f00b204e9800998ecf8427e","size":0,"timeStamp":"2022-02-04T22:28:40.927470187Z"},"output0-stdouterr-0.log":{"path":"output0-stdouterr-0.log","md5":"a2f9115e86712c008a8246e86af2bafb","size":5005,"timeStamp":"2022-02-04T22:28:40.92953889Z"},"output1-stderr-0.log":{"path":"output1-stderr-0.log","md5":"7c683741cab63898e0e592392819ec73","size":1576,"timeStamp":"2022-02-04T22:28:40.937815016Z"},"output1-stdout-0.log":{"path":"output1-stdout-0.log","md5":"d41d8cd98f00b204e9800998ecf8427e","size":0,"timeStamp":"2022-02-04T22:28:40.943934452Z"},"output1-stdouterr-0.log":{"path":"output1-stdouterr-0.log","md5":"7c683741cab63898e0e592392819ec73","size":1576,"timeStamp":"2022-02-04T22:28:40.948344409Z"},"permission-init-stderr-0.log":{"path":"permission-init-stderr-0.log","md5":"d41d8cd98f00b204e9800998ecf8427e","size":0,"timeStamp":"2022-02-04T22:28:40.955552909Z"},"permission-init-stdout-0.log":{"path":"permission-init-stdout-0.log","md5":"81dc81a943e40990900fd3764fa2d712","size":2212,"timeStamp":"2022-02-04T22:28:40.961805386Z"},"permission-init-stdouterr-0.log":{"path":"permission-init-stdouterr-0.log","md5":"81dc81a943e40990900fd3764fa2d712","size":2212,"timeStamp":"2022-02-04T22:28:40.963960312Z"},"pod-0.log":{"path":"pod-0.log","md5":"21c1b4f42ad45581936060105b19c9ee","size":56,"timeStamp":"2022-02-04T22:28:40.969849567Z"},"pod-metrics-0.log":{"path":"pod-metrics-0.log","md5":"7b2f208f5d0af8966f7f95d0bccd121d","size":22885,"timeStamp":"2022-02-04T22:28:40.969322515Z"},"task-stderr-0.log":{"path":"task-stderr-0.log","md5":"b4d6e997589257cccda0527bbb4a8103","size":83,"timeStamp":"2022-02-04T22:28:40.978941618Z"},"task-stdout-0.log":{"path":"task-stdout-0.log","md5":"229e9cd5b7c958e40d1842ebedac359b","size":27882,"timeStamp":"2022-02-04T22:28:40.983508605Z"},"task-stdouterr-0.log":{"path":"task-stdouterr-0.log","md5":"8f808bee70b82eb15ff46ee56c102aec","size":27965,"timeStamp":"2022-02-04T22:28:41.003535371Z"},"tes-input-handler-init-container-stderr-0.log":{"path":"tes-input-handler-init-container-stderr-0.log","md5":"d41d8cd98f00b204e9800998ecf8427e","size":0,"timeStamp":"2022-02-04T22:28:40.98854164Z"},"tes-input-handler-init-container-stdout-0.log":{"path":"tes-input-handler-init-container-stdout-0.log","md5":"d41d8cd98f00b204e9800998ecf8427e","size":0,"timeStamp":"2022-02-04T22:28:41.026736264Z"},"tes-input-handler-init-container-stdouterr-0.log":{"path":"tes-input-handler-init-container-stdouterr-0.log","md5":"d41d8cd98f00b204e9800998ecf8427e","size":0,"timeStamp":"2022-02-04T22:28:41.027116085Z"}}