{"bsfs-stderr-0.log":{"path":"bsfs-stderr-0.log","md5":"d41d8cd98f00b204e9800998ecf8427e","size":0,"timeStamp":"2022-02-04T22:27:28.080573634Z"},"bsfs-stdout-0.log":{"path":"bsfs-stdout-0.log","md5":"30541957e5f0c47ecc1d731355611051","size":1796,"timeStamp":"2022-02-04T22:27:28.071624097Z"},"bsfs-stdouterr-0.log":{"path":"bsfs-stdouterr-0.log","md5":"30541957e5f0c47ecc1d731355611051","size":1796,"timeStamp":"2022-02-04T22:27:28.056154267Z"},"dragen-init-stderr-0.log":{"path":"dragen-init-stderr-0.log","md5":"f37957f6cdc32ef638effe4f5bff8a8a","size":161,"timeStamp":"2022-02-04T22:27:28.068088137Z"},"dragen-init-stdout-0.log":{"path":"dragen-init-stdout-0.log","md5":"9244add434130fde47f53cf79b0a61ca","size":322,"timeStamp":"2022-02-04T22:27:28.058912593Z"},"dragen-init-stdouterr-0.log":{"path":"dragen-init-stdouterr-0.log","md5":"69f871a45d65a206b5801ed038c2a1c8","size":483,"timeStamp":"2022-02-04T22:27:28.050352197Z"},"heartbeat-init-stderr-0.log":{"path":"heartbeat-init-stderr-0.log","md5":"4974c8725244aded99a3c95da22c3fbc","size":16430,"timeStamp":"2022-02-04T22:27:28.074011071Z"},"heartbeat-init-stdout-0.log":{"path":"heartbeat-init-stdout-0.log","md5":"d41d8cd98f00b204e9800998ecf8427e","size":0,"timeStamp":"2022-02-04T22:27:28.052838483Z"},"heartbeat-init-stdouterr-0.log":{"path":"heartbeat-init-stdouterr-0.log","md5":"4974c8725244aded99a3c95da22c3fbc","size":16430,"timeStamp":"2022-02-04T22:27:28.075592107Z"},"heartbeat-stderr-0.log":{"path":"heartbeat-stderr-0.log","md5":"780706e271fa4f0382e3bf113c0ddace","size":677,"timeStamp":"2022-02-04T22:27:28.051418574Z"},"heartbeat-stdout-0.log":{"path":"heartbeat-stdout-0.log","md5":"d41d8cd98f00b204e9800998ecf8427e","size":0,"timeStamp":"2022-02-04T22:27:28.097631221Z"},"heartbeat-stdouterr-0.log":{"path":"heartbeat-stdouterr-0.log","md5":"780706e271fa4f0382e3bf113c0ddace","size":677,"timeStamp":"2022-02-04T22:27:28.083057782Z"},"logging-stderr-0.log":{"path":"logging-stderr-0.log","md5":"33395c176ca36fcb8bf562daed831a1c","size":12158,"timeStamp":"2022-02-04T22:27:28.119797649Z"},"logging-stdout-0.log":{"path":"logging-stdout-0.log","md5":"38aba068a5ed417ba90755e25eb44070","size":90,"timeStamp":"2022-02-04T22:27:28.162529819Z"},"logging-stdouterr-0.log":{"path":"logging-stdouterr-0.log","md5":"72099a327252ed59d7cb0f3d812a80bd","size":12248,"timeStamp":"2022-02-04T22:27:28.11537861Z"},"network-init-stderr-0.log":{"path":"network-init-stderr-0.log","md5":"d41d8cd98f00b204e9800998ecf8427e","size":0,"timeStamp":"2022-02-04T22:27:28.122329983Z"},"network-init-stdout-0.log":{"path":"network-init-stdout-0.log","md5":"d41d8cd98f00b204e9800998ecf8427e","size":0,"timeStamp":"2022-02-04T22:27:28.098024138Z"},"network-init-stdouterr-0.log":{"path":"network-init-stdouterr-0.log","md5":"d41d8cd98f00b204e9800998ecf8427e","size":0,"timeStamp":"2022-02-04T22:27:28.104193043Z"},"output0-stderr-0.log":{"path":"output0-stderr-0.log","md5":"ce5686b7bf8b9ce196f8e15bc207cfc3","size":5005,"timeStamp":"2022-02-04T22:27:28.098351308Z"},"output0-stdout-0.log":{"path":"output0-stdout-0.log","md5":"d41d8cd98f00b204e9800998ecf8427e","size":0,"timeStamp":"2022-02-04T22:27:28.112290885Z"},"output0-stdouterr-0.log":{"path":"output0-stdouterr-0.log","md5":"ce5686b7bf8b9ce196f8e15bc207cfc3","size":5005,"timeStamp":"2022-02-04T22:27:28.111759572Z"},"output1-stderr-0.log":{"path":"output1-stderr-0.log","md5":"14d8f853d8d728e2a91ee402932755f8","size":1577,"timeStamp":"2022-02-04T22:27:28.157402314Z"},"output1-stdout-0.log":{"path":"output1-stdout-0.log","md5":"d41d8cd98f00b204e9800998ecf8427e","size":0,"timeStamp":"2022-02-04T22:27:28.127270271Z"},"output1-stdouterr-0.log":{"path":"output1-stdouterr-0.log","md5":"14d8f853d8d728e2a91ee402932755f8","size":1577,"timeStamp":"2022-02-04T22:27:28.124393708Z"},"permission-init-stderr-0.log":{"path":"permission-init-stderr-0.log","md5":"d41d8cd98f00b204e9800998ecf8427e","size":0,"timeStamp":"2022-02-04T22:27:28.129446175Z"},"permission-init-stdout-0.log":{"path":"permission-init-stdout-0.log","md5":"ca75114a56aec04826b3bd26f2507172","size":2212,"timeStamp":"2022-02-04T22:27:28.139597495Z"},"permission-init-stdouterr-0.log":{"path":"permission-init-stdouterr-0.log","md5":"ca75114a56aec04826b3bd26f2507172","size":2212,"timeStamp":"2022-02-04T22:27:28.138100945Z"},"pod-0.log":{"path":"pod-0.log","md5":"a62f31bb3ec82edf6a98b1e4b3499888","size":56,"timeStamp":"2022-02-04T22:27:28.14147365Z"},"pod-metrics-0.log":{"path":"pod-metrics-0.log","md5":"d3536ad229a6a19c3cefcdc5f2695e9e","size":22880,"timeStamp":"2022-02-04T22:27:28.146295481Z"},"task-stderr-0.log":{"path":"task-stderr-0.log","md5":"b4d6e997589257cccda0527bbb4a8103","size":83,"timeStamp":"2022-02-04T22:27:28.191004391Z"},"task-stdout-0.log":{"path":"task-stdout-0.log","md5":"4a4f07d360235ebd21c7bb020167c342","size":27882,"timeStamp":"2022-02-04T22:27:28.176196671Z"},"task-stdouterr-0.log":{"path":"task-stdouterr-0.log","md5":"f46e886522e239964bfe9c45de9d1999","size":27965,"timeStamp":"2022-02-04T22:27:28.155529367Z"},"tes-input-handler-init-container-stderr-0.log":{"path":"tes-input-handler-init-container-stderr-0.log","md5":"d41d8cd98f00b204e9800998ecf8427e","size":0,"timeStamp":"2022-02-04T22:27:28.161135497Z"},"tes-input-handler-init-container-stdout-0.log":{"path":"tes-input-handler-init-container-stdout-0.log","md5":"d41d8cd98f00b204e9800998ecf8427e","size":0,"timeStamp":"2022-02-04T22:27:28.211816065Z"},"tes-input-handler-init-container-stdouterr-0.log":{"path":"tes-input-handler-init-container-stdouterr-0.log","md5":"d41d8cd98f00b204e9800998ecf8427e","size":0,"timeStamp":"2022-02-04T22:27:28.163925564Z"}}