{"bsfs-stderr-0.log":{"path":"bsfs-stderr-0.log","md5":"d41d8cd98f00b204e9800998ecf8427e","size":0,"timeStamp":"2022-02-04T22:28:35.694112616Z"},"bsfs-stdout-0.log":{"path":"bsfs-stdout-0.log","md5":"3966783bf5335ddea59f3df26bc4d6fa","size":1795,"timeStamp":"2022-02-04T22:28:35.697176986Z"},"bsfs-stdouterr-0.log":{"path":"bsfs-stdouterr-0.log","md5":"3966783bf5335ddea59f3df26bc4d6fa","size":1795,"timeStamp":"2022-02-04T22:28:35.860123189Z"},"dragen-init-stderr-0.log":{"path":"dragen-init-stderr-0.log","md5":"f37957f6cdc32ef638effe4f5bff8a8a","size":161,"timeStamp":"2022-02-04T22:28:35.717474176Z"},"dragen-init-stdout-0.log":{"path":"dragen-init-stdout-0.log","md5":"0a1761ce485370cf56d36fd90f6a9e22","size":321,"timeStamp":"2022-02-04T22:28:35.757099247Z"},"dragen-init-stdouterr-0.log":{"path":"dragen-init-stdouterr-0.log","md5":"846284e38f7e42def959ba7e772647f4","size":482,"timeStamp":"2022-02-04T22:28:35.7440793Z"},"heartbeat-init-stderr-0.log":{"path":"heartbeat-init-stderr-0.log","md5":"37eab4016b5120b71464a4ba8b5878ec","size":16430,"timeStamp":"2022-02-04T22:28:35.698040199Z"},"heartbeat-init-stdout-0.log":{"path":"heartbeat-init-stdout-0.log","md5":"d41d8cd98f00b204e9800998ecf8427e","size":0,"timeStamp":"2022-02-04T22:28:35.76260342Z"},"heartbeat-init-stdouterr-0.log":{"path":"heartbeat-init-stdouterr-0.log","md5":"37eab4016b5120b71464a4ba8b5878ec","size":16430,"timeStamp":"2022-02-04T22:28:35.7234899Z"},"heartbeat-stderr-0.log":{"path":"heartbeat-stderr-0.log","md5":"bc8f3b450c02c0f503235a1a9ee517dc","size":678,"timeStamp":"2022-02-04T22:28:35.704446018Z"},"heartbeat-stdout-0.log":{"path":"heartbeat-stdout-0.log","md5":"d41d8cd98f00b204e9800998ecf8427e","size":0,"timeStamp":"2022-02-04T22:28:35.722985648Z"},"heartbeat-stdouterr-0.log":{"path":"heartbeat-stdouterr-0.log","md5":"bc8f3b450c02c0f503235a1a9ee517dc","size":678,"timeStamp":"2022-02-04T22:28:35.725106193Z"},"logging-stderr-0.log":{"path":"logging-stderr-0.log","md5":"6b48fb1a78de320b9372b7a7607297e9","size":12159,"timeStamp":"2022-02-04T22:28:35.73291271Z"},"logging-stdout-0.log":{"path":"logging-stdout-0.log","md5":"38aba068a5ed417ba90755e25eb44070","size":90,"timeStamp":"2022-02-04T22:28:35.752660918Z"},"logging-stdouterr-0.log":{"path":"logging-stdouterr-0.log","md5":"e99b3f39271e3048cea796a5cd31129c","size":12249,"timeStamp":"2022-02-04T22:28:35.805002863Z"},"network-init-stderr-0.log":{"path":"network-init-stderr-0.log","md5":"d41d8cd98f00b204e9800998ecf8427e","size":0,"timeStamp":"2022-02-04T22:28:35.751359754Z"},"network-init-stdout-0.log":{"path":"network-init-stdout-0.log","md5":"d41d8cd98f00b204e9800998ecf8427e","size":0,"timeStamp":"2022-02-04T22:28:35.804616509Z"},"network-init-stdouterr-0.log":{"path":"network-init-stdouterr-0.log","md5":"d41d8cd98f00b204e9800998ecf8427e","size":0,"timeStamp":"2022-02-04T22:28:35.752225515Z"},"output0-stderr-0.log":{"path":"output0-stderr-0.log","md5":"0214571b734621a7b3c373fb1f1ed645","size":5003,"timeStamp":"2022-02-04T22:28:35.758738527Z"},"output0-stdout-0.log":{"path":"output0-stdout-0.log","md5":"d41d8cd98f00b204e9800998ecf8427e","size":0,"timeStamp":"2022-02-04T22:28:35.796690118Z"},"output0-stdouterr-0.log":{"path":"output0-stdouterr-0.log","md5":"0214571b734621a7b3c373fb1f1ed645","size":5003,"timeStamp":"2022-02-04T22:28:35.775097836Z"},"output1-stderr-0.log":{"path":"output1-stderr-0.log","md5":"471b74d53f8c5bd29cf533f7d8cefc34","size":1577,"timeStamp":"2022-02-04T22:28:35.781430688Z"},"output1-stdout-0.log":{"path":"output1-stdout-0.log","md5":"d41d8cd98f00b204e9800998ecf8427e","size":0,"timeStamp":"2022-02-04T22:28:35.793070217Z"},"output1-stdouterr-0.log":{"path":"output1-stdouterr-0.log","md5":"471b74d53f8c5bd29cf533f7d8cefc34","size":1577,"timeStamp":"2022-02-04T22:28:35.785775713Z"},"permission-init-stderr-0.log":{"path":"permission-init-stderr-0.log","md5":"d41d8cd98f00b204e9800998ecf8427e","size":0,"timeStamp":"2022-02-04T22:28:35.800011816Z"},"permission-init-stdout-0.log":{"path":"permission-init-stdout-0.log","md5":"4ff85179f263600c93552835a4a5bd44","size":2212,"timeStamp":"2022-02-04T22:28:35.79049033Z"},"permission-init-stdouterr-0.log":{"path":"permission-init-stdouterr-0.log","md5":"4ff85179f263600c93552835a4a5bd44","size":2212,"timeStamp":"2022-02-04T22:28:35.803117737Z"},"pod-0.log":{"path":"pod-0.log","md5":"35bd87eb2a2eb0f62e5dabd387aa3d15","size":56,"timeStamp":"2022-02-04T22:28:35.810250111Z"},"pod-metrics-0.log":{"path":"pod-metrics-0.log","md5":"5641815d47f986818f170a69e04a54e9","size":22877,"timeStamp":"2022-02-04T22:28:35.833267878Z"},"task-stderr-0.log":{"path":"task-stderr-0.log","md5":"b4d6e997589257cccda0527bbb4a8103","size":83,"timeStamp":"2022-02-04T22:28:35.817327037Z"},"task-stdout-0.log":{"path":"task-stdout-0.log","md5":"ecb375419384064e5a7e00db305218b8","size":27883,"timeStamp":"2022-02-04T22:28:35.821917738Z"},"task-stdouterr-0.log":{"path":"task-stdouterr-0.log","md5":"a90b90dc7807f8ccec4e9abb1c4dcf4f","size":27966,"timeStamp":"2022-02-04T22:28:35.835573465Z"},"tes-input-handler-init-container-stderr-0.log":{"path":"tes-input-handler-init-container-stderr-0.log","md5":"d41d8cd98f00b204e9800998ecf8427e","size":0,"timeStamp":"2022-02-04T22:28:35.828753032Z"},"tes-input-handler-init-container-stdout-0.log":{"path":"tes-input-handler-init-container-stdout-0.log","md5":"d41d8cd98f00b204e9800998ecf8427e","size":0,"timeStamp":"2022-02-04T22:28:35.831126163Z"},"tes-input-handler-init-container-stdouterr-0.log":{"path":"tes-input-handler-init-container-stdouterr-0.log","md5":"d41d8cd98f00b204e9800998ecf8427e","size":0,"timeStamp":"2022-02-04T22:28:35.857687371Z"}}