{"bsfs-stderr-0.log":{"path":"bsfs-stderr-0.log","md5":"d41d8cd98f00b204e9800998ecf8427e","size":0,"timeStamp":"2022-02-04T22:27:31.713486419Z"},"bsfs-stdout-0.log":{"path":"bsfs-stdout-0.log","md5":"4eac9acfbb28c63aa4b49fe177475797","size":1794,"timeStamp":"2022-02-04T22:27:31.72481493Z"},"bsfs-stdouterr-0.log":{"path":"bsfs-stdouterr-0.log","md5":"4eac9acfbb28c63aa4b49fe177475797","size":1794,"timeStamp":"2022-02-04T22:27:31.720600588Z"},"dragen-init-stderr-0.log":{"path":"dragen-init-stderr-0.log","md5":"f37957f6cdc32ef638effe4f5bff8a8a","size":161,"timeStamp":"2022-02-04T22:27:31.76268943Z"},"dragen-init-stdout-0.log":{"path":"dragen-init-stdout-0.log","md5":"9244add434130fde47f53cf79b0a61ca","size":322,"timeStamp":"2022-02-04T22:27:31.715311672Z"},"dragen-init-stdouterr-0.log":{"path":"dragen-init-stdouterr-0.log","md5":"e96f11670a7b3c692e250179ffb3f4a3","size":483,"timeStamp":"2022-02-04T22:27:31.73285507Z"},"heartbeat-init-stderr-0.log":{"path":"heartbeat-init-stderr-0.log","md5":"5195c3afed958cf1448ad72f4ab6b7af","size":16430,"timeStamp":"2022-02-04T22:27:31.727086946Z"},"heartbeat-init-stdout-0.log":{"path":"heartbeat-init-stdout-0.log","md5":"d41d8cd98f00b204e9800998ecf8427e","size":0,"timeStamp":"2022-02-04T22:27:31.714757716Z"},"heartbeat-init-stdouterr-0.log":{"path":"heartbeat-init-stdouterr-0.log","md5":"5195c3afed958cf1448ad72f4ab6b7af","size":16430,"timeStamp":"2022-02-04T22:27:31.706594587Z"},"heartbeat-stderr-0.log":{"path":"heartbeat-stderr-0.log","md5":"3310d12748600c0aec50afd7bdf4ad9c","size":675,"timeStamp":"2022-02-04T22:27:31.726337704Z"},"heartbeat-stdout-0.log":{"path":"heartbeat-stdout-0.log","md5":"d41d8cd98f00b204e9800998ecf8427e","size":0,"timeStamp":"2022-02-04T22:27:31.738346142Z"},"heartbeat-stdouterr-0.log":{"path":"heartbeat-stdouterr-0.log","md5":"3310d12748600c0aec50afd7bdf4ad9c","size":675,"timeStamp":"2022-02-04T22:27:31.740153645Z"},"logging-stderr-0.log":{"path":"logging-stderr-0.log","md5":"a0b3e0e3f45a820c195cadcc07e235dc","size":12162,"timeStamp":"2022-02-04T22:27:31.747653511Z"},"logging-stdout-0.log":{"path":"logging-stdout-0.log","md5":"38aba068a5ed417ba90755e25eb44070","size":90,"timeStamp":"2022-02-04T22:27:31.74474976Z"},"logging-stdouterr-0.log":{"path":"logging-stdouterr-0.log","md5":"0fc24927c193738da5444189ac5df22f","size":12252,"timeStamp":"2022-02-04T22:27:31.755328329Z"},"network-init-stderr-0.log":{"path":"network-init-stderr-0.log","md5":"d41d8cd98f00b204e9800998ecf8427e","size":0,"timeStamp":"2022-02-04T22:27:31.793009897Z"},"network-init-stdout-0.log":{"path":"network-init-stdout-0.log","md5":"d41d8cd98f00b204e9800998ecf8427e","size":0,"timeStamp":"2022-02-04T22:27:31.751893629Z"},"network-init-stdouterr-0.log":{"path":"network-init-stdouterr-0.log","md5":"d41d8cd98f00b204e9800998ecf8427e","size":0,"timeStamp":"2022-02-04T22:27:31.757612157Z"},"output0-stderr-0.log":{"path":"output0-stderr-0.log","md5":"d47172fa88007473e7c26c96bddb970b","size":4998,"timeStamp":"2022-02-04T22:27:31.766694861Z"},"output0-stdout-0.log":{"path":"output0-stdout-0.log","md5":"d41d8cd98f00b204e9800998ecf8427e","size":0,"timeStamp":"2022-02-04T22:27:31.766776036Z"},"output0-stdouterr-0.log":{"path":"output0-stdouterr-0.log","md5":"d47172fa88007473e7c26c96bddb970b","size":4998,"timeStamp":"2022-02-04T22:27:31.768535797Z"},"output1-stderr-0.log":{"path":"output1-stderr-0.log","md5":"2bb0afcee272aa1b0f80e4d1b83519eb","size":1576,"timeStamp":"2022-02-04T22:27:31.777611495Z"},"output1-stdout-0.log":{"path":"output1-stdout-0.log","md5":"d41d8cd98f00b204e9800998ecf8427e","size":0,"timeStamp":"2022-02-04T22:27:31.804047735Z"},"output1-stdouterr-0.log":{"path":"output1-stdouterr-0.log","md5":"2bb0afcee272aa1b0f80e4d1b83519eb","size":1576,"timeStamp":"2022-02-04T22:27:31.782699543Z"},"permission-init-stderr-0.log":{"path":"permission-init-stderr-0.log","md5":"d41d8cd98f00b204e9800998ecf8427e","size":0,"timeStamp":"2022-02-04T22:27:31.823317672Z"},"permission-init-stdout-0.log":{"path":"permission-init-stdout-0.log","md5":"33dc5671b1bd967f99821e6f3eb080b4","size":2212,"timeStamp":"2022-02-04T22:27:31.789614697Z"},"permission-init-stdouterr-0.log":{"path":"permission-init-stdouterr-0.log","md5":"33dc5671b1bd967f99821e6f3eb080b4","size":2212,"timeStamp":"2022-02-04T22:27:31.791501207Z"},"pod-0.log":{"path":"pod-0.log","md5":"8c048060ced835b91ece4c96dbdd1911","size":56,"timeStamp":"2022-02-04T22:27:31.816583209Z"},"pod-metrics-0.log":{"path":"pod-metrics-0.log","md5":"26626914788c9269ae71b03793a21558","size":22786,"timeStamp":"2022-02-04T22:27:31.797081877Z"},"task-stderr-0.log":{"path":"task-stderr-0.log","md5":"b4d6e997589257cccda0527bbb4a8103","size":83,"timeStamp":"2022-02-04T22:27:31.799109073Z"},"task-stdout-0.log":{"path":"task-stdout-0.log","md5":"b51db7d6c6bae7554e13a6de91072ce6","size":27876,"timeStamp":"2022-02-04T22:27:31.80881288Z"},"task-stdouterr-0.log":{"path":"task-stdouterr-0.log","md5":"79125fa36f062e04911a97f08f0916e4","size":27959,"timeStamp":"2022-02-04T22:27:31.818031419Z"},"tes-input-handler-init-container-stderr-0.log":{"path":"tes-input-handler-init-container-stderr-0.log","md5":"d41d8cd98f00b204e9800998ecf8427e","size":0,"timeStamp":"2022-02-04T22:27:31.844111602Z"},"tes-input-handler-init-container-stdout-0.log":{"path":"tes-input-handler-init-container-stdout-0.log","md5":"d41d8cd98f00b204e9800998ecf8427e","size":0,"timeStamp":"2022-02-04T22:27:31.829519681Z"},"tes-input-handler-init-container-stdouterr-0.log":{"path":"tes-input-handler-init-container-stdouterr-0.log","md5":"d41d8cd98f00b204e9800998ecf8427e","size":0,"timeStamp":"2022-02-04T22:27:31.818012537Z"}}