{"bsfs-stderr-0.log":{"path":"bsfs-stderr-0.log","md5":"d41d8cd98f00b204e9800998ecf8427e","size":0,"timeStamp":"2022-02-04T22:27:29.405678174Z"},"bsfs-stdout-0.log":{"path":"bsfs-stdout-0.log","md5":"c3fcc986ad4e028132a04a64b06154ea","size":1795,"timeStamp":"2022-02-04T22:27:29.4200305Z"},"bsfs-stdouterr-0.log":{"path":"bsfs-stdouterr-0.log","md5":"c3fcc986ad4e028132a04a64b06154ea","size":1795,"timeStamp":"2022-02-04T22:27:29.414402681Z"},"dragen-init-stderr-0.log":{"path":"dragen-init-stderr-0.log","md5":"f37957f6cdc32ef638effe4f5bff8a8a","size":161,"timeStamp":"2022-02-04T22:27:29.409321406Z"},"dragen-init-stdout-0.log":{"path":"dragen-init-stdout-0.log","md5":"9244add434130fde47f53cf79b0a61ca","size":322,"timeStamp":"2022-02-04T22:27:29.410039532Z"},"dragen-init-stdouterr-0.log":{"path":"dragen-init-stdouterr-0.log","md5":"e96f11670a7b3c692e250179ffb3f4a3","size":483,"timeStamp":"2022-02-04T22:27:29.402148966Z"},"heartbeat-init-stderr-0.log":{"path":"heartbeat-init-stderr-0.log","md5":"b9b233a15b0db5407932d523365c4fcc","size":16430,"timeStamp":"2022-02-04T22:27:29.409880113Z"},"heartbeat-init-stdout-0.log":{"path":"heartbeat-init-stdout-0.log","md5":"d41d8cd98f00b204e9800998ecf8427e","size":0,"timeStamp":"2022-02-04T22:27:29.404135541Z"},"heartbeat-init-stdouterr-0.log":{"path":"heartbeat-init-stdouterr-0.log","md5":"b9b233a15b0db5407932d523365c4fcc","size":16430,"timeStamp":"2022-02-04T22:27:29.440608386Z"},"heartbeat-stderr-0.log":{"path":"heartbeat-stderr-0.log","md5":"d6725f5dfc24733eea09c33c2b9d3291","size":678,"timeStamp":"2022-02-04T22:27:29.419539447Z"},"heartbeat-stdout-0.log":{"path":"heartbeat-stdout-0.log","md5":"d41d8cd98f00b204e9800998ecf8427e","size":0,"timeStamp":"2022-02-04T22:27:29.460920984Z"},"heartbeat-stdouterr-0.log":{"path":"heartbeat-stdouterr-0.log","md5":"d6725f5dfc24733eea09c33c2b9d3291","size":678,"timeStamp":"2022-02-04T22:27:29.432103132Z"},"logging-stderr-0.log":{"path":"logging-stderr-0.log","md5":"a08e3cc03cf3daa99e17ced93d87438f","size":12159,"timeStamp":"2022-02-04T22:27:29.453004475Z"},"logging-stdout-0.log":{"path":"logging-stdout-0.log","md5":"38aba068a5ed417ba90755e25eb44070","size":90,"timeStamp":"2022-02-04T22:27:29.441536385Z"},"logging-stdouterr-0.log":{"path":"logging-stdouterr-0.log","md5":"3cfe2281d84acfdae4b98622649add75","size":12249,"timeStamp":"2022-02-04T22:27:29.460359419Z"},"network-init-stderr-0.log":{"path":"network-init-stderr-0.log","md5":"d41d8cd98f00b204e9800998ecf8427e","size":0,"timeStamp":"2022-02-04T22:27:29.467925832Z"},"network-init-stdout-0.log":{"path":"network-init-stdout-0.log","md5":"d41d8cd98f00b204e9800998ecf8427e","size":0,"timeStamp":"2022-02-04T22:27:29.479288305Z"},"network-init-stdouterr-0.log":{"path":"network-init-stdouterr-0.log","md5":"d41d8cd98f00b204e9800998ecf8427e","size":0,"timeStamp":"2022-02-04T22:27:29.453548925Z"},"output0-stderr-0.log":{"path":"output0-stderr-0.log","md5":"c29464a27d4bda07752bf07c15550436","size":5003,"timeStamp":"2022-02-04T22:27:29.461873096Z"},"output0-stdout-0.log":{"path":"output0-stdout-0.log","md5":"d41d8cd98f00b204e9800998ecf8427e","size":0,"timeStamp":"2022-02-04T22:27:29.464022396Z"},"output0-stdouterr-0.log":{"path":"output0-stdouterr-0.log","md5":"c29464a27d4bda07752bf07c15550436","size":5003,"timeStamp":"2022-02-04T22:27:29.472950308Z"},"output1-stderr-0.log":{"path":"output1-stderr-0.log","md5":"1bddb5ca0ac05db05286c27597adf2c3","size":1576,"timeStamp":"2022-02-04T22:27:29.484033878Z"},"output1-stdout-0.log":{"path":"output1-stdout-0.log","md5":"d41d8cd98f00b204e9800998ecf8427e","size":0,"timeStamp":"2022-02-04T22:27:29.497714Z"},"output1-stdouterr-0.log":{"path":"output1-stdouterr-0.log","md5":"1bddb5ca0ac05db05286c27597adf2c3","size":1576,"timeStamp":"2022-02-04T22:27:29.484144424Z"},"permission-init-stderr-0.log":{"path":"permission-init-stderr-0.log","md5":"d41d8cd98f00b204e9800998ecf8427e","size":0,"timeStamp":"2022-02-04T22:27:29.498084534Z"},"permission-init-stdout-0.log":{"path":"permission-init-stdout-0.log","md5":"a9f1f687b7993983a08b8c4d0c82caea","size":2212,"timeStamp":"2022-02-04T22:27:29.4947937Z"},"permission-init-stdouterr-0.log":{"path":"permission-init-stdouterr-0.log","md5":"a9f1f687b7993983a08b8c4d0c82caea","size":2212,"timeStamp":"2022-02-04T22:27:29.496514969Z"},"pod-0.log":{"path":"pod-0.log","md5":"8f9001f8dd57c8a0366b7854b389aafd","size":56,"timeStamp":"2022-02-04T22:27:29.501097153Z"},"pod-metrics-0.log":{"path":"pod-metrics-0.log","md5":"023adbdd9c9726f4d326e3ef89600cd6","size":22860,"timeStamp":"2022-02-04T22:27:29.499318356Z"},"task-stderr-0.log":{"path":"task-stderr-0.log","md5":"b4d6e997589257cccda0527bbb4a8103","size":83,"timeStamp":"2022-02-04T22:27:29.523112711Z"},"task-stdout-0.log":{"path":"task-stdout-0.log","md5":"5e63482128db51bf51fd5330f3c09525","size":27729,"timeStamp":"2022-02-04T22:27:29.574455Z"},"task-stdouterr-0.log":{"path":"task-stdouterr-0.log","md5":"71b04cfb61659b163dad5803cd242a4c","size":27812,"timeStamp":"2022-02-04T22:27:29.517744262Z"},"tes-input-handler-init-container-stderr-0.log":{"path":"tes-input-handler-init-container-stderr-0.log","md5":"d41d8cd98f00b204e9800998ecf8427e","size":0,"timeStamp":"2022-02-04T22:27:29.552531104Z"},"tes-input-handler-init-container-stdout-0.log":{"path":"tes-input-handler-init-container-stdout-0.log","md5":"d41d8cd98f00b204e9800998ecf8427e","size":0,"timeStamp":"2022-02-04T22:27:29.523339895Z"},"tes-input-handler-init-container-stdouterr-0.log":{"path":"tes-input-handler-init-container-stdouterr-0.log","md5":"d41d8cd98f00b204e9800998ecf8427e","size":0,"timeStamp":"2022-02-04T22:27:29.528117982Z"}}