{"bsfs-stderr-0.log":{"path":"bsfs-stderr-0.log","md5":"d41d8cd98f00b204e9800998ecf8427e","size":0,"timeStamp":"2022-02-04T22:29:59.745564691Z"},"bsfs-stdout-0.log":{"path":"bsfs-stdout-0.log","md5":"31d54c2d62ed14a83a276d25bbe2c3b4","size":1796,"timeStamp":"2022-02-04T22:29:59.792578687Z"},"bsfs-stdouterr-0.log":{"path":"bsfs-stdouterr-0.log","md5":"31d54c2d62ed14a83a276d25bbe2c3b4","size":1796,"timeStamp":"2022-02-04T22:29:59.750734145Z"},"dragen-init-stderr-0.log":{"path":"dragen-init-stderr-0.log","md5":"f37957f6cdc32ef638effe4f5bff8a8a","size":161,"timeStamp":"2022-02-04T22:29:59.7391386Z"},"dragen-init-stdout-0.log":{"path":"dragen-init-stdout-0.log","md5":"9244add434130fde47f53cf79b0a61ca","size":322,"timeStamp":"2022-02-04T22:29:59.743234327Z"},"dragen-init-stdouterr-0.log":{"path":"dragen-init-stdouterr-0.log","md5":"69f871a45d65a206b5801ed038c2a1c8","size":483,"timeStamp":"2022-02-04T22:29:59.751864029Z"},"heartbeat-init-stderr-0.log":{"path":"heartbeat-init-stderr-0.log","md5":"3f3e4f0f85f3b99126a8ea7b10ef9dcd","size":16430,"timeStamp":"2022-02-04T22:29:59.741865045Z"},"heartbeat-init-stdout-0.log":{"path":"heartbeat-init-stdout-0.log","md5":"d41d8cd98f00b204e9800998ecf8427e","size":0,"timeStamp":"2022-02-04T22:29:59.740927119Z"},"heartbeat-init-stdouterr-0.log":{"path":"heartbeat-init-stdouterr-0.log","md5":"3f3e4f0f85f3b99126a8ea7b10ef9dcd","size":16430,"timeStamp":"2022-02-04T22:29:59.747194472Z"},"heartbeat-stderr-0.log":{"path":"heartbeat-stderr-0.log","md5":"a94119706746d847b59f53befee9a61a","size":903,"timeStamp":"2022-02-04T22:29:59.741030192Z"},"heartbeat-stdout-0.log":{"path":"heartbeat-stdout-0.log","md5":"d41d8cd98f00b204e9800998ecf8427e","size":0,"timeStamp":"2022-02-04T22:29:59.769668507Z"},"heartbeat-stdouterr-0.log":{"path":"heartbeat-stdouterr-0.log","md5":"a94119706746d847b59f53befee9a61a","size":903,"timeStamp":"2022-02-04T22:29:59.766041834Z"},"logging-stderr-0.log":{"path":"logging-stderr-0.log","md5":"d5299722e324fd39a7a34d5f3a8e3724","size":13822,"timeStamp":"2022-02-04T22:29:59.771716574Z"},"logging-stdout-0.log":{"path":"logging-stdout-0.log","md5":"38aba068a5ed417ba90755e25eb44070","size":90,"timeStamp":"2022-02-04T22:29:59.788654207Z"},"logging-stdouterr-0.log":{"path":"logging-stdouterr-0.log","md5":"d231502751dbe43d29fe9b8e32404882","size":13912,"timeStamp":"2022-02-04T22:29:59.777354961Z"},"network-init-stderr-0.log":{"path":"network-init-stderr-0.log","md5":"d41d8cd98f00b204e9800998ecf8427e","size":0,"timeStamp":"2022-02-04T22:29:59.792834685Z"},"network-init-stdout-0.log":{"path":"network-init-stdout-0.log","md5":"d41d8cd98f00b204e9800998ecf8427e","size":0,"timeStamp":"2022-02-04T22:29:59.778940997Z"},"network-init-stdouterr-0.log":{"path":"network-init-stdouterr-0.log","md5":"d41d8cd98f00b204e9800998ecf8427e","size":0,"timeStamp":"2022-02-04T22:29:59.852643026Z"},"output0-stderr-0.log":{"path":"output0-stderr-0.log","md5":"3e7ec5ba8d2e40b6f4c2d9a98700de6c","size":1357,"timeStamp":"2022-02-04T22:29:59.790996201Z"},"output0-stdout-0.log":{"path":"output0-stdout-0.log","md5":"d41d8cd98f00b204e9800998ecf8427e","size":0,"timeStamp":"2022-02-04T22:29:59.812462775Z"},"output0-stdouterr-0.log":{"path":"output0-stdouterr-0.log","md5":"3e7ec5ba8d2e40b6f4c2d9a98700de6c","size":1357,"timeStamp":"2022-02-04T22:29:59.877723742Z"},"output1-stderr-0.log":{"path":"output1-stderr-0.log","md5":"92dd91be90d136a8f2fe059e2005fd03","size":3590,"timeStamp":"2022-02-04T22:29:59.83970417Z"},"output1-stdout-0.log":{"path":"output1-stdout-0.log","md5":"d41d8cd98f00b204e9800998ecf8427e","size":0,"timeStamp":"2022-02-04T22:29:59.803988963Z"},"output1-stdouterr-0.log":{"path":"output1-stdouterr-0.log","md5":"92dd91be90d136a8f2fe059e2005fd03","size":3590,"timeStamp":"2022-02-04T22:29:59.809273302Z"},"permission-init-stderr-0.log":{"path":"permission-init-stderr-0.log","md5":"d41d8cd98f00b204e9800998ecf8427e","size":0,"timeStamp":"2022-02-04T22:29:59.820295237Z"},"permission-init-stdout-0.log":{"path":"permission-init-stdout-0.log","md5":"ffacc479615e13477b08a65fcf51ce50","size":2212,"timeStamp":"2022-02-04T22:29:59.819723877Z"},"permission-init-stdouterr-0.log":{"path":"permission-init-stdouterr-0.log","md5":"ffacc479615e13477b08a65fcf51ce50","size":2212,"timeStamp":"2022-02-04T22:29:59.823467654Z"},"pod-0.log":{"path":"pod-0.log","md5":"94ffb95aa656a341038f10ef4be2d820","size":56,"timeStamp":"2022-02-04T22:29:59.829988456Z"},"pod-metrics-0.log":{"path":"pod-metrics-0.log","md5":"7cfd6d71fd3782cea22df29bf3c95735","size":30557,"timeStamp":"2022-02-04T22:29:59.852011548Z"},"task-stderr-0.log":{"path":"task-stderr-0.log","md5":"ca14ca307977639f4aecbd7370a898b2","size":12884,"timeStamp":"2022-02-04T22:29:59.838322753Z"},"task-stdout-0.log":{"path":"task-stdout-0.log","md5":"2d2a8d483c24dfa19d4f6fd327db52a4","size":5785,"timeStamp":"2022-02-04T22:29:59.850646266Z"},"task-stdouterr-0.log":{"path":"task-stdouterr-0.log","md5":"349e967e168472dd33c76651a4137d9c","size":18669,"timeStamp":"2022-02-04T22:29:59.851600485Z"},"tes-input-handler-init-container-stderr-0.log":{"path":"tes-input-handler-init-container-stderr-0.log","md5":"d41d8cd98f00b204e9800998ecf8427e","size":0,"timeStamp":"2022-02-04T22:29:59.848721518Z"},"tes-input-handler-init-container-stdout-0.log":{"path":"tes-input-handler-init-container-stdout-0.log","md5":"d41d8cd98f00b204e9800998ecf8427e","size":0,"timeStamp":"2022-02-04T22:29:59.852310146Z"},"tes-input-handler-init-container-stdouterr-0.log":{"path":"tes-input-handler-init-container-stdouterr-0.log","md5":"d41d8cd98f00b204e9800998ecf8427e","size":0,"timeStamp":"2022-02-04T22:29:59.903576127Z"}}