{"bsfs-stderr-0.log":{"path":"bsfs-stderr-0.log","md5":"d41d8cd98f00b204e9800998ecf8427e","size":0,"timeStamp":"2022-02-04T22:29:05.414747748Z"},"bsfs-stdout-0.log":{"path":"bsfs-stdout-0.log","md5":"2a11a49e0dde43e94f093a6fa4985577","size":1796,"timeStamp":"2022-02-04T22:29:05.45549895Z"},"bsfs-stdouterr-0.log":{"path":"bsfs-stdouterr-0.log","md5":"2a11a49e0dde43e94f093a6fa4985577","size":1796,"timeStamp":"2022-02-04T22:29:05.433440645Z"},"dragen-init-stderr-0.log":{"path":"dragen-init-stderr-0.log","md5":"f37957f6cdc32ef638effe4f5bff8a8a","size":161,"timeStamp":"2022-02-04T22:29:05.438086429Z"},"dragen-init-stdout-0.log":{"path":"dragen-init-stdout-0.log","md5":"0a1761ce485370cf56d36fd90f6a9e22","size":321,"timeStamp":"2022-02-04T22:29:05.421590974Z"},"dragen-init-stdouterr-0.log":{"path":"dragen-init-stdouterr-0.log","md5":"846284e38f7e42def959ba7e772647f4","size":482,"timeStamp":"2022-02-04T22:29:05.445793673Z"},"heartbeat-init-stderr-0.log":{"path":"heartbeat-init-stderr-0.log","md5":"242c5d0961fc0fef332bc846951ba473","size":16430,"timeStamp":"2022-02-04T22:29:05.417939962Z"},"heartbeat-init-stdout-0.log":{"path":"heartbeat-init-stdout-0.log","md5":"d41d8cd98f00b204e9800998ecf8427e","size":0,"timeStamp":"2022-02-04T22:29:05.423661782Z"},"heartbeat-init-stdouterr-0.log":{"path":"heartbeat-init-stdouterr-0.log","md5":"242c5d0961fc0fef332bc846951ba473","size":16430,"timeStamp":"2022-02-04T22:29:05.423756833Z"},"heartbeat-stderr-0.log":{"path":"heartbeat-stderr-0.log","md5":"7f1b3bd75ad6d0162eb1400d0807bbc7","size":678,"timeStamp":"2022-02-04T22:29:05.44035993Z"},"heartbeat-stdout-0.log":{"path":"heartbeat-stdout-0.log","md5":"d41d8cd98f00b204e9800998ecf8427e","size":0,"timeStamp":"2022-02-04T22:29:05.447738393Z"},"heartbeat-stdouterr-0.log":{"path":"heartbeat-stdouterr-0.log","md5":"7f1b3bd75ad6d0162eb1400d0807bbc7","size":678,"timeStamp":"2022-02-04T22:29:05.45325285Z"},"logging-stderr-0.log":{"path":"logging-stderr-0.log","md5":"ed6e93fc27f0fbe8220fe86b07be13ab","size":13706,"timeStamp":"2022-02-04T22:29:05.479794917Z"},"logging-stdout-0.log":{"path":"logging-stdout-0.log","md5":"38aba068a5ed417ba90755e25eb44070","size":90,"timeStamp":"2022-02-04T22:29:05.45241969Z"},"logging-stdouterr-0.log":{"path":"logging-stdouterr-0.log","md5":"5aaa4be4c33a53f0ce167754c44a68a1","size":13796,"timeStamp":"2022-02-04T22:29:05.451766366Z"},"network-init-stderr-0.log":{"path":"network-init-stderr-0.log","md5":"d41d8cd98f00b204e9800998ecf8427e","size":0,"timeStamp":"2022-02-04T22:29:05.4607718Z"},"network-init-stdout-0.log":{"path":"network-init-stdout-0.log","md5":"d41d8cd98f00b204e9800998ecf8427e","size":0,"timeStamp":"2022-02-04T22:29:05.467476102Z"},"network-init-stdouterr-0.log":{"path":"network-init-stdouterr-0.log","md5":"d41d8cd98f00b204e9800998ecf8427e","size":0,"timeStamp":"2022-02-04T22:29:05.470442094Z"},"output0-stderr-0.log":{"path":"output0-stderr-0.log","md5":"bf1f3e9398d2eb2c820c0e30146dc40a","size":499,"timeStamp":"2022-02-04T22:29:05.472551496Z"},"output0-stdout-0.log":{"path":"output0-stdout-0.log","md5":"d41d8cd98f00b204e9800998ecf8427e","size":0,"timeStamp":"2022-02-04T22:29:05.481044563Z"},"output0-stdouterr-0.log":{"path":"output0-stdouterr-0.log","md5":"bf1f3e9398d2eb2c820c0e30146dc40a","size":499,"timeStamp":"2022-02-04T22:29:05.478682772Z"},"output1-stderr-0.log":{"path":"output1-stderr-0.log","md5":"d872f2d15227470d69f9cad512427404","size":519,"timeStamp":"2022-02-04T22:29:05.483176708Z"},"output1-stdout-0.log":{"path":"output1-stdout-0.log","md5":"d41d8cd98f00b204e9800998ecf8427e","size":0,"timeStamp":"2022-02-04T22:29:05.481317029Z"},"output1-stdouterr-0.log":{"path":"output1-stdouterr-0.log","md5":"d872f2d15227470d69f9cad512427404","size":519,"timeStamp":"2022-02-04T22:29:05.484323833Z"},"permission-init-stderr-0.log":{"path":"permission-init-stderr-0.log","md5":"d41d8cd98f00b204e9800998ecf8427e","size":0,"timeStamp":"2022-02-04T22:29:05.525521122Z"},"permission-init-stdout-0.log":{"path":"permission-init-stdout-0.log","md5":"c4552334d52e99c31ee350e36fcec210","size":2212,"timeStamp":"2022-02-04T22:29:05.50244662Z"},"permission-init-stdouterr-0.log":{"path":"permission-init-stdouterr-0.log","md5":"c4552334d52e99c31ee350e36fcec210","size":2212,"timeStamp":"2022-02-04T22:29:05.498768341Z"},"pod-0.log":{"path":"pod-0.log","md5":"ef6050aeb60c8a391a22fd593551e2fb","size":56,"timeStamp":"2022-02-04T22:29:05.501839215Z"},"pod-metrics-0.log":{"path":"pod-metrics-0.log","md5":"f33947cefaf2a3665d10c0f33dcd0e6a","size":30157,"timeStamp":"2022-02-04T22:29:05.508379563Z"},"task-stderr-0.log":{"path":"task-stderr-0.log","md5":"b4d6e997589257cccda0527bbb4a8103","size":83,"timeStamp":"2022-02-04T22:29:05.508444283Z"},"task-stdout-0.log":{"path":"task-stdout-0.log","md5":"c1ec309e91df7d2d76644383dcc38745","size":27887,"timeStamp":"2022-02-04T22:29:05.510675483Z"},"task-stdouterr-0.log":{"path":"task-stdouterr-0.log","md5":"3b62464cf033bda93156dcfad1b130de","size":27970,"timeStamp":"2022-02-04T22:29:05.518305137Z"},"tes-input-handler-init-container-stderr-0.log":{"path":"tes-input-handler-init-container-stderr-0.log","md5":"d41d8cd98f00b204e9800998ecf8427e","size":0,"timeStamp":"2022-02-04T22:29:05.541043588Z"},"tes-input-handler-init-container-stdout-0.log":{"path":"tes-input-handler-init-container-stdout-0.log","md5":"d41d8cd98f00b204e9800998ecf8427e","size":0,"timeStamp":"2022-02-04T22:29:05.516933614Z"},"tes-input-handler-init-container-stdouterr-0.log":{"path":"tes-input-handler-init-container-stdouterr-0.log","md5":"d41d8cd98f00b204e9800998ecf8427e","size":0,"timeStamp":"2022-02-04T22:29:05.538624614Z"}}