{"bsfs-stderr-0.log":{"path":"bsfs-stderr-0.log","md5":"d41d8cd98f00b204e9800998ecf8427e","size":0,"timeStamp":"2022-02-04T22:26:43.9886442Z"},"bsfs-stdout-0.log":{"path":"bsfs-stdout-0.log","md5":"0be16e6f5759d1f691b3312e91e81b8f","size":1796,"timeStamp":"2022-02-04T22:26:44.017068843Z"},"bsfs-stdouterr-0.log":{"path":"bsfs-stdouterr-0.log","md5":"0be16e6f5759d1f691b3312e91e81b8f","size":1796,"timeStamp":"2022-02-04T22:26:43.993529019Z"},"dragen-init-stderr-0.log":{"path":"dragen-init-stderr-0.log","md5":"f37957f6cdc32ef638effe4f5bff8a8a","size":161,"timeStamp":"2022-02-04T22:26:43.999364602Z"},"dragen-init-stdout-0.log":{"path":"dragen-init-stdout-0.log","md5":"0a1761ce485370cf56d36fd90f6a9e22","size":321,"timeStamp":"2022-02-04T22:26:43.986834627Z"},"dragen-init-stdouterr-0.log":{"path":"dragen-init-stdouterr-0.log","md5":"846284e38f7e42def959ba7e772647f4","size":482,"timeStamp":"2022-02-04T22:26:43.990277149Z"},"heartbeat-init-stderr-0.log":{"path":"heartbeat-init-stderr-0.log","md5":"b74299523a56faab75315de198f9a025","size":16430,"timeStamp":"2022-02-04T22:26:43.987382962Z"},"heartbeat-init-stdout-0.log":{"path":"heartbeat-init-stdout-0.log","md5":"d41d8cd98f00b204e9800998ecf8427e","size":0,"timeStamp":"2022-02-04T22:26:43.993906969Z"},"heartbeat-init-stdouterr-0.log":{"path":"heartbeat-init-stdouterr-0.log","md5":"b74299523a56faab75315de198f9a025","size":16430,"timeStamp":"2022-02-04T22:26:44.003695923Z"},"heartbeat-stderr-0.log":{"path":"heartbeat-stderr-0.log","md5":"428e775baa0f9101f6f0edb752228784","size":677,"timeStamp":"2022-02-04T22:26:43.999289176Z"},"heartbeat-stdout-0.log":{"path":"heartbeat-stdout-0.log","md5":"d41d8cd98f00b204e9800998ecf8427e","size":0,"timeStamp":"2022-02-04T22:26:44.016615975Z"},"heartbeat-stdouterr-0.log":{"path":"heartbeat-stdouterr-0.log","md5":"428e775baa0f9101f6f0edb752228784","size":677,"timeStamp":"2022-02-04T22:26:44.019522476Z"},"logging-stderr-0.log":{"path":"logging-stderr-0.log","md5":"ada7a731dd86e81a4e2f3898a7ad9380","size":12158,"timeStamp":"2022-02-04T22:26:44.044826511Z"},"logging-stdout-0.log":{"path":"logging-stdout-0.log","md5":"38aba068a5ed417ba90755e25eb44070","size":90,"timeStamp":"2022-02-04T22:26:44.021397046Z"},"logging-stdouterr-0.log":{"path":"logging-stdouterr-0.log","md5":"d95cfc15851c48bd82ffe92e25cb9336","size":12248,"timeStamp":"2022-02-04T22:26:44.029497901Z"},"network-init-stderr-0.log":{"path":"network-init-stderr-0.log","md5":"d41d8cd98f00b204e9800998ecf8427e","size":0,"timeStamp":"2022-02-04T22:26:44.026654932Z"},"network-init-stdout-0.log":{"path":"network-init-stdout-0.log","md5":"d41d8cd98f00b204e9800998ecf8427e","size":0,"timeStamp":"2022-02-04T22:26:44.04845051Z"},"network-init-stdouterr-0.log":{"path":"network-init-stdouterr-0.log","md5":"d41d8cd98f00b204e9800998ecf8427e","size":0,"timeStamp":"2022-02-04T22:26:44.58727144Z"},"output0-stderr-0.log":{"path":"output0-stderr-0.log","md5":"a9b99ccd5a4ad9d18eb4ca72644f8ee6","size":5009,"timeStamp":"2022-02-04T22:26:44.03665886Z"},"output0-stdout-0.log":{"path":"output0-stdout-0.log","md5":"d41d8cd98f00b204e9800998ecf8427e","size":0,"timeStamp":"2022-02-04T22:26:44.046408634Z"},"output0-stdouterr-0.log":{"path":"output0-stdouterr-0.log","md5":"a9b99ccd5a4ad9d18eb4ca72644f8ee6","size":5009,"timeStamp":"2022-02-04T22:26:44.077644262Z"},"output1-stderr-0.log":{"path":"output1-stderr-0.log","md5":"23e4650dca6934a7a876c6f3ac92d522","size":1576,"timeStamp":"2022-02-04T22:26:44.052508854Z"},"output1-stdout-0.log":{"path":"output1-stdout-0.log","md5":"d41d8cd98f00b204e9800998ecf8427e","size":0,"timeStamp":"2022-02-04T22:26:44.072971847Z"},"output1-stdouterr-0.log":{"path":"output1-stdouterr-0.log","md5":"23e4650dca6934a7a876c6f3ac92d522","size":1576,"timeStamp":"2022-02-04T22:26:44.056379091Z"},"permission-init-stderr-0.log":{"path":"permission-init-stderr-0.log","md5":"d41d8cd98f00b204e9800998ecf8427e","size":0,"timeStamp":"2022-02-04T22:26:44.058297931Z"},"permission-init-stdout-0.log":{"path":"permission-init-stdout-0.log","md5":"0da85254a0b8d9cb3a506f1953db739f","size":2212,"timeStamp":"2022-02-04T22:26:44.066951508Z"},"permission-init-stdouterr-0.log":{"path":"permission-init-stdouterr-0.log","md5":"0da85254a0b8d9cb3a506f1953db739f","size":2212,"timeStamp":"2022-02-04T22:26:44.069859704Z"},"pod-0.log":{"path":"pod-0.log","md5":"5743c9ad55c18f5e4f912d1215b756aa","size":56,"timeStamp":"2022-02-04T22:26:44.076175284Z"},"pod-metrics-0.log":{"path":"pod-metrics-0.log","md5":"3e7e17b10041771fe35f0efdc421ce73","size":23202,"timeStamp":"2022-02-04T22:26:44.078020038Z"},"task-stderr-0.log":{"path":"task-stderr-0.log","md5":"b4d6e997589257cccda0527bbb4a8103","size":83,"timeStamp":"2022-02-04T22:26:44.080851952Z"},"task-stdout-0.log":{"path":"task-stdout-0.log","md5":"5e70ab3f69d0d3b2d46e0b10e13d0196","size":27882,"timeStamp":"2022-02-04T22:26:44.085865396Z"},"task-stdouterr-0.log":{"path":"task-stdouterr-0.log","md5":"c0ab135b40fc28c8e919213b93aa0873","size":27965,"timeStamp":"2022-02-04T22:26:44.119263828Z"},"tes-input-handler-init-container-stderr-0.log":{"path":"tes-input-handler-init-container-stderr-0.log","md5":"d41d8cd98f00b204e9800998ecf8427e","size":0,"timeStamp":"2022-02-04T22:26:44.097667418Z"},"tes-input-handler-init-container-stdout-0.log":{"path":"tes-input-handler-init-container-stdout-0.log","md5":"d41d8cd98f00b204e9800998ecf8427e","size":0,"timeStamp":"2022-02-04T22:26:44.097964629Z"},"tes-input-handler-init-container-stdouterr-0.log":{"path":"tes-input-handler-init-container-stdouterr-0.log","md5":"d41d8cd98f00b204e9800998ecf8427e","size":0,"timeStamp":"2022-02-04T22:26:44.153470156Z"}}