{"bsfs-stderr-0.log":{"path":"bsfs-stderr-0.log","md5":"d41d8cd98f00b204e9800998ecf8427e","size":0,"timeStamp":"2022-02-04T22:28:53.924501468Z"},"bsfs-stdout-0.log":{"path":"bsfs-stdout-0.log","md5":"bd89f749a08ba04cecb650515f7c5345","size":1795,"timeStamp":"2022-02-04T22:28:53.94238967Z"},"bsfs-stdouterr-0.log":{"path":"bsfs-stdouterr-0.log","md5":"bd89f749a08ba04cecb650515f7c5345","size":1795,"timeStamp":"2022-02-04T22:28:53.940242168Z"},"dragen-init-stderr-0.log":{"path":"dragen-init-stderr-0.log","md5":"f37957f6cdc32ef638effe4f5bff8a8a","size":161,"timeStamp":"2022-02-04T22:28:53.959857302Z"},"dragen-init-stdout-0.log":{"path":"dragen-init-stdout-0.log","md5":"9244add434130fde47f53cf79b0a61ca","size":322,"timeStamp":"2022-02-04T22:28:53.934648052Z"},"dragen-init-stdouterr-0.log":{"path":"dragen-init-stdouterr-0.log","md5":"69f871a45d65a206b5801ed038c2a1c8","size":483,"timeStamp":"2022-02-04T22:28:53.927594583Z"},"heartbeat-init-stderr-0.log":{"path":"heartbeat-init-stderr-0.log","md5":"36adc93810f37d1f887db0f3bd49c712","size":16430,"timeStamp":"2022-02-04T22:28:53.925148369Z"},"heartbeat-init-stdout-0.log":{"path":"heartbeat-init-stdout-0.log","md5":"d41d8cd98f00b204e9800998ecf8427e","size":0,"timeStamp":"2022-02-04T22:28:53.931564299Z"},"heartbeat-init-stdouterr-0.log":{"path":"heartbeat-init-stdouterr-0.log","md5":"36adc93810f37d1f887db0f3bd49c712","size":16430,"timeStamp":"2022-02-04T22:28:53.924280029Z"},"heartbeat-stderr-0.log":{"path":"heartbeat-stderr-0.log","md5":"46efebebc4e7b5d218ad2a60103b9b88","size":678,"timeStamp":"2022-02-04T22:28:53.929363359Z"},"heartbeat-stdout-0.log":{"path":"heartbeat-stdout-0.log","md5":"d41d8cd98f00b204e9800998ecf8427e","size":0,"timeStamp":"2022-02-04T22:28:53.954467412Z"},"heartbeat-stdouterr-0.log":{"path":"heartbeat-stdouterr-0.log","md5":"46efebebc4e7b5d218ad2a60103b9b88","size":678,"timeStamp":"2022-02-04T22:28:53.953331541Z"},"logging-stderr-0.log":{"path":"logging-stderr-0.log","md5":"935ab8c7827f357985085f88ba69a794","size":12158,"timeStamp":"2022-02-04T22:28:53.972372834Z"},"logging-stdout-0.log":{"path":"logging-stdout-0.log","md5":"38aba068a5ed417ba90755e25eb44070","size":90,"timeStamp":"2022-02-04T22:28:54.035717822Z"},"logging-stdouterr-0.log":{"path":"logging-stdouterr-0.log","md5":"2486830a4674f7711fdc89e73af45a2d","size":12248,"timeStamp":"2022-02-04T22:28:53.960138473Z"},"network-init-stderr-0.log":{"path":"network-init-stderr-0.log","md5":"d41d8cd98f00b204e9800998ecf8427e","size":0,"timeStamp":"2022-02-04T22:28:53.964493291Z"},"network-init-stdout-0.log":{"path":"network-init-stdout-0.log","md5":"d41d8cd98f00b204e9800998ecf8427e","size":0,"timeStamp":"2022-02-04T22:28:53.966113387Z"},"network-init-stdouterr-0.log":{"path":"network-init-stdouterr-0.log","md5":"d41d8cd98f00b204e9800998ecf8427e","size":0,"timeStamp":"2022-02-04T22:28:53.987210944Z"},"output0-stderr-0.log":{"path":"output0-stderr-0.log","md5":"ed6382295149f1aae574befaf592defa","size":5004,"timeStamp":"2022-02-04T22:28:53.973233512Z"},"output0-stdout-0.log":{"path":"output0-stdout-0.log","md5":"d41d8cd98f00b204e9800998ecf8427e","size":0,"timeStamp":"2022-02-04T22:28:53.981862497Z"},"output0-stdouterr-0.log":{"path":"output0-stdouterr-0.log","md5":"ed6382295149f1aae574befaf592defa","size":5004,"timeStamp":"2022-02-04T22:28:53.9847343Z"},"output1-stderr-0.log":{"path":"output1-stderr-0.log","md5":"5deeb2c503596dc2d582023997981c13","size":1576,"timeStamp":"2022-02-04T22:28:54.017439067Z"},"output1-stdout-0.log":{"path":"output1-stdout-0.log","md5":"d41d8cd98f00b204e9800998ecf8427e","size":0,"timeStamp":"2022-02-04T22:28:53.986280188Z"},"output1-stdouterr-0.log":{"path":"output1-stdouterr-0.log","md5":"5deeb2c503596dc2d582023997981c13","size":1576,"timeStamp":"2022-02-04T22:28:54.002382256Z"},"permission-init-stderr-0.log":{"path":"permission-init-stderr-0.log","md5":"d41d8cd98f00b204e9800998ecf8427e","size":0,"timeStamp":"2022-02-04T22:28:53.993455164Z"},"permission-init-stdout-0.log":{"path":"permission-init-stdout-0.log","md5":"565dcd85b6339b50bbfa4e7dc4f008d1","size":2212,"timeStamp":"2022-02-04T22:28:53.995558727Z"},"permission-init-stdouterr-0.log":{"path":"permission-init-stdouterr-0.log","md5":"565dcd85b6339b50bbfa4e7dc4f008d1","size":2212,"timeStamp":"2022-02-04T22:28:54.001942713Z"},"pod-0.log":{"path":"pod-0.log","md5":"47ac9eb070450dcb9838cb169f958955","size":56,"timeStamp":"2022-02-04T22:28:54.006446233Z"},"pod-metrics-0.log":{"path":"pod-metrics-0.log","md5":"afc8589331e6dfd5f3edaf2fec2d79b3","size":23085,"timeStamp":"2022-02-04T22:28:54.014980036Z"},"task-stderr-0.log":{"path":"task-stderr-0.log","md5":"b4d6e997589257cccda0527bbb4a8103","size":83,"timeStamp":"2022-02-04T22:28:54.030594266Z"},"task-stdout-0.log":{"path":"task-stdout-0.log","md5":"b707c3bee6bac7f960775f708397a10e","size":27883,"timeStamp":"2022-02-04T22:28:54.020888002Z"},"task-stdouterr-0.log":{"path":"task-stdouterr-0.log","md5":"dded5c1abe490b174a83c4bdfb84fc79","size":27966,"timeStamp":"2022-02-04T22:28:54.048608578Z"},"tes-input-handler-init-container-stderr-0.log":{"path":"tes-input-handler-init-container-stderr-0.log","md5":"d41d8cd98f00b204e9800998ecf8427e","size":0,"timeStamp":"2022-02-04T22:28:54.051626674Z"},"tes-input-handler-init-container-stdout-0.log":{"path":"tes-input-handler-init-container-stdout-0.log","md5":"d41d8cd98f00b204e9800998ecf8427e","size":0,"timeStamp":"2022-02-04T22:28:54.035262595Z"},"tes-input-handler-init-container-stdouterr-0.log":{"path":"tes-input-handler-init-container-stdouterr-0.log","md5":"d41d8cd98f00b204e9800998ecf8427e","size":0,"timeStamp":"2022-02-04T22:28:54.030272637Z"}}