{"bsfs-stderr-0.log":{"path":"bsfs-stderr-0.log","md5":"d41d8cd98f00b204e9800998ecf8427e","size":0,"timeStamp":"2022-02-04T22:27:55.669989835Z"},"bsfs-stdout-0.log":{"path":"bsfs-stdout-0.log","md5":"7aa5f1b19eff28589ddc4a7b98b38297","size":1794,"timeStamp":"2022-02-04T22:27:55.638768681Z"},"bsfs-stdouterr-0.log":{"path":"bsfs-stdouterr-0.log","md5":"7aa5f1b19eff28589ddc4a7b98b38297","size":1794,"timeStamp":"2022-02-04T22:27:55.602290888Z"},"dragen-init-stderr-0.log":{"path":"dragen-init-stderr-0.log","md5":"f37957f6cdc32ef638effe4f5bff8a8a","size":161,"timeStamp":"2022-02-04T22:27:55.60860714Z"},"dragen-init-stdout-0.log":{"path":"dragen-init-stdout-0.log","md5":"0a1761ce485370cf56d36fd90f6a9e22","size":321,"timeStamp":"2022-02-04T22:27:55.611152861Z"},"dragen-init-stdouterr-0.log":{"path":"dragen-init-stdouterr-0.log","md5":"846284e38f7e42def959ba7e772647f4","size":482,"timeStamp":"2022-02-04T22:27:56.135464107Z"},"heartbeat-init-stderr-0.log":{"path":"heartbeat-init-stderr-0.log","md5":"5b7a95b8a0e882a3f5ac4b94196e763e","size":16430,"timeStamp":"2022-02-04T22:27:55.645965894Z"},"heartbeat-init-stdout-0.log":{"path":"heartbeat-init-stdout-0.log","md5":"d41d8cd98f00b204e9800998ecf8427e","size":0,"timeStamp":"2022-02-04T22:27:55.619219893Z"},"heartbeat-init-stdouterr-0.log":{"path":"heartbeat-init-stdouterr-0.log","md5":"5b7a95b8a0e882a3f5ac4b94196e763e","size":16430,"timeStamp":"2022-02-04T22:27:55.609536583Z"},"heartbeat-stderr-0.log":{"path":"heartbeat-stderr-0.log","md5":"44e6dab6fcd54962b51276a329a0d336","size":678,"timeStamp":"2022-02-04T22:27:55.621403025Z"},"heartbeat-stdout-0.log":{"path":"heartbeat-stdout-0.log","md5":"d41d8cd98f00b204e9800998ecf8427e","size":0,"timeStamp":"2022-02-04T22:27:55.636475224Z"},"heartbeat-stdouterr-0.log":{"path":"heartbeat-stdouterr-0.log","md5":"44e6dab6fcd54962b51276a329a0d336","size":678,"timeStamp":"2022-02-04T22:27:55.63558647Z"},"logging-stderr-0.log":{"path":"logging-stderr-0.log","md5":"a7b8e76e0d5ffa293607201cb66b7fa3","size":12158,"timeStamp":"2022-02-04T22:27:55.695775652Z"},"logging-stdout-0.log":{"path":"logging-stdout-0.log","md5":"38aba068a5ed417ba90755e25eb44070","size":90,"timeStamp":"2022-02-04T22:27:55.640378171Z"},"logging-stdouterr-0.log":{"path":"logging-stdouterr-0.log","md5":"02eb2033b790b8751db64eae8f19ab6c","size":12248,"timeStamp":"2022-02-04T22:27:55.676351106Z"},"network-init-stderr-0.log":{"path":"network-init-stderr-0.log","md5":"d41d8cd98f00b204e9800998ecf8427e","size":0,"timeStamp":"2022-02-04T22:27:55.714406535Z"},"network-init-stdout-0.log":{"path":"network-init-stdout-0.log","md5":"d41d8cd98f00b204e9800998ecf8427e","size":0,"timeStamp":"2022-02-04T22:27:55.679136959Z"},"network-init-stdouterr-0.log":{"path":"network-init-stdouterr-0.log","md5":"d41d8cd98f00b204e9800998ecf8427e","size":0,"timeStamp":"2022-02-04T22:27:55.714169866Z"},"output0-stderr-0.log":{"path":"output0-stderr-0.log","md5":"917b5a5a6def1889813c1bdac37e7258","size":499,"timeStamp":"2022-02-04T22:27:55.664893165Z"},"output0-stdout-0.log":{"path":"output0-stdout-0.log","md5":"d41d8cd98f00b204e9800998ecf8427e","size":0,"timeStamp":"2022-02-04T22:27:55.725528133Z"},"output0-stdouterr-0.log":{"path":"output0-stdouterr-0.log","md5":"917b5a5a6def1889813c1bdac37e7258","size":499,"timeStamp":"2022-02-04T22:27:55.676062068Z"},"output1-stderr-0.log":{"path":"output1-stderr-0.log","md5":"db1852375ae6ec6eb825ee758f862726","size":1576,"timeStamp":"2022-02-04T22:27:55.701700574Z"},"output1-stdout-0.log":{"path":"output1-stdout-0.log","md5":"d41d8cd98f00b204e9800998ecf8427e","size":0,"timeStamp":"2022-02-04T22:27:55.702978592Z"},"output1-stdouterr-0.log":{"path":"output1-stdouterr-0.log","md5":"db1852375ae6ec6eb825ee758f862726","size":1576,"timeStamp":"2022-02-04T22:27:55.70733801Z"},"permission-init-stderr-0.log":{"path":"permission-init-stderr-0.log","md5":"d41d8cd98f00b204e9800998ecf8427e","size":0,"timeStamp":"2022-02-04T22:27:55.77417054Z"},"permission-init-stdout-0.log":{"path":"permission-init-stdout-0.log","md5":"a0c02b02f297f09139477e64587df175","size":2212,"timeStamp":"2022-02-04T22:27:55.710304192Z"},"permission-init-stdouterr-0.log":{"path":"permission-init-stdouterr-0.log","md5":"a0c02b02f297f09139477e64587df175","size":2212,"timeStamp":"2022-02-04T22:27:55.746176715Z"},"pod-0.log":{"path":"pod-0.log","md5":"c4c02e3e50255225019903e1915aada8","size":56,"timeStamp":"2022-02-04T22:27:55.760011659Z"},"pod-metrics-0.log":{"path":"pod-metrics-0.log","md5":"76d8987cb2688983646a956f35a5256e","size":23077,"timeStamp":"2022-02-04T22:27:55.750281473Z"},"task-stderr-0.log":{"path":"task-stderr-0.log","md5":"b4d6e997589257cccda0527bbb4a8103","size":83,"timeStamp":"2022-02-04T22:27:55.737625995Z"},"task-stdout-0.log":{"path":"task-stdout-0.log","md5":"8dadc0c3d762c8ec33d12721d82f30ad","size":27883,"timeStamp":"2022-02-04T22:27:55.761900178Z"},"task-stdouterr-0.log":{"path":"task-stdouterr-0.log","md5":"8262b02b5adf9502748c789f2497bd49","size":27966,"timeStamp":"2022-02-04T22:27:55.753246984Z"},"tes-input-handler-init-container-stderr-0.log":{"path":"tes-input-handler-init-container-stderr-0.log","md5":"d41d8cd98f00b204e9800998ecf8427e","size":0,"timeStamp":"2022-02-04T22:27:55.738227276Z"},"tes-input-handler-init-container-stdout-0.log":{"path":"tes-input-handler-init-container-stdout-0.log","md5":"d41d8cd98f00b204e9800998ecf8427e","size":0,"timeStamp":"2022-02-04T22:27:55.853752304Z"},"tes-input-handler-init-container-stdouterr-0.log":{"path":"tes-input-handler-init-container-stdouterr-0.log","md5":"d41d8cd98f00b204e9800998ecf8427e","size":0,"timeStamp":"2022-02-04T22:27:55.770356427Z"}}