{"bsfs-stderr-0.log":{"path":"bsfs-stderr-0.log","md5":"d41d8cd98f00b204e9800998ecf8427e","size":0,"timeStamp":"2022-02-04T22:27:07.607864162Z"},"bsfs-stdout-0.log":{"path":"bsfs-stdout-0.log","md5":"31fe569825e47599a5c47530f1028c75","size":1796,"timeStamp":"2022-02-04T22:27:07.618325541Z"},"bsfs-stdouterr-0.log":{"path":"bsfs-stdouterr-0.log","md5":"31fe569825e47599a5c47530f1028c75","size":1796,"timeStamp":"2022-02-04T22:27:07.608680849Z"},"dragen-init-stderr-0.log":{"path":"dragen-init-stderr-0.log","md5":"f37957f6cdc32ef638effe4f5bff8a8a","size":161,"timeStamp":"2022-02-04T22:27:07.617066942Z"},"dragen-init-stdout-0.log":{"path":"dragen-init-stdout-0.log","md5":"0a1761ce485370cf56d36fd90f6a9e22","size":321,"timeStamp":"2022-02-04T22:27:07.613239666Z"},"dragen-init-stdouterr-0.log":{"path":"dragen-init-stdouterr-0.log","md5":"846284e38f7e42def959ba7e772647f4","size":482,"timeStamp":"2022-02-04T22:27:07.620807869Z"},"heartbeat-init-stderr-0.log":{"path":"heartbeat-init-stderr-0.log","md5":"a55578503ad6eb61efc15d65430991ce","size":16430,"timeStamp":"2022-02-04T22:27:07.609828362Z"},"heartbeat-init-stdout-0.log":{"path":"heartbeat-init-stdout-0.log","md5":"d41d8cd98f00b204e9800998ecf8427e","size":0,"timeStamp":"2022-02-04T22:27:07.601771409Z"},"heartbeat-init-stdouterr-0.log":{"path":"heartbeat-init-stdouterr-0.log","md5":"a55578503ad6eb61efc15d65430991ce","size":16430,"timeStamp":"2022-02-04T22:27:07.653430832Z"},"heartbeat-stderr-0.log":{"path":"heartbeat-stderr-0.log","md5":"fb5e30a649da2b075cddb2b134586c8a","size":674,"timeStamp":"2022-02-04T22:27:07.615433431Z"},"heartbeat-stdout-0.log":{"path":"heartbeat-stdout-0.log","md5":"d41d8cd98f00b204e9800998ecf8427e","size":0,"timeStamp":"2022-02-04T22:27:07.632991791Z"},"heartbeat-stdouterr-0.log":{"path":"heartbeat-stdouterr-0.log","md5":"fb5e30a649da2b075cddb2b134586c8a","size":674,"timeStamp":"2022-02-04T22:27:07.643177554Z"},"logging-stderr-0.log":{"path":"logging-stderr-0.log","md5":"3b4bcf3165dbc7f17f9b1920478999b0","size":12158,"timeStamp":"2022-02-04T22:27:07.656259958Z"},"logging-stdout-0.log":{"path":"logging-stdout-0.log","md5":"38aba068a5ed417ba90755e25eb44070","size":90,"timeStamp":"2022-02-04T22:27:07.63837841Z"},"logging-stdouterr-0.log":{"path":"logging-stdouterr-0.log","md5":"b500332cd8754c42894f85eb6bf3f8c8","size":12248,"timeStamp":"2022-02-04T22:27:07.64798156Z"},"network-init-stderr-0.log":{"path":"network-init-stderr-0.log","md5":"d41d8cd98f00b204e9800998ecf8427e","size":0,"timeStamp":"2022-02-04T22:27:07.645402138Z"},"network-init-stdout-0.log":{"path":"network-init-stdout-0.log","md5":"d41d8cd98f00b204e9800998ecf8427e","size":0,"timeStamp":"2022-02-04T22:27:07.646310264Z"},"network-init-stdouterr-0.log":{"path":"network-init-stdouterr-0.log","md5":"d41d8cd98f00b204e9800998ecf8427e","size":0,"timeStamp":"2022-02-04T22:27:07.768245207Z"},"output0-stderr-0.log":{"path":"output0-stderr-0.log","md5":"247b3613f2d915902569ab0cbe3b0435","size":5005,"timeStamp":"2022-02-04T22:27:07.703612852Z"},"output0-stdout-0.log":{"path":"output0-stdout-0.log","md5":"d41d8cd98f00b204e9800998ecf8427e","size":0,"timeStamp":"2022-02-04T22:27:07.710008399Z"},"output0-stdouterr-0.log":{"path":"output0-stdouterr-0.log","md5":"247b3613f2d915902569ab0cbe3b0435","size":5005,"timeStamp":"2022-02-04T22:27:07.664623115Z"},"output1-stderr-0.log":{"path":"output1-stderr-0.log","md5":"0c769fcd343c84a8c36723b8ce669ddd","size":1576,"timeStamp":"2022-02-04T22:27:07.673465371Z"},"output1-stdout-0.log":{"path":"output1-stdout-0.log","md5":"d41d8cd98f00b204e9800998ecf8427e","size":0,"timeStamp":"2022-02-04T22:27:07.680450148Z"},"output1-stdouterr-0.log":{"path":"output1-stdouterr-0.log","md5":"0c769fcd343c84a8c36723b8ce669ddd","size":1576,"timeStamp":"2022-02-04T22:27:07.677087378Z"},"permission-init-stderr-0.log":{"path":"permission-init-stderr-0.log","md5":"d41d8cd98f00b204e9800998ecf8427e","size":0,"timeStamp":"2022-02-04T22:27:07.67470152Z"},"permission-init-stdout-0.log":{"path":"permission-init-stdout-0.log","md5":"5f0cd410a190bf6b5b5a05b47b929e5d","size":2212,"timeStamp":"2022-02-04T22:27:07.683751341Z"},"permission-init-stdouterr-0.log":{"path":"permission-init-stdouterr-0.log","md5":"5f0cd410a190bf6b5b5a05b47b929e5d","size":2212,"timeStamp":"2022-02-04T22:27:07.689741942Z"},"pod-0.log":{"path":"pod-0.log","md5":"4602bc273a6e96ec8663b48ce1574724","size":56,"timeStamp":"2022-02-04T22:27:07.704782729Z"},"pod-metrics-0.log":{"path":"pod-metrics-0.log","md5":"019867198b63e7c192ba3157f0bea42e","size":22867,"timeStamp":"2022-02-04T22:27:07.710216368Z"},"task-stderr-0.log":{"path":"task-stderr-0.log","md5":"b4d6e997589257cccda0527bbb4a8103","size":83,"timeStamp":"2022-02-04T22:27:07.705172347Z"},"task-stdout-0.log":{"path":"task-stdout-0.log","md5":"65bbcc4aed4561a6903ca192111936ac","size":27882,"timeStamp":"2022-02-04T22:27:07.70995647Z"},"task-stdouterr-0.log":{"path":"task-stdouterr-0.log","md5":"601ef315cd4d3fdea90c8a935319faf4","size":27965,"timeStamp":"2022-02-04T22:27:07.761181268Z"},"tes-input-handler-init-container-stderr-0.log":{"path":"tes-input-handler-init-container-stderr-0.log","md5":"d41d8cd98f00b204e9800998ecf8427e","size":0,"timeStamp":"2022-02-04T22:27:07.747556643Z"},"tes-input-handler-init-container-stdout-0.log":{"path":"tes-input-handler-init-container-stdout-0.log","md5":"d41d8cd98f00b204e9800998ecf8427e","size":0,"timeStamp":"2022-02-04T22:27:07.727686527Z"},"tes-input-handler-init-container-stdouterr-0.log":{"path":"tes-input-handler-init-container-stdouterr-0.log","md5":"d41d8cd98f00b204e9800998ecf8427e","size":0,"timeStamp":"2022-02-04T22:27:07.731192836Z"}}