{"bsfs-stderr-0.log":{"path":"bsfs-stderr-0.log","md5":"d41d8cd98f00b204e9800998ecf8427e","size":0,"timeStamp":"2022-02-04T22:28:55.900762052Z"},"bsfs-stdout-0.log":{"path":"bsfs-stdout-0.log","md5":"e44e3161f6fd6fc4950e5acab9b09690","size":1795,"timeStamp":"2022-02-04T22:28:55.867262251Z"},"bsfs-stdouterr-0.log":{"path":"bsfs-stdouterr-0.log","md5":"e44e3161f6fd6fc4950e5acab9b09690","size":1795,"timeStamp":"2022-02-04T22:28:55.905816539Z"},"dragen-init-stderr-0.log":{"path":"dragen-init-stderr-0.log","md5":"f37957f6cdc32ef638effe4f5bff8a8a","size":161,"timeStamp":"2022-02-04T22:28:55.906558911Z"},"dragen-init-stdout-0.log":{"path":"dragen-init-stdout-0.log","md5":"18d9e6edcc4a64fcd7edb9e6182107ad","size":323,"timeStamp":"2022-02-04T22:28:55.910419044Z"},"dragen-init-stdouterr-0.log":{"path":"dragen-init-stdouterr-0.log","md5":"3f25cd16f15297a7d94d0861f911b880","size":484,"timeStamp":"2022-02-04T22:28:56.099197919Z"},"heartbeat-init-stderr-0.log":{"path":"heartbeat-init-stderr-0.log","md5":"871fbff3a6ca01cd985b8519bbcb0e7e","size":16430,"timeStamp":"2022-02-04T22:28:55.896518855Z"},"heartbeat-init-stdout-0.log":{"path":"heartbeat-init-stdout-0.log","md5":"d41d8cd98f00b204e9800998ecf8427e","size":0,"timeStamp":"2022-02-04T22:28:55.897801885Z"},"heartbeat-init-stdouterr-0.log":{"path":"heartbeat-init-stdouterr-0.log","md5":"871fbff3a6ca01cd985b8519bbcb0e7e","size":16430,"timeStamp":"2022-02-04T22:28:55.915006882Z"},"heartbeat-stderr-0.log":{"path":"heartbeat-stderr-0.log","md5":"5a0e14111433dacf8c85d8b87f40e927","size":678,"timeStamp":"2022-02-04T22:28:55.864468633Z"},"heartbeat-stdout-0.log":{"path":"heartbeat-stdout-0.log","md5":"d41d8cd98f00b204e9800998ecf8427e","size":0,"timeStamp":"2022-02-04T22:28:55.915467812Z"},"heartbeat-stdouterr-0.log":{"path":"heartbeat-stdouterr-0.log","md5":"5a0e14111433dacf8c85d8b87f40e927","size":678,"timeStamp":"2022-02-04T22:28:55.920562527Z"},"logging-stderr-0.log":{"path":"logging-stderr-0.log","md5":"c38f154ee1af01683358a114502a3d04","size":13706,"timeStamp":"2022-02-04T22:28:56.001367699Z"},"logging-stdout-0.log":{"path":"logging-stdout-0.log","md5":"38aba068a5ed417ba90755e25eb44070","size":90,"timeStamp":"2022-02-04T22:28:55.929354641Z"},"logging-stdouterr-0.log":{"path":"logging-stdouterr-0.log","md5":"a91b008bb919d55567b79b619ad1685b","size":13796,"timeStamp":"2022-02-04T22:28:55.971608729Z"},"network-init-stderr-0.log":{"path":"network-init-stderr-0.log","md5":"d41d8cd98f00b204e9800998ecf8427e","size":0,"timeStamp":"2022-02-04T22:28:55.943997596Z"},"network-init-stdout-0.log":{"path":"network-init-stdout-0.log","md5":"d41d8cd98f00b204e9800998ecf8427e","size":0,"timeStamp":"2022-02-04T22:28:55.931204456Z"},"network-init-stdouterr-0.log":{"path":"network-init-stdouterr-0.log","md5":"d41d8cd98f00b204e9800998ecf8427e","size":0,"timeStamp":"2022-02-04T22:28:55.941403817Z"},"output0-stderr-0.log":{"path":"output0-stderr-0.log","md5":"4283ba41cc473083327377dcdc6af399","size":499,"timeStamp":"2022-02-04T22:28:55.963380945Z"},"output0-stdout-0.log":{"path":"output0-stdout-0.log","md5":"d41d8cd98f00b204e9800998ecf8427e","size":0,"timeStamp":"2022-02-04T22:28:55.943117188Z"},"output0-stdouterr-0.log":{"path":"output0-stdouterr-0.log","md5":"4283ba41cc473083327377dcdc6af399","size":499,"timeStamp":"2022-02-04T22:28:55.947819001Z"},"output1-stderr-0.log":{"path":"output1-stderr-0.log","md5":"52dfd7515fd3ac262afca87abcaf8f1b","size":519,"timeStamp":"2022-02-04T22:28:55.970392719Z"},"output1-stdout-0.log":{"path":"output1-stdout-0.log","md5":"d41d8cd98f00b204e9800998ecf8427e","size":0,"timeStamp":"2022-02-04T22:28:55.965157915Z"},"output1-stdouterr-0.log":{"path":"output1-stdouterr-0.log","md5":"52dfd7515fd3ac262afca87abcaf8f1b","size":519,"timeStamp":"2022-02-04T22:28:56.004531415Z"},"permission-init-stderr-0.log":{"path":"permission-init-stderr-0.log","md5":"d41d8cd98f00b204e9800998ecf8427e","size":0,"timeStamp":"2022-02-04T22:28:55.977323459Z"},"permission-init-stdout-0.log":{"path":"permission-init-stdout-0.log","md5":"b12b5344fd5b07bd80be7ca56e90c956","size":2212,"timeStamp":"2022-02-04T22:28:55.970898779Z"},"permission-init-stdouterr-0.log":{"path":"permission-init-stdouterr-0.log","md5":"b12b5344fd5b07bd80be7ca56e90c956","size":2212,"timeStamp":"2022-02-04T22:28:55.974534187Z"},"pod-0.log":{"path":"pod-0.log","md5":"3f06532585c76567709a61c0c75e0a8b","size":56,"timeStamp":"2022-02-04T22:28:55.993418421Z"},"pod-metrics-0.log":{"path":"pod-metrics-0.log","md5":"e76f4307c3d229ae058a48987308996d","size":30436,"timeStamp":"2022-02-04T22:28:55.996822857Z"},"task-stderr-0.log":{"path":"task-stderr-0.log","md5":"b4d6e997589257cccda0527bbb4a8103","size":83,"timeStamp":"2022-02-04T22:28:55.998078526Z"},"task-stdout-0.log":{"path":"task-stdout-0.log","md5":"8f89f572b33bf483f675607f6560d896","size":27886,"timeStamp":"2022-02-04T22:28:56.001395875Z"},"task-stdouterr-0.log":{"path":"task-stdouterr-0.log","md5":"4b520c7d1fc9d21f029530b22a64d104","size":27969,"timeStamp":"2022-02-04T22:28:56.046950446Z"},"tes-input-handler-init-container-stderr-0.log":{"path":"tes-input-handler-init-container-stderr-0.log","md5":"d41d8cd98f00b204e9800998ecf8427e","size":0,"timeStamp":"2022-02-04T22:28:56.025171079Z"},"tes-input-handler-init-container-stdout-0.log":{"path":"tes-input-handler-init-container-stdout-0.log","md5":"d41d8cd98f00b204e9800998ecf8427e","size":0,"timeStamp":"2022-02-04T22:28:56.00568072Z"},"tes-input-handler-init-container-stdouterr-0.log":{"path":"tes-input-handler-init-container-stdouterr-0.log","md5":"d41d8cd98f00b204e9800998ecf8427e","size":0,"timeStamp":"2022-02-04T22:28:56.121097947Z"}}