{"bsfs-stderr-0.log":{"path":"bsfs-stderr-0.log","md5":"d41d8cd98f00b204e9800998ecf8427e","size":0,"timeStamp":"2022-02-04T22:29:39.988620735Z"},"bsfs-stdout-0.log":{"path":"bsfs-stdout-0.log","md5":"0816425469e6be55af47c7bf57c48ec3","size":1796,"timeStamp":"2022-02-04T22:29:39.961644762Z"},"bsfs-stdouterr-0.log":{"path":"bsfs-stdouterr-0.log","md5":"0816425469e6be55af47c7bf57c48ec3","size":1796,"timeStamp":"2022-02-04T22:29:39.974239133Z"},"dragen-init-stderr-0.log":{"path":"dragen-init-stderr-0.log","md5":"f37957f6cdc32ef638effe4f5bff8a8a","size":161,"timeStamp":"2022-02-04T22:29:40.048250089Z"},"dragen-init-stdout-0.log":{"path":"dragen-init-stdout-0.log","md5":"9244add434130fde47f53cf79b0a61ca","size":322,"timeStamp":"2022-02-04T22:29:39.958716602Z"},"dragen-init-stdouterr-0.log":{"path":"dragen-init-stdouterr-0.log","md5":"e96f11670a7b3c692e250179ffb3f4a3","size":483,"timeStamp":"2022-02-04T22:29:39.965762139Z"},"heartbeat-init-stderr-0.log":{"path":"heartbeat-init-stderr-0.log","md5":"4bc5e78443428ef9ceeb5b636776d52e","size":16430,"timeStamp":"2022-02-04T22:29:39.983847552Z"},"heartbeat-init-stdout-0.log":{"path":"heartbeat-init-stdout-0.log","md5":"d41d8cd98f00b204e9800998ecf8427e","size":0,"timeStamp":"2022-02-04T22:29:39.987420566Z"},"heartbeat-init-stdouterr-0.log":{"path":"heartbeat-init-stdouterr-0.log","md5":"4bc5e78443428ef9ceeb5b636776d52e","size":16430,"timeStamp":"2022-02-04T22:29:39.966421646Z"},"heartbeat-stderr-0.log":{"path":"heartbeat-stderr-0.log","md5":"455451564d111de8ae73989982655788","size":903,"timeStamp":"2022-02-04T22:29:39.964744775Z"},"heartbeat-stdout-0.log":{"path":"heartbeat-stdout-0.log","md5":"d41d8cd98f00b204e9800998ecf8427e","size":0,"timeStamp":"2022-02-04T22:29:39.982937631Z"},"heartbeat-stdouterr-0.log":{"path":"heartbeat-stdouterr-0.log","md5":"455451564d111de8ae73989982655788","size":903,"timeStamp":"2022-02-04T22:29:39.992058974Z"},"logging-stderr-0.log":{"path":"logging-stderr-0.log","md5":"ddb3bd874f2196ba08f6d7b25ebfd8df","size":13824,"timeStamp":"2022-02-04T22:29:39.995355247Z"},"logging-stdout-0.log":{"path":"logging-stdout-0.log","md5":"38aba068a5ed417ba90755e25eb44070","size":90,"timeStamp":"2022-02-04T22:29:39.994849492Z"},"logging-stdouterr-0.log":{"path":"logging-stdouterr-0.log","md5":"4539231b391385fbd142a2358a2a6554","size":13914,"timeStamp":"2022-02-04T22:29:40.047279395Z"},"network-init-stderr-0.log":{"path":"network-init-stderr-0.log","md5":"d41d8cd98f00b204e9800998ecf8427e","size":0,"timeStamp":"2022-02-04T22:29:40.063567075Z"},"network-init-stdout-0.log":{"path":"network-init-stdout-0.log","md5":"d41d8cd98f00b204e9800998ecf8427e","size":0,"timeStamp":"2022-02-04T22:29:40.019867408Z"},"network-init-stdouterr-0.log":{"path":"network-init-stdouterr-0.log","md5":"d41d8cd98f00b204e9800998ecf8427e","size":0,"timeStamp":"2022-02-04T22:29:40.016057803Z"},"output0-stderr-0.log":{"path":"output0-stderr-0.log","md5":"f43186a55949eeb8c60d83346889eff5","size":5006,"timeStamp":"2022-02-04T22:29:40.024846344Z"},"output0-stdout-0.log":{"path":"output0-stdout-0.log","md5":"d41d8cd98f00b204e9800998ecf8427e","size":0,"timeStamp":"2022-02-04T22:29:40.01763323Z"},"output0-stdouterr-0.log":{"path":"output0-stdouterr-0.log","md5":"f43186a55949eeb8c60d83346889eff5","size":5006,"timeStamp":"2022-02-04T22:29:40.020299204Z"},"output1-stderr-0.log":{"path":"output1-stderr-0.log","md5":"9f95d3d745c3b13d7aa4b722cabadf92","size":1576,"timeStamp":"2022-02-04T22:29:40.029976364Z"},"output1-stdout-0.log":{"path":"output1-stdout-0.log","md5":"d41d8cd98f00b204e9800998ecf8427e","size":0,"timeStamp":"2022-02-04T22:29:40.024347882Z"},"output1-stdouterr-0.log":{"path":"output1-stdouterr-0.log","md5":"9f95d3d745c3b13d7aa4b722cabadf92","size":1576,"timeStamp":"2022-02-04T22:29:40.047571852Z"},"permission-init-stderr-0.log":{"path":"permission-init-stderr-0.log","md5":"d41d8cd98f00b204e9800998ecf8427e","size":0,"timeStamp":"2022-02-04T22:29:40.051190812Z"},"permission-init-stdout-0.log":{"path":"permission-init-stdout-0.log","md5":"2f5a0c1ac35268850cfbea8329a860d4","size":2212,"timeStamp":"2022-02-04T22:29:40.054999595Z"},"permission-init-stdouterr-0.log":{"path":"permission-init-stdouterr-0.log","md5":"2f5a0c1ac35268850cfbea8329a860d4","size":2212,"timeStamp":"2022-02-04T22:29:40.058492529Z"},"pod-0.log":{"path":"pod-0.log","md5":"2d03f420158935f4ed64bf9610d96598","size":56,"timeStamp":"2022-02-04T22:29:40.066949292Z"},"pod-metrics-0.log":{"path":"pod-metrics-0.log","md5":"43169a02a7f92043520dbced542c36cc","size":30400,"timeStamp":"2022-02-04T22:29:40.059554021Z"},"task-stderr-0.log":{"path":"task-stderr-0.log","md5":"b4d6e997589257cccda0527bbb4a8103","size":83,"timeStamp":"2022-02-04T22:29:40.183259274Z"},"task-stdout-0.log":{"path":"task-stdout-0.log","md5":"77592194aa3980e07e764fd3a9fcbd84","size":28129,"timeStamp":"2022-02-04T22:29:40.113685341Z"},"task-stdouterr-0.log":{"path":"task-stdouterr-0.log","md5":"03152b20fb97391229591142a2147744","size":28212,"timeStamp":"2022-02-04T22:29:40.130003685Z"},"tes-input-handler-init-container-stderr-0.log":{"path":"tes-input-handler-init-container-stderr-0.log","md5":"d41d8cd98f00b204e9800998ecf8427e","size":0,"timeStamp":"2022-02-04T22:29:40.100949358Z"},"tes-input-handler-init-container-stdout-0.log":{"path":"tes-input-handler-init-container-stdout-0.log","md5":"d41d8cd98f00b204e9800998ecf8427e","size":0,"timeStamp":"2022-02-04T22:29:40.089652553Z"},"tes-input-handler-init-container-stdouterr-0.log":{"path":"tes-input-handler-init-container-stdouterr-0.log","md5":"d41d8cd98f00b204e9800998ecf8427e","size":0,"timeStamp":"2022-02-04T22:29:40.11435737Z"}}