{"bsfs-stderr-0.log":{"path":"bsfs-stderr-0.log","md5":"d41d8cd98f00b204e9800998ecf8427e","size":0,"timeStamp":"2022-02-04T22:28:23.042948862Z"},"bsfs-stdout-0.log":{"path":"bsfs-stdout-0.log","md5":"4d19eb9185e583edbaaeeac3723e3257","size":1794,"timeStamp":"2022-02-04T22:28:23.055306743Z"},"bsfs-stdouterr-0.log":{"path":"bsfs-stdouterr-0.log","md5":"4d19eb9185e583edbaaeeac3723e3257","size":1794,"timeStamp":"2022-02-04T22:28:23.047102717Z"},"dragen-init-stderr-0.log":{"path":"dragen-init-stderr-0.log","md5":"f37957f6cdc32ef638effe4f5bff8a8a","size":161,"timeStamp":"2022-02-04T22:28:23.05802781Z"},"dragen-init-stdout-0.log":{"path":"dragen-init-stdout-0.log","md5":"0a1761ce485370cf56d36fd90f6a9e22","size":321,"timeStamp":"2022-02-04T22:28:23.075556865Z"},"dragen-init-stdouterr-0.log":{"path":"dragen-init-stdouterr-0.log","md5":"efd74b8ae847de661c79490026dee5b8","size":482,"timeStamp":"2022-02-04T22:28:23.040379519Z"},"heartbeat-init-stderr-0.log":{"path":"heartbeat-init-stderr-0.log","md5":"0ddd43612f9d2d63afd131d8c8df671a","size":16430,"timeStamp":"2022-02-04T22:28:23.043923624Z"},"heartbeat-init-stdout-0.log":{"path":"heartbeat-init-stdout-0.log","md5":"d41d8cd98f00b204e9800998ecf8427e","size":0,"timeStamp":"2022-02-04T22:28:23.018950843Z"},"heartbeat-init-stdouterr-0.log":{"path":"heartbeat-init-stdouterr-0.log","md5":"0ddd43612f9d2d63afd131d8c8df671a","size":16430,"timeStamp":"2022-02-04T22:28:23.060590349Z"},"heartbeat-stderr-0.log":{"path":"heartbeat-stderr-0.log","md5":"289f7a982253339e57321f6459c27cfb","size":677,"timeStamp":"2022-02-04T22:28:23.037866647Z"},"heartbeat-stdout-0.log":{"path":"heartbeat-stdout-0.log","md5":"d41d8cd98f00b204e9800998ecf8427e","size":0,"timeStamp":"2022-02-04T22:28:23.054460056Z"},"heartbeat-stdouterr-0.log":{"path":"heartbeat-stdouterr-0.log","md5":"289f7a982253339e57321f6459c27cfb","size":677,"timeStamp":"2022-02-04T22:28:23.067019807Z"},"logging-stderr-0.log":{"path":"logging-stderr-0.log","md5":"171b25f3e76e59f8faec29ec0746dfbe","size":12158,"timeStamp":"2022-02-04T22:28:23.112186711Z"},"logging-stdout-0.log":{"path":"logging-stdout-0.log","md5":"38aba068a5ed417ba90755e25eb44070","size":90,"timeStamp":"2022-02-04T22:28:23.073201742Z"},"logging-stdouterr-0.log":{"path":"logging-stdouterr-0.log","md5":"381fac4dda144252ce914adcc7d3b280","size":12248,"timeStamp":"2022-02-04T22:28:23.074239946Z"},"network-init-stderr-0.log":{"path":"network-init-stderr-0.log","md5":"d41d8cd98f00b204e9800998ecf8427e","size":0,"timeStamp":"2022-02-04T22:28:23.07817053Z"},"network-init-stdout-0.log":{"path":"network-init-stdout-0.log","md5":"d41d8cd98f00b204e9800998ecf8427e","size":0,"timeStamp":"2022-02-04T22:28:23.08530037Z"},"network-init-stdouterr-0.log":{"path":"network-init-stdouterr-0.log","md5":"d41d8cd98f00b204e9800998ecf8427e","size":0,"timeStamp":"2022-02-04T22:28:23.084478715Z"},"output0-stderr-0.log":{"path":"output0-stderr-0.log","md5":"5d1d2ca46a0641ac695b95e74a4a4b52","size":5001,"timeStamp":"2022-02-04T22:28:23.087527439Z"},"output0-stdout-0.log":{"path":"output0-stdout-0.log","md5":"d41d8cd98f00b204e9800998ecf8427e","size":0,"timeStamp":"2022-02-04T22:28:23.091159678Z"},"output0-stdouterr-0.log":{"path":"output0-stdouterr-0.log","md5":"5d1d2ca46a0641ac695b95e74a4a4b52","size":5001,"timeStamp":"2022-02-04T22:28:23.097851625Z"},"output1-stderr-0.log":{"path":"output1-stderr-0.log","md5":"86d79dc1218991af404c0b41d8208346","size":1576,"timeStamp":"2022-02-04T22:28:23.13310945Z"},"output1-stdout-0.log":{"path":"output1-stdout-0.log","md5":"d41d8cd98f00b204e9800998ecf8427e","size":0,"timeStamp":"2022-02-04T22:28:23.109120516Z"},"output1-stdouterr-0.log":{"path":"output1-stdouterr-0.log","md5":"86d79dc1218991af404c0b41d8208346","size":1576,"timeStamp":"2022-02-04T22:28:23.112884196Z"},"permission-init-stderr-0.log":{"path":"permission-init-stderr-0.log","md5":"d41d8cd98f00b204e9800998ecf8427e","size":0,"timeStamp":"2022-02-04T22:28:23.112293986Z"},"permission-init-stdout-0.log":{"path":"permission-init-stdout-0.log","md5":"bb5b00433e381ae48104dc2bc60a6ad2","size":2212,"timeStamp":"2022-02-04T22:28:23.114334947Z"},"permission-init-stdouterr-0.log":{"path":"permission-init-stdouterr-0.log","md5":"bb5b00433e381ae48104dc2bc60a6ad2","size":2212,"timeStamp":"2022-02-04T22:28:23.120875957Z"},"pod-0.log":{"path":"pod-0.log","md5":"91f296ae92a89c85599433e0be9679d5","size":56,"timeStamp":"2022-02-04T22:28:23.158843692Z"},"pod-metrics-0.log":{"path":"pod-metrics-0.log","md5":"5fb3ff1e4c53bb82bd44ca720ea72d79","size":22903,"timeStamp":"2022-02-04T22:28:23.122618476Z"},"task-stderr-0.log":{"path":"task-stderr-0.log","md5":"b4d6e997589257cccda0527bbb4a8103","size":83,"timeStamp":"2022-02-04T22:28:23.128478992Z"},"task-stdout-0.log":{"path":"task-stdout-0.log","md5":"dac80a08ce9eb951e65f45329949614a","size":27877,"timeStamp":"2022-02-04T22:28:23.136754255Z"},"task-stdouterr-0.log":{"path":"task-stdouterr-0.log","md5":"43aad6aee9713079d44d40075f46756d","size":27960,"timeStamp":"2022-02-04T22:28:23.200902258Z"},"tes-input-handler-init-container-stderr-0.log":{"path":"tes-input-handler-init-container-stderr-0.log","md5":"d41d8cd98f00b204e9800998ecf8427e","size":0,"timeStamp":"2022-02-04T22:28:23.178095748Z"},"tes-input-handler-init-container-stdout-0.log":{"path":"tes-input-handler-init-container-stdout-0.log","md5":"d41d8cd98f00b204e9800998ecf8427e","size":0,"timeStamp":"2022-02-04T22:28:23.150801113Z"},"tes-input-handler-init-container-stdouterr-0.log":{"path":"tes-input-handler-init-container-stdouterr-0.log","md5":"d41d8cd98f00b204e9800998ecf8427e","size":0,"timeStamp":"2022-02-04T22:28:23.187111159Z"}}