{"bsfs-stderr-0.log":{"path":"bsfs-stderr-0.log","md5":"d41d8cd98f00b204e9800998ecf8427e","size":0,"timeStamp":"2022-02-04T22:27:40.248546215Z"},"bsfs-stdout-0.log":{"path":"bsfs-stdout-0.log","md5":"065b9408fa3dddd07ab168007bc3a6cb","size":1795,"timeStamp":"2022-02-04T22:27:40.243970452Z"},"bsfs-stdouterr-0.log":{"path":"bsfs-stdouterr-0.log","md5":"065b9408fa3dddd07ab168007bc3a6cb","size":1795,"timeStamp":"2022-02-04T22:27:40.291005939Z"},"dragen-init-stderr-0.log":{"path":"dragen-init-stderr-0.log","md5":"f37957f6cdc32ef638effe4f5bff8a8a","size":161,"timeStamp":"2022-02-04T22:27:40.278329971Z"},"dragen-init-stdout-0.log":{"path":"dragen-init-stdout-0.log","md5":"18d9e6edcc4a64fcd7edb9e6182107ad","size":323,"timeStamp":"2022-02-04T22:27:40.263627478Z"},"dragen-init-stdouterr-0.log":{"path":"dragen-init-stdouterr-0.log","md5":"3f25cd16f15297a7d94d0861f911b880","size":484,"timeStamp":"2022-02-04T22:27:40.25162023Z"},"heartbeat-init-stderr-0.log":{"path":"heartbeat-init-stderr-0.log","md5":"63c356500bea6477ec57996b2f6c5e91","size":16430,"timeStamp":"2022-02-04T22:27:40.268324416Z"},"heartbeat-init-stdout-0.log":{"path":"heartbeat-init-stdout-0.log","md5":"d41d8cd98f00b204e9800998ecf8427e","size":0,"timeStamp":"2022-02-04T22:27:40.270690141Z"},"heartbeat-init-stdouterr-0.log":{"path":"heartbeat-init-stdouterr-0.log","md5":"63c356500bea6477ec57996b2f6c5e91","size":16430,"timeStamp":"2022-02-04T22:27:40.273607881Z"},"heartbeat-stderr-0.log":{"path":"heartbeat-stderr-0.log","md5":"384e1b244b9080f2578d984e1293dea2","size":677,"timeStamp":"2022-02-04T22:27:40.265599909Z"},"heartbeat-stdout-0.log":{"path":"heartbeat-stdout-0.log","md5":"d41d8cd98f00b204e9800998ecf8427e","size":0,"timeStamp":"2022-02-04T22:27:40.271039626Z"},"heartbeat-stdouterr-0.log":{"path":"heartbeat-stdouterr-0.log","md5":"384e1b244b9080f2578d984e1293dea2","size":677,"timeStamp":"2022-02-04T22:27:40.286380996Z"},"logging-stderr-0.log":{"path":"logging-stderr-0.log","md5":"f24647715631daa5692e5d18317b3450","size":12159,"timeStamp":"2022-02-04T22:27:40.287004913Z"},"logging-stdout-0.log":{"path":"logging-stdout-0.log","md5":"38aba068a5ed417ba90755e25eb44070","size":90,"timeStamp":"2022-02-04T22:27:40.292771357Z"},"logging-stdouterr-0.log":{"path":"logging-stdouterr-0.log","md5":"5e365e0eb86973c9fa51bf3bac94e63e","size":12249,"timeStamp":"2022-02-04T22:27:40.296729455Z"},"network-init-stderr-0.log":{"path":"network-init-stderr-0.log","md5":"d41d8cd98f00b204e9800998ecf8427e","size":0,"timeStamp":"2022-02-04T22:27:40.299382275Z"},"network-init-stdout-0.log":{"path":"network-init-stdout-0.log","md5":"d41d8cd98f00b204e9800998ecf8427e","size":0,"timeStamp":"2022-02-04T22:27:40.301972115Z"},"network-init-stdouterr-0.log":{"path":"network-init-stdouterr-0.log","md5":"d41d8cd98f00b204e9800998ecf8427e","size":0,"timeStamp":"2022-02-04T22:27:40.328672913Z"},"output0-stderr-0.log":{"path":"output0-stderr-0.log","md5":"8b03d1c671115669ffa98dd8f5d76085","size":5003,"timeStamp":"2022-02-04T22:27:40.32607087Z"},"output0-stdout-0.log":{"path":"output0-stdout-0.log","md5":"d41d8cd98f00b204e9800998ecf8427e","size":0,"timeStamp":"2022-02-04T22:27:40.336703177Z"},"output0-stdouterr-0.log":{"path":"output0-stdouterr-0.log","md5":"8b03d1c671115669ffa98dd8f5d76085","size":5003,"timeStamp":"2022-02-04T22:27:40.316046168Z"},"output1-stderr-0.log":{"path":"output1-stderr-0.log","md5":"895beb31b183f85d39259fc4fee2d96c","size":1576,"timeStamp":"2022-02-04T22:27:40.315735907Z"},"output1-stdout-0.log":{"path":"output1-stdout-0.log","md5":"d41d8cd98f00b204e9800998ecf8427e","size":0,"timeStamp":"2022-02-04T22:27:40.317751786Z"},"output1-stdouterr-0.log":{"path":"output1-stdouterr-0.log","md5":"895beb31b183f85d39259fc4fee2d96c","size":1576,"timeStamp":"2022-02-04T22:27:40.321825876Z"},"permission-init-stderr-0.log":{"path":"permission-init-stderr-0.log","md5":"d41d8cd98f00b204e9800998ecf8427e","size":0,"timeStamp":"2022-02-04T22:27:40.323726996Z"},"permission-init-stdout-0.log":{"path":"permission-init-stdout-0.log","md5":"c1e48c926d9b155fbccf9d3fb1960dbd","size":2212,"timeStamp":"2022-02-04T22:27:40.332928164Z"},"permission-init-stdouterr-0.log":{"path":"permission-init-stdouterr-0.log","md5":"c1e48c926d9b155fbccf9d3fb1960dbd","size":2212,"timeStamp":"2022-02-04T22:27:40.368289615Z"},"pod-0.log":{"path":"pod-0.log","md5":"ef53e3abe4a41fe81cc035ffceac1e8c","size":56,"timeStamp":"2022-02-04T22:27:40.350461323Z"},"pod-metrics-0.log":{"path":"pod-metrics-0.log","md5":"811c25ef3d3e13f32a9cfa17fd915d29","size":22873,"timeStamp":"2022-02-04T22:27:40.375390965Z"},"task-stderr-0.log":{"path":"task-stderr-0.log","md5":"b4d6e997589257cccda0527bbb4a8103","size":83,"timeStamp":"2022-02-04T22:27:40.370385863Z"},"task-stdout-0.log":{"path":"task-stdout-0.log","md5":"28ea452ab326bb731c97b2751fcc7c3c","size":27883,"timeStamp":"2022-02-04T22:27:40.352682462Z"},"task-stdouterr-0.log":{"path":"task-stdouterr-0.log","md5":"708c6d633d51fed70a37fd145abf2aee","size":27966,"timeStamp":"2022-02-04T22:27:40.381441579Z"},"tes-input-handler-init-container-stderr-0.log":{"path":"tes-input-handler-init-container-stderr-0.log","md5":"d41d8cd98f00b204e9800998ecf8427e","size":0,"timeStamp":"2022-02-04T22:27:40.355283076Z"},"tes-input-handler-init-container-stdout-0.log":{"path":"tes-input-handler-init-container-stdout-0.log","md5":"d41d8cd98f00b204e9800998ecf8427e","size":0,"timeStamp":"2022-02-04T22:27:40.358910204Z"},"tes-input-handler-init-container-stdouterr-0.log":{"path":"tes-input-handler-init-container-stdouterr-0.log","md5":"d41d8cd98f00b204e9800998ecf8427e","size":0,"timeStamp":"2022-02-04T22:27:40.361681491Z"}}