{"bsfs-stderr-0.log":{"path":"bsfs-stderr-0.log","md5":"d41d8cd98f00b204e9800998ecf8427e","size":0,"timeStamp":"2022-02-04T22:26:47.05983675Z"},"bsfs-stdout-0.log":{"path":"bsfs-stdout-0.log","md5":"ba74ceea8fa082cb4463c7c43ec8c71d","size":1795,"timeStamp":"2022-02-04T22:26:47.052334824Z"},"bsfs-stdouterr-0.log":{"path":"bsfs-stdouterr-0.log","md5":"ba74ceea8fa082cb4463c7c43ec8c71d","size":1795,"timeStamp":"2022-02-04T22:26:47.030122541Z"},"dragen-init-stderr-0.log":{"path":"dragen-init-stderr-0.log","md5":"f37957f6cdc32ef638effe4f5bff8a8a","size":161,"timeStamp":"2022-02-04T22:26:47.047027665Z"},"dragen-init-stdout-0.log":{"path":"dragen-init-stdout-0.log","md5":"0a1761ce485370cf56d36fd90f6a9e22","size":321,"timeStamp":"2022-02-04T22:26:47.051933536Z"},"dragen-init-stdouterr-0.log":{"path":"dragen-init-stdouterr-0.log","md5":"34c3b66c2a3e91837ac8cb18e7f0ef9c","size":482,"timeStamp":"2022-02-04T22:26:47.058166746Z"},"heartbeat-init-stderr-0.log":{"path":"heartbeat-init-stderr-0.log","md5":"4194187481dd4d0177de9fe775187978","size":16430,"timeStamp":"2022-02-04T22:26:47.089568758Z"},"heartbeat-init-stdout-0.log":{"path":"heartbeat-init-stdout-0.log","md5":"d41d8cd98f00b204e9800998ecf8427e","size":0,"timeStamp":"2022-02-04T22:26:47.054466434Z"},"heartbeat-init-stdouterr-0.log":{"path":"heartbeat-init-stdouterr-0.log","md5":"4194187481dd4d0177de9fe775187978","size":16430,"timeStamp":"2022-02-04T22:26:47.095837302Z"},"heartbeat-stderr-0.log":{"path":"heartbeat-stderr-0.log","md5":"becf4479064709601fca24fcce52f477","size":677,"timeStamp":"2022-02-04T22:26:47.03271573Z"},"heartbeat-stdout-0.log":{"path":"heartbeat-stdout-0.log","md5":"d41d8cd98f00b204e9800998ecf8427e","size":0,"timeStamp":"2022-02-04T22:26:47.060759983Z"},"heartbeat-stdouterr-0.log":{"path":"heartbeat-stdouterr-0.log","md5":"becf4479064709601fca24fcce52f477","size":677,"timeStamp":"2022-02-04T22:26:47.063720088Z"},"logging-stderr-0.log":{"path":"logging-stderr-0.log","md5":"975ab3f310bf36838d6e072dbf31f5e8","size":12164,"timeStamp":"2022-02-04T22:26:47.077269754Z"},"logging-stdout-0.log":{"path":"logging-stdout-0.log","md5":"38aba068a5ed417ba90755e25eb44070","size":90,"timeStamp":"2022-02-04T22:26:47.079404194Z"},"logging-stdouterr-0.log":{"path":"logging-stdouterr-0.log","md5":"f40d84b080e78c82f68e5fecddd85ff6","size":12254,"timeStamp":"2022-02-04T22:26:47.154847139Z"},"network-init-stderr-0.log":{"path":"network-init-stderr-0.log","md5":"0ecb58e93adb787e2efb5b842d205056","size":49,"timeStamp":"2022-02-04T22:26:47.085846016Z"},"network-init-stdout-0.log":{"path":"network-init-stdout-0.log","md5":"01f800ce283f5d9a0c9fa7b73df0a360","size":21,"timeStamp":"2022-02-04T22:26:47.116280239Z"},"network-init-stdouterr-0.log":{"path":"network-init-stdouterr-0.log","md5":"968ede965c97d9333e3202f84b6215d1","size":70,"timeStamp":"2022-02-04T22:26:47.120066067Z"},"output0-stderr-0.log":{"path":"output0-stderr-0.log","md5":"aaac229ee27b3e0df33ff3e2a24a0544","size":499,"timeStamp":"2022-02-04T22:26:47.093229635Z"},"output0-stdout-0.log":{"path":"output0-stdout-0.log","md5":"d41d8cd98f00b204e9800998ecf8427e","size":0,"timeStamp":"2022-02-04T22:26:47.098310395Z"},"output0-stdouterr-0.log":{"path":"output0-stdouterr-0.log","md5":"aaac229ee27b3e0df33ff3e2a24a0544","size":499,"timeStamp":"2022-02-04T22:26:47.125238955Z"},"output1-stderr-0.log":{"path":"output1-stderr-0.log","md5":"11d362533e32a402045ea911eec35dbf","size":898,"timeStamp":"2022-02-04T22:26:47.113896472Z"},"output1-stdout-0.log":{"path":"output1-stdout-0.log","md5":"d41d8cd98f00b204e9800998ecf8427e","size":0,"timeStamp":"2022-02-04T22:26:47.118952927Z"},"output1-stdouterr-0.log":{"path":"output1-stdouterr-0.log","md5":"11d362533e32a402045ea911eec35dbf","size":898,"timeStamp":"2022-02-04T22:26:47.121593812Z"},"permission-init-stderr-0.log":{"path":"permission-init-stderr-0.log","md5":"d41d8cd98f00b204e9800998ecf8427e","size":0,"timeStamp":"2022-02-04T22:26:47.160129591Z"},"permission-init-stdout-0.log":{"path":"permission-init-stdout-0.log","md5":"b813baf51d751234f9e2357d94df888b","size":2212,"timeStamp":"2022-02-04T22:26:47.137320064Z"},"permission-init-stdouterr-0.log":{"path":"permission-init-stdouterr-0.log","md5":"b813baf51d751234f9e2357d94df888b","size":2212,"timeStamp":"2022-02-04T22:26:47.144117726Z"},"pod-0.log":{"path":"pod-0.log","md5":"f6e19c6a6e6123daa4d9d8ff250a3ebc","size":56,"timeStamp":"2022-02-04T22:26:47.143651479Z"},"pod-metrics-0.log":{"path":"pod-metrics-0.log","md5":"a2554667f2fd7820d41c015e44f3a700","size":23092,"timeStamp":"2022-02-04T22:26:47.17279935Z"},"task-stderr-0.log":{"path":"task-stderr-0.log","md5":"b4d6e997589257cccda0527bbb4a8103","size":83,"timeStamp":"2022-02-04T22:26:47.157209735Z"},"task-stdout-0.log":{"path":"task-stdout-0.log","md5":"3c51526c1a71613ae86aaecce420ec99","size":27883,"timeStamp":"2022-02-04T22:26:47.153351138Z"},"task-stdouterr-0.log":{"path":"task-stdouterr-0.log","md5":"04396d1160452e6a32e47540501a3610","size":27966,"timeStamp":"2022-02-04T22:26:47.154118451Z"},"tes-input-handler-init-container-stderr-0.log":{"path":"tes-input-handler-init-container-stderr-0.log","md5":"d41d8cd98f00b204e9800998ecf8427e","size":0,"timeStamp":"2022-02-04T22:26:47.161251169Z"},"tes-input-handler-init-container-stdout-0.log":{"path":"tes-input-handler-init-container-stdout-0.log","md5":"d41d8cd98f00b204e9800998ecf8427e","size":0,"timeStamp":"2022-02-04T22:26:47.167803295Z"},"tes-input-handler-init-container-stdouterr-0.log":{"path":"tes-input-handler-init-container-stdouterr-0.log","md5":"d41d8cd98f00b204e9800998ecf8427e","size":0,"timeStamp":"2022-02-04T22:26:47.188014236Z"}}