{"bsfs-stderr-0.log":{"path":"bsfs-stderr-0.log","md5":"d41d8cd98f00b204e9800998ecf8427e","size":0,"timeStamp":"2022-02-04T22:29:57.45730595Z"},"bsfs-stdout-0.log":{"path":"bsfs-stdout-0.log","md5":"4c26b3ea547f0ed693bb32b975efbd77","size":1795,"timeStamp":"2022-02-04T22:29:57.447829536Z"},"bsfs-stdouterr-0.log":{"path":"bsfs-stdouterr-0.log","md5":"4c26b3ea547f0ed693bb32b975efbd77","size":1795,"timeStamp":"2022-02-04T22:29:57.494578511Z"},"dragen-init-stderr-0.log":{"path":"dragen-init-stderr-0.log","md5":"f37957f6cdc32ef638effe4f5bff8a8a","size":161,"timeStamp":"2022-02-04T22:29:57.449357952Z"},"dragen-init-stdout-0.log":{"path":"dragen-init-stdout-0.log","md5":"0a1761ce485370cf56d36fd90f6a9e22","size":321,"timeStamp":"2022-02-04T22:29:57.455171066Z"},"dragen-init-stdouterr-0.log":{"path":"dragen-init-stdouterr-0.log","md5":"65f20eaaf2cc91b8c496d441c95369dd","size":482,"timeStamp":"2022-02-04T22:29:57.48024391Z"},"heartbeat-init-stderr-0.log":{"path":"heartbeat-init-stderr-0.log","md5":"52420eca6ea5118c816917f1e2a1d83c","size":16430,"timeStamp":"2022-02-04T22:29:57.461970709Z"},"heartbeat-init-stdout-0.log":{"path":"heartbeat-init-stdout-0.log","md5":"d41d8cd98f00b204e9800998ecf8427e","size":0,"timeStamp":"2022-02-04T22:29:57.444198359Z"},"heartbeat-init-stdouterr-0.log":{"path":"heartbeat-init-stdouterr-0.log","md5":"52420eca6ea5118c816917f1e2a1d83c","size":16430,"timeStamp":"2022-02-04T22:29:57.460522591Z"},"heartbeat-stderr-0.log":{"path":"heartbeat-stderr-0.log","md5":"08564a6839669064cb98f3480e051c8f","size":904,"timeStamp":"2022-02-04T22:29:57.45200733Z"},"heartbeat-stdout-0.log":{"path":"heartbeat-stdout-0.log","md5":"d41d8cd98f00b204e9800998ecf8427e","size":0,"timeStamp":"2022-02-04T22:29:57.495152372Z"},"heartbeat-stdouterr-0.log":{"path":"heartbeat-stdouterr-0.log","md5":"08564a6839669064cb98f3480e051c8f","size":904,"timeStamp":"2022-02-04T22:29:57.474073155Z"},"logging-stderr-0.log":{"path":"logging-stderr-0.log","md5":"25c1523437817f89a318972e015131c7","size":13822,"timeStamp":"2022-02-04T22:29:57.482132475Z"},"logging-stdout-0.log":{"path":"logging-stdout-0.log","md5":"38aba068a5ed417ba90755e25eb44070","size":90,"timeStamp":"2022-02-04T22:29:57.476689837Z"},"logging-stdouterr-0.log":{"path":"logging-stdouterr-0.log","md5":"99df1a36ef373023f61bb6eadaf68e0b","size":13912,"timeStamp":"2022-02-04T22:29:57.524625173Z"},"network-init-stderr-0.log":{"path":"network-init-stderr-0.log","md5":"d41d8cd98f00b204e9800998ecf8427e","size":0,"timeStamp":"2022-02-04T22:29:57.481058443Z"},"network-init-stdout-0.log":{"path":"network-init-stdout-0.log","md5":"d41d8cd98f00b204e9800998ecf8427e","size":0,"timeStamp":"2022-02-04T22:29:57.48576007Z"},"network-init-stdouterr-0.log":{"path":"network-init-stdouterr-0.log","md5":"d41d8cd98f00b204e9800998ecf8427e","size":0,"timeStamp":"2022-02-04T22:29:57.49277179Z"},"output0-stderr-0.log":{"path":"output0-stderr-0.log","md5":"578fed2a999b0e7a80348da16bf2284d","size":5004,"timeStamp":"2022-02-04T22:29:57.506709594Z"},"output0-stdout-0.log":{"path":"output0-stdout-0.log","md5":"d41d8cd98f00b204e9800998ecf8427e","size":0,"timeStamp":"2022-02-04T22:29:57.520766872Z"},"output0-stdouterr-0.log":{"path":"output0-stdouterr-0.log","md5":"578fed2a999b0e7a80348da16bf2284d","size":5004,"timeStamp":"2022-02-04T22:29:57.509766891Z"},"output1-stderr-0.log":{"path":"output1-stderr-0.log","md5":"561f2feb67e24de1e6876e02204b796a","size":1576,"timeStamp":"2022-02-04T22:29:57.514481299Z"},"output1-stdout-0.log":{"path":"output1-stdout-0.log","md5":"d41d8cd98f00b204e9800998ecf8427e","size":0,"timeStamp":"2022-02-04T22:29:57.507885891Z"},"output1-stdouterr-0.log":{"path":"output1-stdouterr-0.log","md5":"561f2feb67e24de1e6876e02204b796a","size":1576,"timeStamp":"2022-02-04T22:29:57.520671594Z"},"permission-init-stderr-0.log":{"path":"permission-init-stderr-0.log","md5":"d41d8cd98f00b204e9800998ecf8427e","size":0,"timeStamp":"2022-02-04T22:29:57.519677838Z"},"permission-init-stdout-0.log":{"path":"permission-init-stdout-0.log","md5":"2e0f4d7cdf6402a23890b80183bb89d7","size":2212,"timeStamp":"2022-02-04T22:29:57.519555367Z"},"permission-init-stdouterr-0.log":{"path":"permission-init-stdouterr-0.log","md5":"2e0f4d7cdf6402a23890b80183bb89d7","size":2212,"timeStamp":"2022-02-04T22:29:57.524180509Z"},"pod-0.log":{"path":"pod-0.log","md5":"1b71f7f9f15a8d9af84e0307559351d4","size":56,"timeStamp":"2022-02-04T22:29:57.534723428Z"},"pod-metrics-0.log":{"path":"pod-metrics-0.log","md5":"7b64d5d93046a24ef8142940fb77ccf9","size":30580,"timeStamp":"2022-02-04T22:29:57.569664774Z"},"task-stderr-0.log":{"path":"task-stderr-0.log","md5":"b4d6e997589257cccda0527bbb4a8103","size":83,"timeStamp":"2022-02-04T22:29:57.555241503Z"},"task-stdout-0.log":{"path":"task-stdout-0.log","md5":"da5ea6561514d9e5763a799ef675ce2d","size":28126,"timeStamp":"2022-02-04T22:29:57.547015125Z"},"task-stdouterr-0.log":{"path":"task-stdouterr-0.log","md5":"adc3e2107bcc3489c1cbd64c73dc1f84","size":28209,"timeStamp":"2022-02-04T22:29:57.553278106Z"},"tes-input-handler-init-container-stderr-0.log":{"path":"tes-input-handler-init-container-stderr-0.log","md5":"d41d8cd98f00b204e9800998ecf8427e","size":0,"timeStamp":"2022-02-04T22:29:57.551128084Z"},"tes-input-handler-init-container-stdout-0.log":{"path":"tes-input-handler-init-container-stdout-0.log","md5":"d41d8cd98f00b204e9800998ecf8427e","size":0,"timeStamp":"2022-02-04T22:29:57.551223236Z"},"tes-input-handler-init-container-stdouterr-0.log":{"path":"tes-input-handler-init-container-stdouterr-0.log","md5":"d41d8cd98f00b204e9800998ecf8427e","size":0,"timeStamp":"2022-02-04T22:29:57.552602842Z"}}