{"bsfs-stderr-0.log":{"path":"bsfs-stderr-0.log","md5":"d41d8cd98f00b204e9800998ecf8427e","size":0,"timeStamp":"2022-02-04T22:43:00.27796303Z"},"bsfs-stdout-0.log":{"path":"bsfs-stdout-0.log","md5":"fb50e7e2c6169215566a3b19c18cdd0b","size":1795,"timeStamp":"2022-02-04T22:43:00.290915578Z"},"bsfs-stdouterr-0.log":{"path":"bsfs-stdouterr-0.log","md5":"fb50e7e2c6169215566a3b19c18cdd0b","size":1795,"timeStamp":"2022-02-04T22:43:00.281638264Z"},"dragen-init-stderr-0.log":{"path":"dragen-init-stderr-0.log","md5":"f37957f6cdc32ef638effe4f5bff8a8a","size":161,"timeStamp":"2022-02-04T22:43:00.278097397Z"},"dragen-init-stdout-0.log":{"path":"dragen-init-stdout-0.log","md5":"04fb63244310851287880e576913ca4e","size":348,"timeStamp":"2022-02-04T22:43:00.288593617Z"},"dragen-init-stdouterr-0.log":{"path":"dragen-init-stdouterr-0.log","md5":"5176d20f3efc55f81d5c27fdf301362b","size":509,"timeStamp":"2022-02-04T22:43:00.30241088Z"},"heartbeat-init-stderr-0.log":{"path":"heartbeat-init-stderr-0.log","md5":"a6a7763062e6f76645e1fbf4022cd7b9","size":16430,"timeStamp":"2022-02-04T22:43:00.28772208Z"},"heartbeat-init-stdout-0.log":{"path":"heartbeat-init-stdout-0.log","md5":"d41d8cd98f00b204e9800998ecf8427e","size":0,"timeStamp":"2022-02-04T22:43:00.286777262Z"},"heartbeat-init-stdouterr-0.log":{"path":"heartbeat-init-stdouterr-0.log","md5":"a6a7763062e6f76645e1fbf4022cd7b9","size":16430,"timeStamp":"2022-02-04T22:43:00.275106581Z"},"heartbeat-stderr-0.log":{"path":"heartbeat-stderr-0.log","md5":"4fe350dca24a3ba624ebf4065de813d5","size":678,"timeStamp":"2022-02-04T22:43:00.308362165Z"},"heartbeat-stdout-0.log":{"path":"heartbeat-stdout-0.log","md5":"d41d8cd98f00b204e9800998ecf8427e","size":0,"timeStamp":"2022-02-04T22:43:00.305601392Z"},"heartbeat-stdouterr-0.log":{"path":"heartbeat-stdouterr-0.log","md5":"4fe350dca24a3ba624ebf4065de813d5","size":678,"timeStamp":"2022-02-04T22:43:00.363762692Z"},"logging-stderr-0.log":{"path":"logging-stderr-0.log","md5":"10811dda9880cf31a8cc12e84dc4c426","size":12158,"timeStamp":"2022-02-04T22:43:00.312417792Z"},"logging-stdout-0.log":{"path":"logging-stdout-0.log","md5":"38aba068a5ed417ba90755e25eb44070","size":90,"timeStamp":"2022-02-04T22:43:00.311442267Z"},"logging-stdouterr-0.log":{"path":"logging-stdouterr-0.log","md5":"ed9bf0e16f324c81bbc0bd596e6f0ba7","size":12248,"timeStamp":"2022-02-04T22:43:00.332858263Z"},"network-init-stderr-0.log":{"path":"network-init-stderr-0.log","md5":"d41d8cd98f00b204e9800998ecf8427e","size":0,"timeStamp":"2022-02-04T22:43:00.317087059Z"},"network-init-stdout-0.log":{"path":"network-init-stdout-0.log","md5":"d41d8cd98f00b204e9800998ecf8427e","size":0,"timeStamp":"2022-02-04T22:43:00.316435656Z"},"network-init-stdouterr-0.log":{"path":"network-init-stdouterr-0.log","md5":"d41d8cd98f00b204e9800998ecf8427e","size":0,"timeStamp":"2022-02-04T22:43:00.365439414Z"},"output0-stderr-0.log":{"path":"output0-stderr-0.log","md5":"09a70b5bee10f489a015b73485ff1f01","size":5004,"timeStamp":"2022-02-04T22:43:00.332442071Z"},"output0-stdout-0.log":{"path":"output0-stdout-0.log","md5":"d41d8cd98f00b204e9800998ecf8427e","size":0,"timeStamp":"2022-02-04T22:43:00.333842973Z"},"output0-stdouterr-0.log":{"path":"output0-stdouterr-0.log","md5":"09a70b5bee10f489a015b73485ff1f01","size":5004,"timeStamp":"2022-02-04T22:43:00.371696849Z"},"output1-stderr-0.log":{"path":"output1-stderr-0.log","md5":"88170612faf5ea549e81367ec038552b","size":1576,"timeStamp":"2022-02-04T22:43:00.35959075Z"},"output1-stdout-0.log":{"path":"output1-stdout-0.log","md5":"d41d8cd98f00b204e9800998ecf8427e","size":0,"timeStamp":"2022-02-04T22:43:00.343670581Z"},"output1-stdouterr-0.log":{"path":"output1-stdouterr-0.log","md5":"88170612faf5ea549e81367ec038552b","size":1576,"timeStamp":"2022-02-04T22:43:00.352466032Z"},"permission-init-stderr-0.log":{"path":"permission-init-stderr-0.log","md5":"d41d8cd98f00b204e9800998ecf8427e","size":0,"timeStamp":"2022-02-04T22:43:00.347528145Z"},"permission-init-stdout-0.log":{"path":"permission-init-stdout-0.log","md5":"ff07b792d1bd16762bdecba49a7b2efc","size":2212,"timeStamp":"2022-02-04T22:43:00.370141702Z"},"permission-init-stdouterr-0.log":{"path":"permission-init-stdouterr-0.log","md5":"ff07b792d1bd16762bdecba49a7b2efc","size":2212,"timeStamp":"2022-02-04T22:43:00.370068886Z"},"pod-0.log":{"path":"pod-0.log","md5":"613cbe1ba9938df7e1c3f935b23a83d7","size":56,"timeStamp":"2022-02-04T22:43:00.369292685Z"},"pod-metrics-0.log":{"path":"pod-metrics-0.log","md5":"5226feafcd9c9cc2a6f71894f025159d","size":21212,"timeStamp":"2022-02-04T22:43:00.403584888Z"},"task-stderr-0.log":{"path":"task-stderr-0.log","md5":"b4d6e997589257cccda0527bbb4a8103","size":83,"timeStamp":"2022-02-04T22:43:00.404395371Z"},"task-stdout-0.log":{"path":"task-stdout-0.log","md5":"81819c3ed537d69f5ec64714dea4a078","size":27881,"timeStamp":"2022-02-04T22:43:00.416039967Z"},"task-stdouterr-0.log":{"path":"task-stdouterr-0.log","md5":"b8c6e39582b179baaf95f0a912291f6f","size":27964,"timeStamp":"2022-02-04T22:43:00.395536231Z"},"tes-input-handler-init-container-stderr-0.log":{"path":"tes-input-handler-init-container-stderr-0.log","md5":"d41d8cd98f00b204e9800998ecf8427e","size":0,"timeStamp":"2022-02-04T22:43:00.402996927Z"},"tes-input-handler-init-container-stdout-0.log":{"path":"tes-input-handler-init-container-stdout-0.log","md5":"d41d8cd98f00b204e9800998ecf8427e","size":0,"timeStamp":"2022-02-04T22:43:00.396363828Z"},"tes-input-handler-init-container-stdouterr-0.log":{"path":"tes-input-handler-init-container-stdouterr-0.log","md5":"d41d8cd98f00b204e9800998ecf8427e","size":0,"timeStamp":"2022-02-04T22:43:00.416508784Z"}}