{"bsfs-stderr-0.log":{"path":"bsfs-stderr-0.log","md5":"d41d8cd98f00b204e9800998ecf8427e","size":0,"timeStamp":"2022-02-04T22:27:21.928194925Z"},"bsfs-stdout-0.log":{"path":"bsfs-stdout-0.log","md5":"682fef1d2a557ef91834bc8523e812da","size":1796,"timeStamp":"2022-02-04T22:27:21.918638Z"},"bsfs-stdouterr-0.log":{"path":"bsfs-stdouterr-0.log","md5":"682fef1d2a557ef91834bc8523e812da","size":1796,"timeStamp":"2022-02-04T22:27:21.923076511Z"},"dragen-init-stderr-0.log":{"path":"dragen-init-stderr-0.log","md5":"f37957f6cdc32ef638effe4f5bff8a8a","size":161,"timeStamp":"2022-02-04T22:27:21.922862382Z"},"dragen-init-stdout-0.log":{"path":"dragen-init-stdout-0.log","md5":"9244add434130fde47f53cf79b0a61ca","size":322,"timeStamp":"2022-02-04T22:27:21.947883208Z"},"dragen-init-stdouterr-0.log":{"path":"dragen-init-stdouterr-0.log","md5":"69f871a45d65a206b5801ed038c2a1c8","size":483,"timeStamp":"2022-02-04T22:27:21.927444687Z"},"heartbeat-init-stderr-0.log":{"path":"heartbeat-init-stderr-0.log","md5":"b32726ffbf346eb8a957a4b3e24b4232","size":16430,"timeStamp":"2022-02-04T22:27:21.946077039Z"},"heartbeat-init-stdout-0.log":{"path":"heartbeat-init-stdout-0.log","md5":"d41d8cd98f00b204e9800998ecf8427e","size":0,"timeStamp":"2022-02-04T22:27:21.915403866Z"},"heartbeat-init-stdouterr-0.log":{"path":"heartbeat-init-stdouterr-0.log","md5":"b32726ffbf346eb8a957a4b3e24b4232","size":16430,"timeStamp":"2022-02-04T22:27:21.920823506Z"},"heartbeat-stderr-0.log":{"path":"heartbeat-stderr-0.log","md5":"67b95d58cc1cb1c9c22bd35b12052c51","size":678,"timeStamp":"2022-02-04T22:27:21.91770565Z"},"heartbeat-stdout-0.log":{"path":"heartbeat-stdout-0.log","md5":"d41d8cd98f00b204e9800998ecf8427e","size":0,"timeStamp":"2022-02-04T22:27:21.94582925Z"},"heartbeat-stdouterr-0.log":{"path":"heartbeat-stdouterr-0.log","md5":"67b95d58cc1cb1c9c22bd35b12052c51","size":678,"timeStamp":"2022-02-04T22:27:21.946934334Z"},"logging-stderr-0.log":{"path":"logging-stderr-0.log","md5":"dbe43a7abb797ff28ec436e716b52456","size":12158,"timeStamp":"2022-02-04T22:27:21.957040353Z"},"logging-stdout-0.log":{"path":"logging-stdout-0.log","md5":"38aba068a5ed417ba90755e25eb44070","size":90,"timeStamp":"2022-02-04T22:27:21.949404394Z"},"logging-stdouterr-0.log":{"path":"logging-stdouterr-0.log","md5":"b269e3990dfe0369056663fd9c519a40","size":12248,"timeStamp":"2022-02-04T22:27:21.956450581Z"},"network-init-stderr-0.log":{"path":"network-init-stderr-0.log","md5":"d41d8cd98f00b204e9800998ecf8427e","size":0,"timeStamp":"2022-02-04T22:27:21.952912606Z"},"network-init-stdout-0.log":{"path":"network-init-stdout-0.log","md5":"d41d8cd98f00b204e9800998ecf8427e","size":0,"timeStamp":"2022-02-04T22:27:21.957598765Z"},"network-init-stdouterr-0.log":{"path":"network-init-stdouterr-0.log","md5":"d41d8cd98f00b204e9800998ecf8427e","size":0,"timeStamp":"2022-02-04T22:27:21.985115464Z"},"output0-stderr-0.log":{"path":"output0-stderr-0.log","md5":"64a535f9ca2fb7671f25dbe711a942df","size":499,"timeStamp":"2022-02-04T22:27:21.975990479Z"},"output0-stdout-0.log":{"path":"output0-stdout-0.log","md5":"d41d8cd98f00b204e9800998ecf8427e","size":0,"timeStamp":"2022-02-04T22:27:22.011764128Z"},"output0-stdouterr-0.log":{"path":"output0-stdouterr-0.log","md5":"64a535f9ca2fb7671f25dbe711a942df","size":499,"timeStamp":"2022-02-04T22:27:21.97691653Z"},"output1-stderr-0.log":{"path":"output1-stderr-0.log","md5":"cb325e34cb0e569bd3f45bbe27469e35","size":519,"timeStamp":"2022-02-04T22:27:22.003353748Z"},"output1-stdout-0.log":{"path":"output1-stdout-0.log","md5":"d41d8cd98f00b204e9800998ecf8427e","size":0,"timeStamp":"2022-02-04T22:27:21.978975408Z"},"output1-stdouterr-0.log":{"path":"output1-stdouterr-0.log","md5":"cb325e34cb0e569bd3f45bbe27469e35","size":519,"timeStamp":"2022-02-04T22:27:21.98330063Z"},"permission-init-stderr-0.log":{"path":"permission-init-stderr-0.log","md5":"d41d8cd98f00b204e9800998ecf8427e","size":0,"timeStamp":"2022-02-04T22:27:21.989882898Z"},"permission-init-stdout-0.log":{"path":"permission-init-stdout-0.log","md5":"019a16b1c9e06fdd5be54887bfbd6df1","size":2212,"timeStamp":"2022-02-04T22:27:22.025633631Z"},"permission-init-stdouterr-0.log":{"path":"permission-init-stdouterr-0.log","md5":"019a16b1c9e06fdd5be54887bfbd6df1","size":2212,"timeStamp":"2022-02-04T22:27:22.034214381Z"},"pod-0.log":{"path":"pod-0.log","md5":"b50099a11a8dfb6642543e7bb10b2a9b","size":56,"timeStamp":"2022-02-04T22:27:22.050281196Z"},"pod-metrics-0.log":{"path":"pod-metrics-0.log","md5":"7b87af0180d5adfd00cc56895a431852","size":22904,"timeStamp":"2022-02-04T22:27:22.097035528Z"},"task-stderr-0.log":{"path":"task-stderr-0.log","md5":"b4d6e997589257cccda0527bbb4a8103","size":83,"timeStamp":"2022-02-04T22:27:22.008409362Z"},"task-stdout-0.log":{"path":"task-stdout-0.log","md5":"95f5ab5964d8d802e3ed7b61c4f3bb29","size":27734,"timeStamp":"2022-02-04T22:27:22.020023039Z"},"task-stdouterr-0.log":{"path":"task-stdouterr-0.log","md5":"35ff67239eccb97513f814650bd55b59","size":27817,"timeStamp":"2022-02-04T22:27:22.053248774Z"},"tes-input-handler-init-container-stderr-0.log":{"path":"tes-input-handler-init-container-stderr-0.log","md5":"d41d8cd98f00b204e9800998ecf8427e","size":0,"timeStamp":"2022-02-04T22:27:22.019762982Z"},"tes-input-handler-init-container-stdout-0.log":{"path":"tes-input-handler-init-container-stdout-0.log","md5":"d41d8cd98f00b204e9800998ecf8427e","size":0,"timeStamp":"2022-02-04T22:27:22.030939954Z"},"tes-input-handler-init-container-stdouterr-0.log":{"path":"tes-input-handler-init-container-stdouterr-0.log","md5":"d41d8cd98f00b204e9800998ecf8427e","size":0,"timeStamp":"2022-02-04T22:27:22.039202453Z"}}