{"bsfs-stderr-0.log":{"path":"bsfs-stderr-0.log","md5":"d41d8cd98f00b204e9800998ecf8427e","size":0,"timeStamp":"2022-02-04T22:27:50.714609078Z"},"bsfs-stdout-0.log":{"path":"bsfs-stdout-0.log","md5":"2f1360e1070f1b05357d50dda781f2ad","size":1796,"timeStamp":"2022-02-04T22:27:50.731392415Z"},"bsfs-stdouterr-0.log":{"path":"bsfs-stdouterr-0.log","md5":"2f1360e1070f1b05357d50dda781f2ad","size":1796,"timeStamp":"2022-02-04T22:27:50.719225765Z"},"dragen-init-stderr-0.log":{"path":"dragen-init-stderr-0.log","md5":"f37957f6cdc32ef638effe4f5bff8a8a","size":161,"timeStamp":"2022-02-04T22:27:50.739434736Z"},"dragen-init-stdout-0.log":{"path":"dragen-init-stdout-0.log","md5":"9244add434130fde47f53cf79b0a61ca","size":322,"timeStamp":"2022-02-04T22:27:50.719327859Z"},"dragen-init-stdouterr-0.log":{"path":"dragen-init-stdouterr-0.log","md5":"80f4e03ab77de44cf1a2431ccf08dcf3","size":483,"timeStamp":"2022-02-04T22:27:50.731141259Z"},"heartbeat-init-stderr-0.log":{"path":"heartbeat-init-stderr-0.log","md5":"379a78e4f5dd482cf9dfc53f19c92729","size":16430,"timeStamp":"2022-02-04T22:27:50.743464479Z"},"heartbeat-init-stdout-0.log":{"path":"heartbeat-init-stdout-0.log","md5":"d41d8cd98f00b204e9800998ecf8427e","size":0,"timeStamp":"2022-02-04T22:27:50.732726478Z"},"heartbeat-init-stdouterr-0.log":{"path":"heartbeat-init-stdouterr-0.log","md5":"379a78e4f5dd482cf9dfc53f19c92729","size":16430,"timeStamp":"2022-02-04T22:27:50.75508717Z"},"heartbeat-stderr-0.log":{"path":"heartbeat-stderr-0.log","md5":"9ae2e85a9232a307522597fe68cedea7","size":678,"timeStamp":"2022-02-04T22:27:50.723844144Z"},"heartbeat-stdout-0.log":{"path":"heartbeat-stdout-0.log","md5":"d41d8cd98f00b204e9800998ecf8427e","size":0,"timeStamp":"2022-02-04T22:27:50.756024897Z"},"heartbeat-stdouterr-0.log":{"path":"heartbeat-stdouterr-0.log","md5":"9ae2e85a9232a307522597fe68cedea7","size":678,"timeStamp":"2022-02-04T22:27:50.752443177Z"},"logging-stderr-0.log":{"path":"logging-stderr-0.log","md5":"fdfe7255b845687565374b6b946ecf9f","size":12158,"timeStamp":"2022-02-04T22:27:50.782143735Z"},"logging-stdout-0.log":{"path":"logging-stdout-0.log","md5":"38aba068a5ed417ba90755e25eb44070","size":90,"timeStamp":"2022-02-04T22:27:50.752355293Z"},"logging-stdouterr-0.log":{"path":"logging-stdouterr-0.log","md5":"f251a3bb8d584198fc3319a55b89f894","size":12248,"timeStamp":"2022-02-04T22:27:50.757618023Z"},"network-init-stderr-0.log":{"path":"network-init-stderr-0.log","md5":"d41d8cd98f00b204e9800998ecf8427e","size":0,"timeStamp":"2022-02-04T22:27:50.755145231Z"},"network-init-stdout-0.log":{"path":"network-init-stdout-0.log","md5":"d41d8cd98f00b204e9800998ecf8427e","size":0,"timeStamp":"2022-02-04T22:27:50.757894415Z"},"network-init-stdouterr-0.log":{"path":"network-init-stdouterr-0.log","md5":"d41d8cd98f00b204e9800998ecf8427e","size":0,"timeStamp":"2022-02-04T22:27:50.763526657Z"},"output0-stderr-0.log":{"path":"output0-stderr-0.log","md5":"bee03bf8a10207395582b18d25693085","size":499,"timeStamp":"2022-02-04T22:27:50.785926746Z"},"output0-stdout-0.log":{"path":"output0-stdout-0.log","md5":"d41d8cd98f00b204e9800998ecf8427e","size":0,"timeStamp":"2022-02-04T22:27:50.776250651Z"},"output0-stdouterr-0.log":{"path":"output0-stdouterr-0.log","md5":"bee03bf8a10207395582b18d25693085","size":499,"timeStamp":"2022-02-04T22:27:50.776870798Z"},"output1-stderr-0.log":{"path":"output1-stderr-0.log","md5":"1d3366a651278ffaee94dc1e8d1f8a75","size":519,"timeStamp":"2022-02-04T22:27:50.780481939Z"},"output1-stdout-0.log":{"path":"output1-stdout-0.log","md5":"d41d8cd98f00b204e9800998ecf8427e","size":0,"timeStamp":"2022-02-04T22:27:50.780214991Z"},"output1-stdouterr-0.log":{"path":"output1-stdouterr-0.log","md5":"1d3366a651278ffaee94dc1e8d1f8a75","size":519,"timeStamp":"2022-02-04T22:27:50.788751425Z"},"permission-init-stderr-0.log":{"path":"permission-init-stderr-0.log","md5":"d41d8cd98f00b204e9800998ecf8427e","size":0,"timeStamp":"2022-02-04T22:27:50.827027883Z"},"permission-init-stdout-0.log":{"path":"permission-init-stdout-0.log","md5":"bd36149bbc054d7abc1396c4e27ec324","size":2212,"timeStamp":"2022-02-04T22:27:50.836091615Z"},"permission-init-stdouterr-0.log":{"path":"permission-init-stdouterr-0.log","md5":"bd36149bbc054d7abc1396c4e27ec324","size":2212,"timeStamp":"2022-02-04T22:27:50.79263653Z"},"pod-0.log":{"path":"pod-0.log","md5":"fa23e3233d38ebaf34974835213c34f6","size":56,"timeStamp":"2022-02-04T22:27:50.819754175Z"},"pod-metrics-0.log":{"path":"pod-metrics-0.log","md5":"58741e3a19d740f55ab1aa30a7c48749","size":23093,"timeStamp":"2022-02-04T22:27:50.804808419Z"},"task-stderr-0.log":{"path":"task-stderr-0.log","md5":"b4d6e997589257cccda0527bbb4a8103","size":83,"timeStamp":"2022-02-04T22:27:50.808723299Z"},"task-stdout-0.log":{"path":"task-stdout-0.log","md5":"f4139219d166b10f445cc5fe119f03d7","size":27885,"timeStamp":"2022-02-04T22:27:50.804843315Z"},"task-stdouterr-0.log":{"path":"task-stdouterr-0.log","md5":"6df2f6228f24fd0a228262531c148b9a","size":27968,"timeStamp":"2022-02-04T22:27:50.808271119Z"},"tes-input-handler-init-container-stderr-0.log":{"path":"tes-input-handler-init-container-stderr-0.log","md5":"d41d8cd98f00b204e9800998ecf8427e","size":0,"timeStamp":"2022-02-04T22:27:50.812569201Z"},"tes-input-handler-init-container-stdout-0.log":{"path":"tes-input-handler-init-container-stdout-0.log","md5":"d41d8cd98f00b204e9800998ecf8427e","size":0,"timeStamp":"2022-02-04T22:27:50.81637522Z"},"tes-input-handler-init-container-stdouterr-0.log":{"path":"tes-input-handler-init-container-stdouterr-0.log","md5":"d41d8cd98f00b204e9800998ecf8427e","size":0,"timeStamp":"2022-02-04T22:27:50.817393451Z"}}