{"bsfs-stderr-0.log":{"path":"bsfs-stderr-0.log","md5":"d41d8cd98f00b204e9800998ecf8427e","size":0,"timeStamp":"2022-02-04T22:29:10.398779278Z"},"bsfs-stdout-0.log":{"path":"bsfs-stdout-0.log","md5":"24695854e2001ee0473cbcb28cf10183","size":1794,"timeStamp":"2022-02-04T22:29:10.396542325Z"},"bsfs-stdouterr-0.log":{"path":"bsfs-stdouterr-0.log","md5":"24695854e2001ee0473cbcb28cf10183","size":1794,"timeStamp":"2022-02-04T22:29:10.390306112Z"},"dragen-init-stderr-0.log":{"path":"dragen-init-stderr-0.log","md5":"f37957f6cdc32ef638effe4f5bff8a8a","size":161,"timeStamp":"2022-02-04T22:29:10.421818665Z"},"dragen-init-stdout-0.log":{"path":"dragen-init-stdout-0.log","md5":"18d9e6edcc4a64fcd7edb9e6182107ad","size":323,"timeStamp":"2022-02-04T22:29:10.411045509Z"},"dragen-init-stdouterr-0.log":{"path":"dragen-init-stdouterr-0.log","md5":"f7529351a76b4be7aaa7f1a1be835c42","size":484,"timeStamp":"2022-02-04T22:29:10.396579705Z"},"heartbeat-init-stderr-0.log":{"path":"heartbeat-init-stderr-0.log","md5":"2649ba665cf7a3ffcaa7e5fe9567b8e7","size":16430,"timeStamp":"2022-02-04T22:29:10.408645776Z"},"heartbeat-init-stdout-0.log":{"path":"heartbeat-init-stdout-0.log","md5":"d41d8cd98f00b204e9800998ecf8427e","size":0,"timeStamp":"2022-02-04T22:29:10.393234986Z"},"heartbeat-init-stdouterr-0.log":{"path":"heartbeat-init-stdouterr-0.log","md5":"2649ba665cf7a3ffcaa7e5fe9567b8e7","size":16430,"timeStamp":"2022-02-04T22:29:10.412993657Z"},"heartbeat-stderr-0.log":{"path":"heartbeat-stderr-0.log","md5":"bcfffe52622fba1839f8969bbd280449","size":678,"timeStamp":"2022-02-04T22:29:10.396397108Z"},"heartbeat-stdout-0.log":{"path":"heartbeat-stdout-0.log","md5":"d41d8cd98f00b204e9800998ecf8427e","size":0,"timeStamp":"2022-02-04T22:29:10.438728188Z"},"heartbeat-stdouterr-0.log":{"path":"heartbeat-stdouterr-0.log","md5":"bcfffe52622fba1839f8969bbd280449","size":678,"timeStamp":"2022-02-04T22:29:10.426091666Z"},"logging-stderr-0.log":{"path":"logging-stderr-0.log","md5":"be78d521345a5bfb9aa58e169ac137b2","size":12159,"timeStamp":"2022-02-04T22:29:10.488243372Z"},"logging-stdout-0.log":{"path":"logging-stdout-0.log","md5":"38aba068a5ed417ba90755e25eb44070","size":90,"timeStamp":"2022-02-04T22:29:10.424230812Z"},"logging-stdouterr-0.log":{"path":"logging-stdouterr-0.log","md5":"3ad3b6c6fa37d249a34a1d03ecb68ba5","size":12249,"timeStamp":"2022-02-04T22:29:10.445923595Z"},"network-init-stderr-0.log":{"path":"network-init-stderr-0.log","md5":"d41d8cd98f00b204e9800998ecf8427e","size":0,"timeStamp":"2022-02-04T22:29:10.430910763Z"},"network-init-stdout-0.log":{"path":"network-init-stdout-0.log","md5":"d41d8cd98f00b204e9800998ecf8427e","size":0,"timeStamp":"2022-02-04T22:29:10.439904229Z"},"network-init-stdouterr-0.log":{"path":"network-init-stdouterr-0.log","md5":"d41d8cd98f00b204e9800998ecf8427e","size":0,"timeStamp":"2022-02-04T22:29:10.441210526Z"},"output0-stderr-0.log":{"path":"output0-stderr-0.log","md5":"49f078fc03ee836da1dea953bdb7a901","size":499,"timeStamp":"2022-02-04T22:29:10.453006442Z"},"output0-stdout-0.log":{"path":"output0-stdout-0.log","md5":"d41d8cd98f00b204e9800998ecf8427e","size":0,"timeStamp":"2022-02-04T22:29:10.44747474Z"},"output0-stdouterr-0.log":{"path":"output0-stdouterr-0.log","md5":"49f078fc03ee836da1dea953bdb7a901","size":499,"timeStamp":"2022-02-04T22:29:10.455523364Z"},"output1-stderr-0.log":{"path":"output1-stderr-0.log","md5":"a1bf12a3477931c8683bdf792f179752","size":519,"timeStamp":"2022-02-04T22:29:10.454380189Z"},"output1-stdout-0.log":{"path":"output1-stdout-0.log","md5":"d41d8cd98f00b204e9800998ecf8427e","size":0,"timeStamp":"2022-02-04T22:29:10.463134167Z"},"output1-stdouterr-0.log":{"path":"output1-stdouterr-0.log","md5":"a1bf12a3477931c8683bdf792f179752","size":519,"timeStamp":"2022-02-04T22:29:10.471012369Z"},"permission-init-stderr-0.log":{"path":"permission-init-stderr-0.log","md5":"d41d8cd98f00b204e9800998ecf8427e","size":0,"timeStamp":"2022-02-04T22:29:10.467132797Z"},"permission-init-stdout-0.log":{"path":"permission-init-stdout-0.log","md5":"3e7998b753deeeae71baaaf302fa2294","size":2212,"timeStamp":"2022-02-04T22:29:10.485998627Z"},"permission-init-stdouterr-0.log":{"path":"permission-init-stdouterr-0.log","md5":"3e7998b753deeeae71baaaf302fa2294","size":2212,"timeStamp":"2022-02-04T22:29:10.509140174Z"},"pod-0.log":{"path":"pod-0.log","md5":"acaa1a068b98bb2f682d14fe5339dfe4","size":56,"timeStamp":"2022-02-04T22:29:10.47508526Z"},"pod-metrics-0.log":{"path":"pod-metrics-0.log","md5":"e45ed7c146a28f1bcd9bdfdd7a43a570","size":22665,"timeStamp":"2022-02-04T22:29:10.481949608Z"},"task-stderr-0.log":{"path":"task-stderr-0.log","md5":"b4d6e997589257cccda0527bbb4a8103","size":83,"timeStamp":"2022-02-04T22:29:10.531105179Z"},"task-stdout-0.log":{"path":"task-stdout-0.log","md5":"a337610a7b01661d6de4630e8afcd4aa","size":27883,"timeStamp":"2022-02-04T22:29:10.484657039Z"},"task-stdouterr-0.log":{"path":"task-stdouterr-0.log","md5":"752a3f0049a01cfb508101821be34a7f","size":27966,"timeStamp":"2022-02-04T22:29:10.497234161Z"},"tes-input-handler-init-container-stderr-0.log":{"path":"tes-input-handler-init-container-stderr-0.log","md5":"d41d8cd98f00b204e9800998ecf8427e","size":0,"timeStamp":"2022-02-04T22:29:10.495661243Z"},"tes-input-handler-init-container-stdout-0.log":{"path":"tes-input-handler-init-container-stdout-0.log","md5":"d41d8cd98f00b204e9800998ecf8427e","size":0,"timeStamp":"2022-02-04T22:29:10.496894699Z"},"tes-input-handler-init-container-stdouterr-0.log":{"path":"tes-input-handler-init-container-stdouterr-0.log","md5":"d41d8cd98f00b204e9800998ecf8427e","size":0,"timeStamp":"2022-02-04T22:29:10.509670596Z"}}