{"bsfs-stderr-0.log":{"path":"bsfs-stderr-0.log","md5":"d41d8cd98f00b204e9800998ecf8427e","size":0,"timeStamp":"2022-02-04T22:27:09.539018916Z"},"bsfs-stdout-0.log":{"path":"bsfs-stdout-0.log","md5":"3d660ac03df750bda419448223339501","size":1795,"timeStamp":"2022-02-04T22:27:09.509741578Z"},"bsfs-stdouterr-0.log":{"path":"bsfs-stdouterr-0.log","md5":"3d660ac03df750bda419448223339501","size":1795,"timeStamp":"2022-02-04T22:27:09.542049525Z"},"dragen-init-stderr-0.log":{"path":"dragen-init-stderr-0.log","md5":"f37957f6cdc32ef638effe4f5bff8a8a","size":161,"timeStamp":"2022-02-04T22:27:09.545971828Z"},"dragen-init-stdout-0.log":{"path":"dragen-init-stdout-0.log","md5":"9244add434130fde47f53cf79b0a61ca","size":322,"timeStamp":"2022-02-04T22:27:09.508390125Z"},"dragen-init-stdouterr-0.log":{"path":"dragen-init-stdouterr-0.log","md5":"4a3d337649cfa4913ed8544de863bea1","size":483,"timeStamp":"2022-02-04T22:27:09.542595692Z"},"heartbeat-init-stderr-0.log":{"path":"heartbeat-init-stderr-0.log","md5":"ca4e20094eb1bfcff36581a42ce2ab78","size":16430,"timeStamp":"2022-02-04T22:27:09.505927207Z"},"heartbeat-init-stdout-0.log":{"path":"heartbeat-init-stdout-0.log","md5":"d41d8cd98f00b204e9800998ecf8427e","size":0,"timeStamp":"2022-02-04T22:27:09.519576777Z"},"heartbeat-init-stdouterr-0.log":{"path":"heartbeat-init-stdouterr-0.log","md5":"ca4e20094eb1bfcff36581a42ce2ab78","size":16430,"timeStamp":"2022-02-04T22:27:09.531212395Z"},"heartbeat-stderr-0.log":{"path":"heartbeat-stderr-0.log","md5":"8fd297c42f67ae6fa2e990a1be653dc0","size":678,"timeStamp":"2022-02-04T22:27:09.531328801Z"},"heartbeat-stdout-0.log":{"path":"heartbeat-stdout-0.log","md5":"d41d8cd98f00b204e9800998ecf8427e","size":0,"timeStamp":"2022-02-04T22:27:09.538983231Z"},"heartbeat-stdouterr-0.log":{"path":"heartbeat-stdouterr-0.log","md5":"8fd297c42f67ae6fa2e990a1be653dc0","size":678,"timeStamp":"2022-02-04T22:27:09.533354815Z"},"logging-stderr-0.log":{"path":"logging-stderr-0.log","md5":"61d4b91e008b07f7327a500e1282d75a","size":12158,"timeStamp":"2022-02-04T22:27:09.601010207Z"},"logging-stdout-0.log":{"path":"logging-stdout-0.log","md5":"38aba068a5ed417ba90755e25eb44070","size":90,"timeStamp":"2022-02-04T22:27:09.547109716Z"},"logging-stdouterr-0.log":{"path":"logging-stdouterr-0.log","md5":"84f93683af2a830ab569a4ac70191c95","size":12248,"timeStamp":"2022-02-04T22:27:09.563012955Z"},"network-init-stderr-0.log":{"path":"network-init-stderr-0.log","md5":"d41d8cd98f00b204e9800998ecf8427e","size":0,"timeStamp":"2022-02-04T22:27:09.584819545Z"},"network-init-stdout-0.log":{"path":"network-init-stdout-0.log","md5":"d41d8cd98f00b204e9800998ecf8427e","size":0,"timeStamp":"2022-02-04T22:27:09.56074157Z"},"network-init-stdouterr-0.log":{"path":"network-init-stdouterr-0.log","md5":"d41d8cd98f00b204e9800998ecf8427e","size":0,"timeStamp":"2022-02-04T22:27:09.567319238Z"},"output0-stderr-0.log":{"path":"output0-stderr-0.log","md5":"7f775b8b406c040368392e0053bb84be","size":5004,"timeStamp":"2022-02-04T22:27:09.566600828Z"},"output0-stdout-0.log":{"path":"output0-stdout-0.log","md5":"d41d8cd98f00b204e9800998ecf8427e","size":0,"timeStamp":"2022-02-04T22:27:09.593073896Z"},"output0-stdouterr-0.log":{"path":"output0-stdouterr-0.log","md5":"7f775b8b406c040368392e0053bb84be","size":5004,"timeStamp":"2022-02-04T22:27:09.57023384Z"},"output1-stderr-0.log":{"path":"output1-stderr-0.log","md5":"b22972faf36d22dc19382f6e3d6d1760","size":1576,"timeStamp":"2022-02-04T22:27:09.620102078Z"},"output1-stdout-0.log":{"path":"output1-stdout-0.log","md5":"d41d8cd98f00b204e9800998ecf8427e","size":0,"timeStamp":"2022-02-04T22:27:09.587436251Z"},"output1-stdouterr-0.log":{"path":"output1-stdouterr-0.log","md5":"b22972faf36d22dc19382f6e3d6d1760","size":1576,"timeStamp":"2022-02-04T22:27:09.606087244Z"},"permission-init-stderr-0.log":{"path":"permission-init-stderr-0.log","md5":"d41d8cd98f00b204e9800998ecf8427e","size":0,"timeStamp":"2022-02-04T22:27:09.594498918Z"},"permission-init-stdout-0.log":{"path":"permission-init-stdout-0.log","md5":"c044c0091290c5680309e9f4901e7942","size":2212,"timeStamp":"2022-02-04T22:27:09.597231499Z"},"permission-init-stdouterr-0.log":{"path":"permission-init-stdouterr-0.log","md5":"c044c0091290c5680309e9f4901e7942","size":2212,"timeStamp":"2022-02-04T22:27:09.597013912Z"},"pod-0.log":{"path":"pod-0.log","md5":"80f28a869cae31109fa1baf79391d4b2","size":56,"timeStamp":"2022-02-04T22:27:09.593725072Z"},"pod-metrics-0.log":{"path":"pod-metrics-0.log","md5":"e0152dd33abf96c18f4038f381563eb2","size":22601,"timeStamp":"2022-02-04T22:27:09.617977075Z"},"task-stderr-0.log":{"path":"task-stderr-0.log","md5":"b4d6e997589257cccda0527bbb4a8103","size":83,"timeStamp":"2022-02-04T22:27:09.616042999Z"},"task-stdout-0.log":{"path":"task-stdout-0.log","md5":"e8c021514a124fac4dba9d2dc67dd6e1","size":27883,"timeStamp":"2022-02-04T22:27:09.621430889Z"},"task-stdouterr-0.log":{"path":"task-stdouterr-0.log","md5":"09ba34112196f053faaa60b05c2f76ec","size":27966,"timeStamp":"2022-02-04T22:27:09.625885136Z"},"tes-input-handler-init-container-stderr-0.log":{"path":"tes-input-handler-init-container-stderr-0.log","md5":"d41d8cd98f00b204e9800998ecf8427e","size":0,"timeStamp":"2022-02-04T22:27:09.650514862Z"},"tes-input-handler-init-container-stdout-0.log":{"path":"tes-input-handler-init-container-stdout-0.log","md5":"d41d8cd98f00b204e9800998ecf8427e","size":0,"timeStamp":"2022-02-04T22:27:09.630023741Z"},"tes-input-handler-init-container-stdouterr-0.log":{"path":"tes-input-handler-init-container-stdouterr-0.log","md5":"d41d8cd98f00b204e9800998ecf8427e","size":0,"timeStamp":"2022-02-04T22:27:09.633999667Z"}}