{"bsfs-stderr-0.log":{"path":"bsfs-stderr-0.log","md5":"d41d8cd98f00b204e9800998ecf8427e","size":0,"timeStamp":"2022-02-04T22:27:12.322318893Z"},"bsfs-stdout-0.log":{"path":"bsfs-stdout-0.log","md5":"829137f114c1337425754d11d105f30a","size":1796,"timeStamp":"2022-02-04T22:27:12.31893474Z"},"bsfs-stdouterr-0.log":{"path":"bsfs-stdouterr-0.log","md5":"829137f114c1337425754d11d105f30a","size":1796,"timeStamp":"2022-02-04T22:27:12.322774807Z"},"dragen-init-stderr-0.log":{"path":"dragen-init-stderr-0.log","md5":"f37957f6cdc32ef638effe4f5bff8a8a","size":161,"timeStamp":"2022-02-04T22:27:12.320407256Z"},"dragen-init-stdout-0.log":{"path":"dragen-init-stdout-0.log","md5":"18d9e6edcc4a64fcd7edb9e6182107ad","size":323,"timeStamp":"2022-02-04T22:27:12.324936136Z"},"dragen-init-stdouterr-0.log":{"path":"dragen-init-stdouterr-0.log","md5":"3f25cd16f15297a7d94d0861f911b880","size":484,"timeStamp":"2022-02-04T22:27:12.356690456Z"},"heartbeat-init-stderr-0.log":{"path":"heartbeat-init-stderr-0.log","md5":"fb7c3e9007e636931a69f887f1492ee4","size":16430,"timeStamp":"2022-02-04T22:27:12.371719569Z"},"heartbeat-init-stdout-0.log":{"path":"heartbeat-init-stdout-0.log","md5":"d41d8cd98f00b204e9800998ecf8427e","size":0,"timeStamp":"2022-02-04T22:27:12.316590589Z"},"heartbeat-init-stdouterr-0.log":{"path":"heartbeat-init-stdouterr-0.log","md5":"fb7c3e9007e636931a69f887f1492ee4","size":16430,"timeStamp":"2022-02-04T22:27:12.346793428Z"},"heartbeat-stderr-0.log":{"path":"heartbeat-stderr-0.log","md5":"a09abdeb86179becfb16acb058b36516","size":677,"timeStamp":"2022-02-04T22:27:12.321487942Z"},"heartbeat-stdout-0.log":{"path":"heartbeat-stdout-0.log","md5":"d41d8cd98f00b204e9800998ecf8427e","size":0,"timeStamp":"2022-02-04T22:27:12.363043613Z"},"heartbeat-stdouterr-0.log":{"path":"heartbeat-stdouterr-0.log","md5":"a09abdeb86179becfb16acb058b36516","size":677,"timeStamp":"2022-02-04T22:27:12.343885326Z"},"logging-stderr-0.log":{"path":"logging-stderr-0.log","md5":"fb93cf9e6c74d0523cc461aa15331fb9","size":12158,"timeStamp":"2022-02-04T22:27:12.353847338Z"},"logging-stdout-0.log":{"path":"logging-stdout-0.log","md5":"38aba068a5ed417ba90755e25eb44070","size":90,"timeStamp":"2022-02-04T22:27:12.358509211Z"},"logging-stdouterr-0.log":{"path":"logging-stdouterr-0.log","md5":"1b558114768720019108a467cb21f79c","size":12248,"timeStamp":"2022-02-04T22:27:12.376631422Z"},"network-init-stderr-0.log":{"path":"network-init-stderr-0.log","md5":"d41d8cd98f00b204e9800998ecf8427e","size":0,"timeStamp":"2022-02-04T22:27:12.376677191Z"},"network-init-stdout-0.log":{"path":"network-init-stdout-0.log","md5":"d41d8cd98f00b204e9800998ecf8427e","size":0,"timeStamp":"2022-02-04T22:27:12.40746901Z"},"network-init-stdouterr-0.log":{"path":"network-init-stdouterr-0.log","md5":"d41d8cd98f00b204e9800998ecf8427e","size":0,"timeStamp":"2022-02-04T22:27:12.371679809Z"},"output0-stderr-0.log":{"path":"output0-stderr-0.log","md5":"0c5dca20a1cc93681c96b1d575c0932a","size":5001,"timeStamp":"2022-02-04T22:27:12.380118989Z"},"output0-stdout-0.log":{"path":"output0-stdout-0.log","md5":"d41d8cd98f00b204e9800998ecf8427e","size":0,"timeStamp":"2022-02-04T22:27:12.389519608Z"},"output0-stdouterr-0.log":{"path":"output0-stdouterr-0.log","md5":"0c5dca20a1cc93681c96b1d575c0932a","size":5001,"timeStamp":"2022-02-04T22:27:12.387506687Z"},"output1-stderr-0.log":{"path":"output1-stderr-0.log","md5":"5a01d6e3a94e001371798ec092cd683c","size":1577,"timeStamp":"2022-02-04T22:27:12.39902383Z"},"output1-stdout-0.log":{"path":"output1-stdout-0.log","md5":"d41d8cd98f00b204e9800998ecf8427e","size":0,"timeStamp":"2022-02-04T22:27:12.394186194Z"},"output1-stdouterr-0.log":{"path":"output1-stdouterr-0.log","md5":"5a01d6e3a94e001371798ec092cd683c","size":1577,"timeStamp":"2022-02-04T22:27:12.401540823Z"},"permission-init-stderr-0.log":{"path":"permission-init-stderr-0.log","md5":"d41d8cd98f00b204e9800998ecf8427e","size":0,"timeStamp":"2022-02-04T22:27:12.407413087Z"},"permission-init-stdout-0.log":{"path":"permission-init-stdout-0.log","md5":"8a976de508afb20228aff64072498748","size":2212,"timeStamp":"2022-02-04T22:27:12.403735775Z"},"permission-init-stdouterr-0.log":{"path":"permission-init-stdouterr-0.log","md5":"8a976de508afb20228aff64072498748","size":2212,"timeStamp":"2022-02-04T22:27:12.41627902Z"},"pod-0.log":{"path":"pod-0.log","md5":"ef6050aeb60c8a391a22fd593551e2fb","size":56,"timeStamp":"2022-02-04T22:27:12.424090699Z"},"pod-metrics-0.log":{"path":"pod-metrics-0.log","md5":"fed2de65e1c22eec291143a87c2988c2","size":22820,"timeStamp":"2022-02-04T22:27:12.452788597Z"},"task-stderr-0.log":{"path":"task-stderr-0.log","md5":"b4d6e997589257cccda0527bbb4a8103","size":83,"timeStamp":"2022-02-04T22:27:12.415776654Z"},"task-stdout-0.log":{"path":"task-stdout-0.log","md5":"2e79786736c4f90d008621db8871f4d9","size":27880,"timeStamp":"2022-02-04T22:27:12.44613002Z"},"task-stdouterr-0.log":{"path":"task-stdouterr-0.log","md5":"ba0c0a13339ce7d9663a8bcd8d5f41b2","size":27963,"timeStamp":"2022-02-04T22:27:12.42933811Z"},"tes-input-handler-init-container-stderr-0.log":{"path":"tes-input-handler-init-container-stderr-0.log","md5":"d41d8cd98f00b204e9800998ecf8427e","size":0,"timeStamp":"2022-02-04T22:27:12.44333576Z"},"tes-input-handler-init-container-stdout-0.log":{"path":"tes-input-handler-init-container-stdout-0.log","md5":"d41d8cd98f00b204e9800998ecf8427e","size":0,"timeStamp":"2022-02-04T22:27:12.439506062Z"},"tes-input-handler-init-container-stdouterr-0.log":{"path":"tes-input-handler-init-container-stdouterr-0.log","md5":"d41d8cd98f00b204e9800998ecf8427e","size":0,"timeStamp":"2022-02-04T22:27:12.438399778Z"}}