{"bsfs-stderr-0.log":{"path":"bsfs-stderr-0.log","md5":"d41d8cd98f00b204e9800998ecf8427e","size":0,"timeStamp":"2022-02-04T22:27:56.655387982Z"},"bsfs-stdout-0.log":{"path":"bsfs-stdout-0.log","md5":"a59891d253f62d7ea6dd337c816f4d58","size":1795,"timeStamp":"2022-02-04T22:27:56.654721017Z"},"bsfs-stdouterr-0.log":{"path":"bsfs-stdouterr-0.log","md5":"a59891d253f62d7ea6dd337c816f4d58","size":1795,"timeStamp":"2022-02-04T22:27:56.675003802Z"},"dragen-init-stderr-0.log":{"path":"dragen-init-stderr-0.log","md5":"f37957f6cdc32ef638effe4f5bff8a8a","size":161,"timeStamp":"2022-02-04T22:27:56.652325162Z"},"dragen-init-stdout-0.log":{"path":"dragen-init-stdout-0.log","md5":"9244add434130fde47f53cf79b0a61ca","size":322,"timeStamp":"2022-02-04T22:27:56.649767263Z"},"dragen-init-stdouterr-0.log":{"path":"dragen-init-stdouterr-0.log","md5":"69f871a45d65a206b5801ed038c2a1c8","size":483,"timeStamp":"2022-02-04T22:27:56.65094787Z"},"heartbeat-init-stderr-0.log":{"path":"heartbeat-init-stderr-0.log","md5":"43a3a81a041b8bf02ccd258c5a388c07","size":16430,"timeStamp":"2022-02-04T22:27:56.646567333Z"},"heartbeat-init-stdout-0.log":{"path":"heartbeat-init-stdout-0.log","md5":"d41d8cd98f00b204e9800998ecf8427e","size":0,"timeStamp":"2022-02-04T22:27:56.649851839Z"},"heartbeat-init-stdouterr-0.log":{"path":"heartbeat-init-stdouterr-0.log","md5":"43a3a81a041b8bf02ccd258c5a388c07","size":16430,"timeStamp":"2022-02-04T22:27:56.676366877Z"},"heartbeat-stderr-0.log":{"path":"heartbeat-stderr-0.log","md5":"d0b8a27f68cca9471ee164234a4819ea","size":678,"timeStamp":"2022-02-04T22:27:56.656597281Z"},"heartbeat-stdout-0.log":{"path":"heartbeat-stdout-0.log","md5":"d41d8cd98f00b204e9800998ecf8427e","size":0,"timeStamp":"2022-02-04T22:27:56.676947868Z"},"heartbeat-stdouterr-0.log":{"path":"heartbeat-stdouterr-0.log","md5":"d0b8a27f68cca9471ee164234a4819ea","size":678,"timeStamp":"2022-02-04T22:27:56.700117001Z"},"logging-stderr-0.log":{"path":"logging-stderr-0.log","md5":"c88d8b9bab2f7c912dabb41234e50dbc","size":12164,"timeStamp":"2022-02-04T22:27:56.685025458Z"},"logging-stdout-0.log":{"path":"logging-stdout-0.log","md5":"38aba068a5ed417ba90755e25eb44070","size":90,"timeStamp":"2022-02-04T22:27:56.684132133Z"},"logging-stdouterr-0.log":{"path":"logging-stdouterr-0.log","md5":"878992e1a836e896acb7dd8f3fc97b5f","size":12254,"timeStamp":"2022-02-04T22:27:56.724028827Z"},"network-init-stderr-0.log":{"path":"network-init-stderr-0.log","md5":"0ecb58e93adb787e2efb5b842d205056","size":49,"timeStamp":"2022-02-04T22:27:56.68258025Z"},"network-init-stdout-0.log":{"path":"network-init-stdout-0.log","md5":"01f800ce283f5d9a0c9fa7b73df0a360","size":21,"timeStamp":"2022-02-04T22:27:56.684294355Z"},"network-init-stdouterr-0.log":{"path":"network-init-stdouterr-0.log","md5":"968ede965c97d9333e3202f84b6215d1","size":70,"timeStamp":"2022-02-04T22:27:56.692386859Z"},"output0-stderr-0.log":{"path":"output0-stderr-0.log","md5":"6d6d7dd6a09e456b6caf018709f07bae","size":5003,"timeStamp":"2022-02-04T22:27:56.701521639Z"},"output0-stdout-0.log":{"path":"output0-stdout-0.log","md5":"d41d8cd98f00b204e9800998ecf8427e","size":0,"timeStamp":"2022-02-04T22:27:56.702736565Z"},"output0-stdouterr-0.log":{"path":"output0-stdouterr-0.log","md5":"6d6d7dd6a09e456b6caf018709f07bae","size":5003,"timeStamp":"2022-02-04T22:27:56.727259928Z"},"output1-stderr-0.log":{"path":"output1-stderr-0.log","md5":"ccf0f66516776b157a71debf71070b95","size":1576,"timeStamp":"2022-02-04T22:27:56.714257615Z"},"output1-stdout-0.log":{"path":"output1-stdout-0.log","md5":"d41d8cd98f00b204e9800998ecf8427e","size":0,"timeStamp":"2022-02-04T22:27:56.711478086Z"},"output1-stdouterr-0.log":{"path":"output1-stdouterr-0.log","md5":"ccf0f66516776b157a71debf71070b95","size":1576,"timeStamp":"2022-02-04T22:27:56.724964566Z"},"permission-init-stderr-0.log":{"path":"permission-init-stderr-0.log","md5":"d41d8cd98f00b204e9800998ecf8427e","size":0,"timeStamp":"2022-02-04T22:27:56.73224852Z"},"permission-init-stdout-0.log":{"path":"permission-init-stdout-0.log","md5":"1429248f4c37ee342eed951bd146c75c","size":2212,"timeStamp":"2022-02-04T22:27:56.724625505Z"},"permission-init-stdouterr-0.log":{"path":"permission-init-stdouterr-0.log","md5":"1429248f4c37ee342eed951bd146c75c","size":2212,"timeStamp":"2022-02-04T22:27:56.728897799Z"},"pod-0.log":{"path":"pod-0.log","md5":"f84ee5335ec8e58adc784d162bdbf0c9","size":56,"timeStamp":"2022-02-04T22:27:56.733133717Z"},"pod-metrics-0.log":{"path":"pod-metrics-0.log","md5":"0eaed95056cdc687266a83df2250d5bf","size":23063,"timeStamp":"2022-02-04T22:27:56.731014639Z"},"task-stderr-0.log":{"path":"task-stderr-0.log","md5":"b4d6e997589257cccda0527bbb4a8103","size":83,"timeStamp":"2022-02-04T22:27:56.770605064Z"},"task-stdout-0.log":{"path":"task-stdout-0.log","md5":"740f03872c166d32707371d47497dcbf","size":27882,"timeStamp":"2022-02-04T22:27:56.746687268Z"},"task-stdouterr-0.log":{"path":"task-stdouterr-0.log","md5":"f137ae953b1e74734f547c24835d3a8a","size":27965,"timeStamp":"2022-02-04T22:27:56.81341935Z"},"tes-input-handler-init-container-stderr-0.log":{"path":"tes-input-handler-init-container-stderr-0.log","md5":"d41d8cd98f00b204e9800998ecf8427e","size":0,"timeStamp":"2022-02-04T22:27:56.797582122Z"},"tes-input-handler-init-container-stdout-0.log":{"path":"tes-input-handler-init-container-stdout-0.log","md5":"d41d8cd98f00b204e9800998ecf8427e","size":0,"timeStamp":"2022-02-04T22:27:56.753848177Z"},"tes-input-handler-init-container-stdouterr-0.log":{"path":"tes-input-handler-init-container-stdouterr-0.log","md5":"d41d8cd98f00b204e9800998ecf8427e","size":0,"timeStamp":"2022-02-04T22:27:56.757167287Z"}}