{"bsfs-stderr-0.log":{"path":"bsfs-stderr-0.log","md5":"d41d8cd98f00b204e9800998ecf8427e","size":0,"timeStamp":"2022-02-04T22:28:13.987887295Z"},"bsfs-stdout-0.log":{"path":"bsfs-stdout-0.log","md5":"94c11db361833cc4e55556173b262a2a","size":1796,"timeStamp":"2022-02-04T22:28:13.932368035Z"},"bsfs-stdouterr-0.log":{"path":"bsfs-stdouterr-0.log","md5":"94c11db361833cc4e55556173b262a2a","size":1796,"timeStamp":"2022-02-04T22:28:13.949312591Z"},"dragen-init-stderr-0.log":{"path":"dragen-init-stderr-0.log","md5":"f37957f6cdc32ef638effe4f5bff8a8a","size":161,"timeStamp":"2022-02-04T22:28:13.950380979Z"},"dragen-init-stdout-0.log":{"path":"dragen-init-stdout-0.log","md5":"9244add434130fde47f53cf79b0a61ca","size":322,"timeStamp":"2022-02-04T22:28:13.932482714Z"},"dragen-init-stdouterr-0.log":{"path":"dragen-init-stdouterr-0.log","md5":"ca78cbc3688ea42ef21a5fafefb06171","size":483,"timeStamp":"2022-02-04T22:28:13.96116837Z"},"heartbeat-init-stderr-0.log":{"path":"heartbeat-init-stderr-0.log","md5":"65aa873cf851740dd99a634e37b35595","size":16430,"timeStamp":"2022-02-04T22:28:13.941466973Z"},"heartbeat-init-stdout-0.log":{"path":"heartbeat-init-stdout-0.log","md5":"d41d8cd98f00b204e9800998ecf8427e","size":0,"timeStamp":"2022-02-04T22:28:13.933943167Z"},"heartbeat-init-stdouterr-0.log":{"path":"heartbeat-init-stdouterr-0.log","md5":"65aa873cf851740dd99a634e37b35595","size":16430,"timeStamp":"2022-02-04T22:28:13.935271336Z"},"heartbeat-stderr-0.log":{"path":"heartbeat-stderr-0.log","md5":"d6da13d4a0c3bdd0c8e9034cf18b6a61","size":677,"timeStamp":"2022-02-04T22:28:13.956414569Z"},"heartbeat-stdout-0.log":{"path":"heartbeat-stdout-0.log","md5":"d41d8cd98f00b204e9800998ecf8427e","size":0,"timeStamp":"2022-02-04T22:28:13.957141251Z"},"heartbeat-stdouterr-0.log":{"path":"heartbeat-stdouterr-0.log","md5":"d6da13d4a0c3bdd0c8e9034cf18b6a61","size":677,"timeStamp":"2022-02-04T22:28:13.966370475Z"},"logging-stderr-0.log":{"path":"logging-stderr-0.log","md5":"07b2a4afb791cbb9f3c37fc759e5ddc3","size":12158,"timeStamp":"2022-02-04T22:28:13.964325045Z"},"logging-stdout-0.log":{"path":"logging-stdout-0.log","md5":"38aba068a5ed417ba90755e25eb44070","size":90,"timeStamp":"2022-02-04T22:28:13.971744334Z"},"logging-stdouterr-0.log":{"path":"logging-stdouterr-0.log","md5":"8bc76ce849d7e444590354bf502ea9cf","size":12248,"timeStamp":"2022-02-04T22:28:13.975825534Z"},"network-init-stderr-0.log":{"path":"network-init-stderr-0.log","md5":"d41d8cd98f00b204e9800998ecf8427e","size":0,"timeStamp":"2022-02-04T22:28:13.988040773Z"},"network-init-stdout-0.log":{"path":"network-init-stdout-0.log","md5":"d41d8cd98f00b204e9800998ecf8427e","size":0,"timeStamp":"2022-02-04T22:28:14.002801663Z"},"network-init-stdouterr-0.log":{"path":"network-init-stdouterr-0.log","md5":"d41d8cd98f00b204e9800998ecf8427e","size":0,"timeStamp":"2022-02-04T22:28:14.024738695Z"},"output0-stderr-0.log":{"path":"output0-stderr-0.log","md5":"646a782888f2ce002e7fdaccafc22561","size":5004,"timeStamp":"2022-02-04T22:28:13.986318666Z"},"output0-stdout-0.log":{"path":"output0-stdout-0.log","md5":"d41d8cd98f00b204e9800998ecf8427e","size":0,"timeStamp":"2022-02-04T22:28:13.992267208Z"},"output0-stdouterr-0.log":{"path":"output0-stdouterr-0.log","md5":"646a782888f2ce002e7fdaccafc22561","size":5004,"timeStamp":"2022-02-04T22:28:13.994622096Z"},"output1-stderr-0.log":{"path":"output1-stderr-0.log","md5":"6d792896fc04be659f634e91c34cd076","size":1576,"timeStamp":"2022-02-04T22:28:14.000002916Z"},"output1-stdout-0.log":{"path":"output1-stdout-0.log","md5":"d41d8cd98f00b204e9800998ecf8427e","size":0,"timeStamp":"2022-02-04T22:28:13.998309289Z"},"output1-stdouterr-0.log":{"path":"output1-stdouterr-0.log","md5":"6d792896fc04be659f634e91c34cd076","size":1576,"timeStamp":"2022-02-04T22:28:14.034138479Z"},"permission-init-stderr-0.log":{"path":"permission-init-stderr-0.log","md5":"d41d8cd98f00b204e9800998ecf8427e","size":0,"timeStamp":"2022-02-04T22:28:14.058494397Z"},"permission-init-stdout-0.log":{"path":"permission-init-stdout-0.log","md5":"d5bdf0ed003e9a93edfb26e8e1e4d796","size":2212,"timeStamp":"2022-02-04T22:28:14.020109721Z"},"permission-init-stdouterr-0.log":{"path":"permission-init-stdouterr-0.log","md5":"d5bdf0ed003e9a93edfb26e8e1e4d796","size":2212,"timeStamp":"2022-02-04T22:28:14.020346309Z"},"pod-0.log":{"path":"pod-0.log","md5":"b28c39928288638756cd0e67133c6324","size":56,"timeStamp":"2022-02-04T22:28:14.041426565Z"},"pod-metrics-0.log":{"path":"pod-metrics-0.log","md5":"49a26e4f3d558639d6adcc1735183f60","size":22874,"timeStamp":"2022-02-04T22:28:14.027648064Z"},"task-stderr-0.log":{"path":"task-stderr-0.log","md5":"b4d6e997589257cccda0527bbb4a8103","size":83,"timeStamp":"2022-02-04T22:28:14.03282192Z"},"task-stdout-0.log":{"path":"task-stdout-0.log","md5":"31b43ffdafda87d281ee01cd03e80443","size":27884,"timeStamp":"2022-02-04T22:28:14.055820647Z"},"task-stdouterr-0.log":{"path":"task-stdouterr-0.log","md5":"de8e625e458f2198e56b5c27a104554f","size":27967,"timeStamp":"2022-02-04T22:28:14.033818563Z"},"tes-input-handler-init-container-stderr-0.log":{"path":"tes-input-handler-init-container-stderr-0.log","md5":"d41d8cd98f00b204e9800998ecf8427e","size":0,"timeStamp":"2022-02-04T22:28:14.051824211Z"},"tes-input-handler-init-container-stdout-0.log":{"path":"tes-input-handler-init-container-stdout-0.log","md5":"d41d8cd98f00b204e9800998ecf8427e","size":0,"timeStamp":"2022-02-04T22:28:14.052365191Z"},"tes-input-handler-init-container-stdouterr-0.log":{"path":"tes-input-handler-init-container-stdouterr-0.log","md5":"d41d8cd98f00b204e9800998ecf8427e","size":0,"timeStamp":"2022-02-04T22:28:14.058722268Z"}}