{"bsfs-stderr-0.log":{"path":"bsfs-stderr-0.log","md5":"d41d8cd98f00b204e9800998ecf8427e","size":0,"timeStamp":"2022-02-04T22:26:43.851584965Z"},"bsfs-stdout-0.log":{"path":"bsfs-stdout-0.log","md5":"8f9baf97472e87eb3a82db4b9ccb480e","size":1795,"timeStamp":"2022-02-04T22:26:43.850795735Z"},"bsfs-stdouterr-0.log":{"path":"bsfs-stdouterr-0.log","md5":"8f9baf97472e87eb3a82db4b9ccb480e","size":1795,"timeStamp":"2022-02-04T22:26:43.876408802Z"},"dragen-init-stderr-0.log":{"path":"dragen-init-stderr-0.log","md5":"f37957f6cdc32ef638effe4f5bff8a8a","size":161,"timeStamp":"2022-02-04T22:26:43.857785281Z"},"dragen-init-stdout-0.log":{"path":"dragen-init-stdout-0.log","md5":"18d9e6edcc4a64fcd7edb9e6182107ad","size":323,"timeStamp":"2022-02-04T22:26:43.853840947Z"},"dragen-init-stdouterr-0.log":{"path":"dragen-init-stdouterr-0.log","md5":"3f25cd16f15297a7d94d0861f911b880","size":484,"timeStamp":"2022-02-04T22:26:43.854219433Z"},"heartbeat-init-stderr-0.log":{"path":"heartbeat-init-stderr-0.log","md5":"ca31857266d04a67bebabf27578e79db","size":16430,"timeStamp":"2022-02-04T22:26:43.885752295Z"},"heartbeat-init-stdout-0.log":{"path":"heartbeat-init-stdout-0.log","md5":"d41d8cd98f00b204e9800998ecf8427e","size":0,"timeStamp":"2022-02-04T22:26:43.861462057Z"},"heartbeat-init-stdouterr-0.log":{"path":"heartbeat-init-stdouterr-0.log","md5":"ca31857266d04a67bebabf27578e79db","size":16430,"timeStamp":"2022-02-04T22:26:43.853025112Z"},"heartbeat-stderr-0.log":{"path":"heartbeat-stderr-0.log","md5":"96ec5650efb80e08195abf85230fe8b4","size":678,"timeStamp":"2022-02-04T22:26:43.848020133Z"},"heartbeat-stdout-0.log":{"path":"heartbeat-stdout-0.log","md5":"d41d8cd98f00b204e9800998ecf8427e","size":0,"timeStamp":"2022-02-04T22:26:43.88159805Z"},"heartbeat-stdouterr-0.log":{"path":"heartbeat-stdouterr-0.log","md5":"96ec5650efb80e08195abf85230fe8b4","size":678,"timeStamp":"2022-02-04T22:26:43.880967862Z"},"logging-stderr-0.log":{"path":"logging-stderr-0.log","md5":"a4df1c3311de17f49ca02815e17fa74f","size":12159,"timeStamp":"2022-02-04T22:26:43.899418022Z"},"logging-stdout-0.log":{"path":"logging-stdout-0.log","md5":"38aba068a5ed417ba90755e25eb44070","size":90,"timeStamp":"2022-02-04T22:26:43.884938728Z"},"logging-stdouterr-0.log":{"path":"logging-stdouterr-0.log","md5":"e9495f3def37691cc23be8d0c8b80d05","size":12249,"timeStamp":"2022-02-04T22:26:43.883928421Z"},"network-init-stderr-0.log":{"path":"network-init-stderr-0.log","md5":"d41d8cd98f00b204e9800998ecf8427e","size":0,"timeStamp":"2022-02-04T22:26:43.885288394Z"},"network-init-stdout-0.log":{"path":"network-init-stdout-0.log","md5":"d41d8cd98f00b204e9800998ecf8427e","size":0,"timeStamp":"2022-02-04T22:26:43.887566134Z"},"network-init-stdouterr-0.log":{"path":"network-init-stdouterr-0.log","md5":"d41d8cd98f00b204e9800998ecf8427e","size":0,"timeStamp":"2022-02-04T22:26:43.937025832Z"},"output0-stderr-0.log":{"path":"output0-stderr-0.log","md5":"9c8334737da000ece24ca0473e17b22c","size":5007,"timeStamp":"2022-02-04T22:26:43.927479792Z"},"output0-stdout-0.log":{"path":"output0-stdout-0.log","md5":"d41d8cd98f00b204e9800998ecf8427e","size":0,"timeStamp":"2022-02-04T22:26:43.930032918Z"},"output0-stdouterr-0.log":{"path":"output0-stdouterr-0.log","md5":"9c8334737da000ece24ca0473e17b22c","size":5007,"timeStamp":"2022-02-04T22:26:43.913577432Z"},"output1-stderr-0.log":{"path":"output1-stderr-0.log","md5":"89aa166bbf6275ae8fdca5f17f9fd9be","size":1577,"timeStamp":"2022-02-04T22:26:43.958488747Z"},"output1-stdout-0.log":{"path":"output1-stdout-0.log","md5":"d41d8cd98f00b204e9800998ecf8427e","size":0,"timeStamp":"2022-02-04T22:26:43.921246591Z"},"output1-stdouterr-0.log":{"path":"output1-stdouterr-0.log","md5":"89aa166bbf6275ae8fdca5f17f9fd9be","size":1577,"timeStamp":"2022-02-04T22:26:43.919430231Z"},"permission-init-stderr-0.log":{"path":"permission-init-stderr-0.log","md5":"d41d8cd98f00b204e9800998ecf8427e","size":0,"timeStamp":"2022-02-04T22:26:43.971427619Z"},"permission-init-stdout-0.log":{"path":"permission-init-stdout-0.log","md5":"24676ca6734ff03dd8c4ee6f75e811c2","size":2212,"timeStamp":"2022-02-04T22:26:43.976071946Z"},"permission-init-stdouterr-0.log":{"path":"permission-init-stdouterr-0.log","md5":"24676ca6734ff03dd8c4ee6f75e811c2","size":2212,"timeStamp":"2022-02-04T22:26:43.940856114Z"},"pod-0.log":{"path":"pod-0.log","md5":"5743c9ad55c18f5e4f912d1215b756aa","size":56,"timeStamp":"2022-02-04T22:26:43.94194218Z"},"pod-metrics-0.log":{"path":"pod-metrics-0.log","md5":"8e013e62bf675c73a876be3769394110","size":23197,"timeStamp":"2022-02-04T22:26:43.948283934Z"},"task-stderr-0.log":{"path":"task-stderr-0.log","md5":"b4d6e997589257cccda0527bbb4a8103","size":83,"timeStamp":"2022-02-04T22:26:44.010713224Z"},"task-stdout-0.log":{"path":"task-stdout-0.log","md5":"9a5b3ba3325e24021d3dc8fd26de2d00","size":27728,"timeStamp":"2022-02-04T22:26:43.95971008Z"},"task-stdouterr-0.log":{"path":"task-stdouterr-0.log","md5":"8b9decf2675ad6e7de3f7c829a518ce2","size":27811,"timeStamp":"2022-02-04T22:26:44.009854616Z"},"tes-input-handler-init-container-stderr-0.log":{"path":"tes-input-handler-init-container-stderr-0.log","md5":"d41d8cd98f00b204e9800998ecf8427e","size":0,"timeStamp":"2022-02-04T22:26:43.966539984Z"},"tes-input-handler-init-container-stdout-0.log":{"path":"tes-input-handler-init-container-stdout-0.log","md5":"d41d8cd98f00b204e9800998ecf8427e","size":0,"timeStamp":"2022-02-04T22:26:44.01655541Z"},"tes-input-handler-init-container-stdouterr-0.log":{"path":"tes-input-handler-init-container-stdouterr-0.log","md5":"d41d8cd98f00b204e9800998ecf8427e","size":0,"timeStamp":"2022-02-04T22:26:43.975044654Z"}}