{"bsfs-stderr-0.log":{"path":"bsfs-stderr-0.log","md5":"d41d8cd98f00b204e9800998ecf8427e","size":0,"timeStamp":"2022-02-04T22:29:17.793942371Z"},"bsfs-stdout-0.log":{"path":"bsfs-stdout-0.log","md5":"f731b2e86648e4a0a96ed1df0fea1a1c","size":1794,"timeStamp":"2022-02-04T22:29:17.775858018Z"},"bsfs-stdouterr-0.log":{"path":"bsfs-stdouterr-0.log","md5":"f731b2e86648e4a0a96ed1df0fea1a1c","size":1794,"timeStamp":"2022-02-04T22:29:17.775769015Z"},"dragen-init-stderr-0.log":{"path":"dragen-init-stderr-0.log","md5":"f37957f6cdc32ef638effe4f5bff8a8a","size":161,"timeStamp":"2022-02-04T22:29:17.80171244Z"},"dragen-init-stdout-0.log":{"path":"dragen-init-stdout-0.log","md5":"18d9e6edcc4a64fcd7edb9e6182107ad","size":323,"timeStamp":"2022-02-04T22:29:17.772337392Z"},"dragen-init-stdouterr-0.log":{"path":"dragen-init-stdouterr-0.log","md5":"3f25cd16f15297a7d94d0861f911b880","size":484,"timeStamp":"2022-02-04T22:29:17.796437477Z"},"heartbeat-init-stderr-0.log":{"path":"heartbeat-init-stderr-0.log","md5":"df597877326faf63e09d6631a7006b35","size":16430,"timeStamp":"2022-02-04T22:29:17.771405299Z"},"heartbeat-init-stdout-0.log":{"path":"heartbeat-init-stdout-0.log","md5":"d41d8cd98f00b204e9800998ecf8427e","size":0,"timeStamp":"2022-02-04T22:29:17.803557177Z"},"heartbeat-init-stdouterr-0.log":{"path":"heartbeat-init-stdouterr-0.log","md5":"df597877326faf63e09d6631a7006b35","size":16430,"timeStamp":"2022-02-04T22:29:17.810054555Z"},"heartbeat-stderr-0.log":{"path":"heartbeat-stderr-0.log","md5":"b2df1b8fc43ab2db2ecd4cd76aa21076","size":678,"timeStamp":"2022-02-04T22:29:17.801965706Z"},"heartbeat-stdout-0.log":{"path":"heartbeat-stdout-0.log","md5":"d41d8cd98f00b204e9800998ecf8427e","size":0,"timeStamp":"2022-02-04T22:29:17.798012039Z"},"heartbeat-stdouterr-0.log":{"path":"heartbeat-stdouterr-0.log","md5":"b2df1b8fc43ab2db2ecd4cd76aa21076","size":678,"timeStamp":"2022-02-04T22:29:17.798164329Z"},"logging-stderr-0.log":{"path":"logging-stderr-0.log","md5":"b66aec6d286976aaaf9cef4e0567c6a5","size":14354,"timeStamp":"2022-02-04T22:29:17.80148404Z"},"logging-stdout-0.log":{"path":"logging-stdout-0.log","md5":"38aba068a5ed417ba90755e25eb44070","size":90,"timeStamp":"2022-02-04T22:29:17.839378758Z"},"logging-stdouterr-0.log":{"path":"logging-stdouterr-0.log","md5":"0f477390d77e4548d6193fb7a812bcb8","size":14444,"timeStamp":"2022-02-04T22:29:17.873924314Z"},"network-init-stderr-0.log":{"path":"network-init-stderr-0.log","md5":"d41d8cd98f00b204e9800998ecf8427e","size":0,"timeStamp":"2022-02-04T22:29:17.825863401Z"},"network-init-stdout-0.log":{"path":"network-init-stdout-0.log","md5":"d41d8cd98f00b204e9800998ecf8427e","size":0,"timeStamp":"2022-02-04T22:29:17.851157766Z"},"network-init-stdouterr-0.log":{"path":"network-init-stdouterr-0.log","md5":"d41d8cd98f00b204e9800998ecf8427e","size":0,"timeStamp":"2022-02-04T22:29:17.831776359Z"},"output0-stderr-0.log":{"path":"output0-stderr-0.log","md5":"6e5cc7d28644aeff73530de2c66c7d68","size":499,"timeStamp":"2022-02-04T22:29:17.856486423Z"},"output0-stdout-0.log":{"path":"output0-stdout-0.log","md5":"d41d8cd98f00b204e9800998ecf8427e","size":0,"timeStamp":"2022-02-04T22:29:17.859054256Z"},"output0-stdouterr-0.log":{"path":"output0-stdouterr-0.log","md5":"6e5cc7d28644aeff73530de2c66c7d68","size":499,"timeStamp":"2022-02-04T22:29:17.834288481Z"},"output1-stderr-0.log":{"path":"output1-stderr-0.log","md5":"3c15d72fc87f78f7a43d003f745489b9","size":519,"timeStamp":"2022-02-04T22:29:17.858631588Z"},"output1-stdout-0.log":{"path":"output1-stdout-0.log","md5":"d41d8cd98f00b204e9800998ecf8427e","size":0,"timeStamp":"2022-02-04T22:29:17.851759186Z"},"output1-stdouterr-0.log":{"path":"output1-stdouterr-0.log","md5":"3c15d72fc87f78f7a43d003f745489b9","size":519,"timeStamp":"2022-02-04T22:29:17.893467376Z"},"permission-init-stderr-0.log":{"path":"permission-init-stderr-0.log","md5":"d41d8cd98f00b204e9800998ecf8427e","size":0,"timeStamp":"2022-02-04T22:29:17.865411151Z"},"permission-init-stdout-0.log":{"path":"permission-init-stdout-0.log","md5":"d6e6d271dc4d19564425c67686f00b84","size":2212,"timeStamp":"2022-02-04T22:29:17.88599899Z"},"permission-init-stdouterr-0.log":{"path":"permission-init-stdouterr-0.log","md5":"d6e6d271dc4d19564425c67686f00b84","size":2212,"timeStamp":"2022-02-04T22:29:17.866709798Z"},"pod-0.log":{"path":"pod-0.log","md5":"e0e864ea63a5a903abd43705c7c028e1","size":56,"timeStamp":"2022-02-04T22:29:17.902807575Z"},"pod-metrics-0.log":{"path":"pod-metrics-0.log","md5":"f640ee8a7ec1d96961a1f842abf1fa8c","size":30385,"timeStamp":"2022-02-04T22:29:17.885940723Z"},"task-stderr-0.log":{"path":"task-stderr-0.log","md5":"b4d6e997589257cccda0527bbb4a8103","size":83,"timeStamp":"2022-02-04T22:29:17.885628933Z"},"task-stdout-0.log":{"path":"task-stdout-0.log","md5":"b2eb75f18ebb7405b296e57c4aeb308c","size":27879,"timeStamp":"2022-02-04T22:29:17.928508278Z"},"task-stdouterr-0.log":{"path":"task-stdouterr-0.log","md5":"043b9cd98cacd6b8b1b4e76bbce658be","size":27962,"timeStamp":"2022-02-04T22:29:17.89415639Z"},"tes-input-handler-init-container-stderr-0.log":{"path":"tes-input-handler-init-container-stderr-0.log","md5":"d41d8cd98f00b204e9800998ecf8427e","size":0,"timeStamp":"2022-02-04T22:29:17.912669393Z"},"tes-input-handler-init-container-stdout-0.log":{"path":"tes-input-handler-init-container-stdout-0.log","md5":"d41d8cd98f00b204e9800998ecf8427e","size":0,"timeStamp":"2022-02-04T22:29:17.895496714Z"},"tes-input-handler-init-container-stdouterr-0.log":{"path":"tes-input-handler-init-container-stdouterr-0.log","md5":"d41d8cd98f00b204e9800998ecf8427e","size":0,"timeStamp":"2022-02-04T22:29:17.95522829Z"}}