{"bsfs-stderr-0.log":{"path":"bsfs-stderr-0.log","md5":"d41d8cd98f00b204e9800998ecf8427e","size":0,"timeStamp":"2022-02-04T22:28:19.55859336Z"},"bsfs-stdout-0.log":{"path":"bsfs-stdout-0.log","md5":"367e0f8012b254ac97ead61b80bbae1c","size":1795,"timeStamp":"2022-02-04T22:28:19.566705085Z"},"bsfs-stdouterr-0.log":{"path":"bsfs-stdouterr-0.log","md5":"367e0f8012b254ac97ead61b80bbae1c","size":1795,"timeStamp":"2022-02-04T22:28:19.56384971Z"},"dragen-init-stderr-0.log":{"path":"dragen-init-stderr-0.log","md5":"f37957f6cdc32ef638effe4f5bff8a8a","size":161,"timeStamp":"2022-02-04T22:28:19.559828935Z"},"dragen-init-stdout-0.log":{"path":"dragen-init-stdout-0.log","md5":"0a1761ce485370cf56d36fd90f6a9e22","size":321,"timeStamp":"2022-02-04T22:28:19.566924214Z"},"dragen-init-stdouterr-0.log":{"path":"dragen-init-stdouterr-0.log","md5":"9efafc1d011c0e215ac8f0572fe37c4d","size":482,"timeStamp":"2022-02-04T22:28:19.562648731Z"},"heartbeat-init-stderr-0.log":{"path":"heartbeat-init-stderr-0.log","md5":"6238c4d5dc2f260ca3b1285c60ed7dba","size":16430,"timeStamp":"2022-02-04T22:28:19.569385551Z"},"heartbeat-init-stdout-0.log":{"path":"heartbeat-init-stdout-0.log","md5":"d41d8cd98f00b204e9800998ecf8427e","size":0,"timeStamp":"2022-02-04T22:28:19.566951831Z"},"heartbeat-init-stdouterr-0.log":{"path":"heartbeat-init-stdouterr-0.log","md5":"6238c4d5dc2f260ca3b1285c60ed7dba","size":16430,"timeStamp":"2022-02-04T22:28:19.567173149Z"},"heartbeat-stderr-0.log":{"path":"heartbeat-stderr-0.log","md5":"c60f21d3fd6303471e0896f1fc927ac2","size":678,"timeStamp":"2022-02-04T22:28:19.573460954Z"},"heartbeat-stdout-0.log":{"path":"heartbeat-stdout-0.log","md5":"d41d8cd98f00b204e9800998ecf8427e","size":0,"timeStamp":"2022-02-04T22:28:19.586251937Z"},"heartbeat-stdouterr-0.log":{"path":"heartbeat-stdouterr-0.log","md5":"c60f21d3fd6303471e0896f1fc927ac2","size":678,"timeStamp":"2022-02-04T22:28:19.588826099Z"},"logging-stderr-0.log":{"path":"logging-stderr-0.log","md5":"ed6d9a9c4ab0145fc4436c6b7784d2db","size":12158,"timeStamp":"2022-02-04T22:28:19.595004606Z"},"logging-stdout-0.log":{"path":"logging-stdout-0.log","md5":"38aba068a5ed417ba90755e25eb44070","size":90,"timeStamp":"2022-02-04T22:28:19.594471915Z"},"logging-stdouterr-0.log":{"path":"logging-stdouterr-0.log","md5":"ec1567e05aa1aff346b524419355d1ff","size":12248,"timeStamp":"2022-02-04T22:28:19.651360125Z"},"network-init-stderr-0.log":{"path":"network-init-stderr-0.log","md5":"d41d8cd98f00b204e9800998ecf8427e","size":0,"timeStamp":"2022-02-04T22:28:19.600963146Z"},"network-init-stdout-0.log":{"path":"network-init-stdout-0.log","md5":"d41d8cd98f00b204e9800998ecf8427e","size":0,"timeStamp":"2022-02-04T22:28:19.6014193Z"},"network-init-stdouterr-0.log":{"path":"network-init-stdouterr-0.log","md5":"d41d8cd98f00b204e9800998ecf8427e","size":0,"timeStamp":"2022-02-04T22:28:19.604902594Z"},"output0-stderr-0.log":{"path":"output0-stderr-0.log","md5":"b19d84e06a5fdde5152d45b068e1bf75","size":5002,"timeStamp":"2022-02-04T22:28:19.644649953Z"},"output0-stdout-0.log":{"path":"output0-stdout-0.log","md5":"d41d8cd98f00b204e9800998ecf8427e","size":0,"timeStamp":"2022-02-04T22:28:19.667723526Z"},"output0-stdouterr-0.log":{"path":"output0-stdouterr-0.log","md5":"b19d84e06a5fdde5152d45b068e1bf75","size":5002,"timeStamp":"2022-02-04T22:28:19.638036737Z"},"output1-stderr-0.log":{"path":"output1-stderr-0.log","md5":"bc50b7a858706680186094b02921777a","size":1576,"timeStamp":"2022-02-04T22:28:19.627944225Z"},"output1-stdout-0.log":{"path":"output1-stdout-0.log","md5":"d41d8cd98f00b204e9800998ecf8427e","size":0,"timeStamp":"2022-02-04T22:28:19.620146565Z"},"output1-stdouterr-0.log":{"path":"output1-stdouterr-0.log","md5":"bc50b7a858706680186094b02921777a","size":1576,"timeStamp":"2022-02-04T22:28:19.622559203Z"},"permission-init-stderr-0.log":{"path":"permission-init-stderr-0.log","md5":"d41d8cd98f00b204e9800998ecf8427e","size":0,"timeStamp":"2022-02-04T22:28:19.627545273Z"},"permission-init-stdout-0.log":{"path":"permission-init-stdout-0.log","md5":"55fe00c786f87d6d892071300941a92c","size":2212,"timeStamp":"2022-02-04T22:28:19.636815744Z"},"permission-init-stdouterr-0.log":{"path":"permission-init-stdouterr-0.log","md5":"55fe00c786f87d6d892071300941a92c","size":2212,"timeStamp":"2022-02-04T22:28:19.6695221Z"},"pod-0.log":{"path":"pod-0.log","md5":"9287b8831a01df834ac5697771af7df0","size":56,"timeStamp":"2022-02-04T22:28:19.647239162Z"},"pod-metrics-0.log":{"path":"pod-metrics-0.log","md5":"f25c769c902ce5f3c2a160cb4df9fc42","size":22903,"timeStamp":"2022-02-04T22:28:19.649931998Z"},"task-stderr-0.log":{"path":"task-stderr-0.log","md5":"b4d6e997589257cccda0527bbb4a8103","size":83,"timeStamp":"2022-02-04T22:28:19.657705449Z"},"task-stdout-0.log":{"path":"task-stdout-0.log","md5":"62082cdd814ad03062ebf3185101e79b","size":27883,"timeStamp":"2022-02-04T22:28:19.655304937Z"},"task-stdouterr-0.log":{"path":"task-stdouterr-0.log","md5":"7b7f1987ae19a5e53c0a4baef1025870","size":27966,"timeStamp":"2022-02-04T22:28:19.670683457Z"},"tes-input-handler-init-container-stderr-0.log":{"path":"tes-input-handler-init-container-stderr-0.log","md5":"d41d8cd98f00b204e9800998ecf8427e","size":0,"timeStamp":"2022-02-04T22:28:19.670594296Z"},"tes-input-handler-init-container-stdout-0.log":{"path":"tes-input-handler-init-container-stdout-0.log","md5":"d41d8cd98f00b204e9800998ecf8427e","size":0,"timeStamp":"2022-02-04T22:28:19.67417455Z"},"tes-input-handler-init-container-stdouterr-0.log":{"path":"tes-input-handler-init-container-stdouterr-0.log","md5":"d41d8cd98f00b204e9800998ecf8427e","size":0,"timeStamp":"2022-02-04T22:28:19.676288638Z"}}