{"bsfs-stderr-0.log":{"path":"bsfs-stderr-0.log","md5":"d41d8cd98f00b204e9800998ecf8427e","size":0,"timeStamp":"2022-02-04T22:26:46.280529993Z"},"bsfs-stdout-0.log":{"path":"bsfs-stdout-0.log","md5":"15c937e7cf5f2efbf6fa46306bd6d7f1","size":1796,"timeStamp":"2022-02-04T22:26:46.304486212Z"},"bsfs-stdouterr-0.log":{"path":"bsfs-stdouterr-0.log","md5":"15c937e7cf5f2efbf6fa46306bd6d7f1","size":1796,"timeStamp":"2022-02-04T22:26:46.302306413Z"},"dragen-init-stderr-0.log":{"path":"dragen-init-stderr-0.log","md5":"f37957f6cdc32ef638effe4f5bff8a8a","size":161,"timeStamp":"2022-02-04T22:26:46.298444592Z"},"dragen-init-stdout-0.log":{"path":"dragen-init-stdout-0.log","md5":"9244add434130fde47f53cf79b0a61ca","size":322,"timeStamp":"2022-02-04T22:26:46.276543365Z"},"dragen-init-stdouterr-0.log":{"path":"dragen-init-stdouterr-0.log","md5":"845547e10083085ef4cbdf2aef223832","size":483,"timeStamp":"2022-02-04T22:26:46.283493927Z"},"heartbeat-init-stderr-0.log":{"path":"heartbeat-init-stderr-0.log","md5":"d4aa695d3ae3d95d499f4fb8879c5e31","size":16430,"timeStamp":"2022-02-04T22:26:46.296054451Z"},"heartbeat-init-stdout-0.log":{"path":"heartbeat-init-stdout-0.log","md5":"d41d8cd98f00b204e9800998ecf8427e","size":0,"timeStamp":"2022-02-04T22:26:46.278134389Z"},"heartbeat-init-stdouterr-0.log":{"path":"heartbeat-init-stdouterr-0.log","md5":"d4aa695d3ae3d95d499f4fb8879c5e31","size":16430,"timeStamp":"2022-02-04T22:26:46.29383481Z"},"heartbeat-stderr-0.log":{"path":"heartbeat-stderr-0.log","md5":"2c87fbf32de27a3ffe207bcb0a90d4e3","size":677,"timeStamp":"2022-02-04T22:26:46.281068252Z"},"heartbeat-stdout-0.log":{"path":"heartbeat-stdout-0.log","md5":"d41d8cd98f00b204e9800998ecf8427e","size":0,"timeStamp":"2022-02-04T22:26:46.377888302Z"},"heartbeat-stdouterr-0.log":{"path":"heartbeat-stdouterr-0.log","md5":"2c87fbf32de27a3ffe207bcb0a90d4e3","size":677,"timeStamp":"2022-02-04T22:26:46.304942138Z"},"logging-stderr-0.log":{"path":"logging-stderr-0.log","md5":"e8a2b8e2676b0405338708f6da6911d9","size":12158,"timeStamp":"2022-02-04T22:26:46.314135905Z"},"logging-stdout-0.log":{"path":"logging-stdout-0.log","md5":"38aba068a5ed417ba90755e25eb44070","size":90,"timeStamp":"2022-02-04T22:26:46.307682206Z"},"logging-stdouterr-0.log":{"path":"logging-stdouterr-0.log","md5":"898cb1915c3ee1afe28bccf9daf05c93","size":12248,"timeStamp":"2022-02-04T22:26:46.316622223Z"},"network-init-stderr-0.log":{"path":"network-init-stderr-0.log","md5":"d41d8cd98f00b204e9800998ecf8427e","size":0,"timeStamp":"2022-02-04T22:26:46.323079669Z"},"network-init-stdout-0.log":{"path":"network-init-stdout-0.log","md5":"d41d8cd98f00b204e9800998ecf8427e","size":0,"timeStamp":"2022-02-04T22:26:46.326310657Z"},"network-init-stdouterr-0.log":{"path":"network-init-stdouterr-0.log","md5":"d41d8cd98f00b204e9800998ecf8427e","size":0,"timeStamp":"2022-02-04T22:26:46.375841369Z"},"output0-stderr-0.log":{"path":"output0-stderr-0.log","md5":"c5f05efcef10f08b86ae7324fa0ea4cc","size":5002,"timeStamp":"2022-02-04T22:26:46.405000878Z"},"output0-stdout-0.log":{"path":"output0-stdout-0.log","md5":"d41d8cd98f00b204e9800998ecf8427e","size":0,"timeStamp":"2022-02-04T22:26:46.336338174Z"},"output0-stdouterr-0.log":{"path":"output0-stdouterr-0.log","md5":"c5f05efcef10f08b86ae7324fa0ea4cc","size":5002,"timeStamp":"2022-02-04T22:26:46.341583988Z"},"output1-stderr-0.log":{"path":"output1-stderr-0.log","md5":"fbf37026f638ca04e1b076e7b97817d2","size":1576,"timeStamp":"2022-02-04T22:26:46.338167996Z"},"output1-stdout-0.log":{"path":"output1-stdout-0.log","md5":"d41d8cd98f00b204e9800998ecf8427e","size":0,"timeStamp":"2022-02-04T22:26:46.342901961Z"},"output1-stdouterr-0.log":{"path":"output1-stdouterr-0.log","md5":"fbf37026f638ca04e1b076e7b97817d2","size":1576,"timeStamp":"2022-02-04T22:26:46.350640306Z"},"permission-init-stderr-0.log":{"path":"permission-init-stderr-0.log","md5":"d41d8cd98f00b204e9800998ecf8427e","size":0,"timeStamp":"2022-02-04T22:26:46.364399085Z"},"permission-init-stdout-0.log":{"path":"permission-init-stdout-0.log","md5":"fa5008db2ac5c1b4c6d63ef930a6ca5c","size":2212,"timeStamp":"2022-02-04T22:26:46.413714152Z"},"permission-init-stdouterr-0.log":{"path":"permission-init-stdouterr-0.log","md5":"fa5008db2ac5c1b4c6d63ef930a6ca5c","size":2212,"timeStamp":"2022-02-04T22:26:46.365884293Z"},"pod-0.log":{"path":"pod-0.log","md5":"795a73abaaecfc9b189f42f5211b8649","size":56,"timeStamp":"2022-02-04T22:26:46.383726107Z"},"pod-metrics-0.log":{"path":"pod-metrics-0.log","md5":"6f7c5744b33e1a2b03928958720404c6","size":23105,"timeStamp":"2022-02-04T22:26:46.37391862Z"},"task-stderr-0.log":{"path":"task-stderr-0.log","md5":"b4d6e997589257cccda0527bbb4a8103","size":83,"timeStamp":"2022-02-04T22:26:46.371899747Z"},"task-stdout-0.log":{"path":"task-stdout-0.log","md5":"ad003eafb199773aa8044b6772f9aa38","size":27884,"timeStamp":"2022-02-04T22:26:46.397290989Z"},"task-stdouterr-0.log":{"path":"task-stdouterr-0.log","md5":"2976217bb58a249b5c64b0943eec7dbc","size":27967,"timeStamp":"2022-02-04T22:26:46.427088631Z"},"tes-input-handler-init-container-stderr-0.log":{"path":"tes-input-handler-init-container-stderr-0.log","md5":"d41d8cd98f00b204e9800998ecf8427e","size":0,"timeStamp":"2022-02-04T22:26:46.399104367Z"},"tes-input-handler-init-container-stdout-0.log":{"path":"tes-input-handler-init-container-stdout-0.log","md5":"d41d8cd98f00b204e9800998ecf8427e","size":0,"timeStamp":"2022-02-04T22:26:46.400895138Z"},"tes-input-handler-init-container-stdouterr-0.log":{"path":"tes-input-handler-init-container-stdouterr-0.log","md5":"d41d8cd98f00b204e9800998ecf8427e","size":0,"timeStamp":"2022-02-04T22:26:46.39989509Z"}}