{"bsfs-stderr-0.log":{"path":"bsfs-stderr-0.log","md5":"d41d8cd98f00b204e9800998ecf8427e","size":0,"timeStamp":"2022-02-04T22:28:41.986457522Z"},"bsfs-stdout-0.log":{"path":"bsfs-stdout-0.log","md5":"611b5fd8e1b8f5499c2f9aa8c7d7f5c8","size":1795,"timeStamp":"2022-02-04T22:28:41.982688277Z"},"bsfs-stdouterr-0.log":{"path":"bsfs-stdouterr-0.log","md5":"611b5fd8e1b8f5499c2f9aa8c7d7f5c8","size":1795,"timeStamp":"2022-02-04T22:28:41.983798949Z"},"dragen-init-stderr-0.log":{"path":"dragen-init-stderr-0.log","md5":"f37957f6cdc32ef638effe4f5bff8a8a","size":161,"timeStamp":"2022-02-04T22:28:41.991739542Z"},"dragen-init-stdout-0.log":{"path":"dragen-init-stdout-0.log","md5":"0a1761ce485370cf56d36fd90f6a9e22","size":321,"timeStamp":"2022-02-04T22:28:41.994957488Z"},"dragen-init-stdouterr-0.log":{"path":"dragen-init-stdouterr-0.log","md5":"846284e38f7e42def959ba7e772647f4","size":482,"timeStamp":"2022-02-04T22:28:41.992036307Z"},"heartbeat-init-stderr-0.log":{"path":"heartbeat-init-stderr-0.log","md5":"a613a0f3042af2ed65fd46b71a3d2004","size":16430,"timeStamp":"2022-02-04T22:28:41.980687785Z"},"heartbeat-init-stdout-0.log":{"path":"heartbeat-init-stdout-0.log","md5":"d41d8cd98f00b204e9800998ecf8427e","size":0,"timeStamp":"2022-02-04T22:28:41.982151923Z"},"heartbeat-init-stdouterr-0.log":{"path":"heartbeat-init-stdouterr-0.log","md5":"a613a0f3042af2ed65fd46b71a3d2004","size":16430,"timeStamp":"2022-02-04T22:28:41.976254701Z"},"heartbeat-stderr-0.log":{"path":"heartbeat-stderr-0.log","md5":"c348cef6e3c523e91e5f1e0abfe486de","size":676,"timeStamp":"2022-02-04T22:28:41.98338053Z"},"heartbeat-stdout-0.log":{"path":"heartbeat-stdout-0.log","md5":"d41d8cd98f00b204e9800998ecf8427e","size":0,"timeStamp":"2022-02-04T22:28:42.017192228Z"},"heartbeat-stdouterr-0.log":{"path":"heartbeat-stdouterr-0.log","md5":"c348cef6e3c523e91e5f1e0abfe486de","size":676,"timeStamp":"2022-02-04T22:28:42.013188695Z"},"logging-stderr-0.log":{"path":"logging-stderr-0.log","md5":"11a05181a39dcea18850fa6a660a8ef6","size":12161,"timeStamp":"2022-02-04T22:28:42.012875109Z"},"logging-stdout-0.log":{"path":"logging-stdout-0.log","md5":"38aba068a5ed417ba90755e25eb44070","size":90,"timeStamp":"2022-02-04T22:28:42.02599269Z"},"logging-stdouterr-0.log":{"path":"logging-stdouterr-0.log","md5":"189a88650a12eaee52cab79a84f17ca8","size":12251,"timeStamp":"2022-02-04T22:28:42.019401164Z"},"network-init-stderr-0.log":{"path":"network-init-stderr-0.log","md5":"d41d8cd98f00b204e9800998ecf8427e","size":0,"timeStamp":"2022-02-04T22:28:42.009203461Z"},"network-init-stdout-0.log":{"path":"network-init-stdout-0.log","md5":"d41d8cd98f00b204e9800998ecf8427e","size":0,"timeStamp":"2022-02-04T22:28:42.0174708Z"},"network-init-stdouterr-0.log":{"path":"network-init-stdouterr-0.log","md5":"d41d8cd98f00b204e9800998ecf8427e","size":0,"timeStamp":"2022-02-04T22:28:42.049661316Z"},"output0-stderr-0.log":{"path":"output0-stderr-0.log","md5":"faeee789a3de34364f44ad6567213a38","size":5005,"timeStamp":"2022-02-04T22:28:42.02260814Z"},"output0-stdout-0.log":{"path":"output0-stdout-0.log","md5":"d41d8cd98f00b204e9800998ecf8427e","size":0,"timeStamp":"2022-02-04T22:28:42.049435206Z"},"output0-stdouterr-0.log":{"path":"output0-stdouterr-0.log","md5":"faeee789a3de34364f44ad6567213a38","size":5005,"timeStamp":"2022-02-04T22:28:42.037361686Z"},"output1-stderr-0.log":{"path":"output1-stderr-0.log","md5":"44186e3cb42cd17d8663e6b344cb93b2","size":1576,"timeStamp":"2022-02-04T22:28:42.038336853Z"},"output1-stdout-0.log":{"path":"output1-stdout-0.log","md5":"d41d8cd98f00b204e9800998ecf8427e","size":0,"timeStamp":"2022-02-04T22:28:42.056528741Z"},"output1-stdouterr-0.log":{"path":"output1-stdouterr-0.log","md5":"44186e3cb42cd17d8663e6b344cb93b2","size":1576,"timeStamp":"2022-02-04T22:28:42.050502482Z"},"permission-init-stderr-0.log":{"path":"permission-init-stderr-0.log","md5":"d41d8cd98f00b204e9800998ecf8427e","size":0,"timeStamp":"2022-02-04T22:28:42.050288765Z"},"permission-init-stdout-0.log":{"path":"permission-init-stdout-0.log","md5":"60be7de3cdf17d54a0126d19e4766bf6","size":2212,"timeStamp":"2022-02-04T22:28:42.089018991Z"},"permission-init-stdouterr-0.log":{"path":"permission-init-stdouterr-0.log","md5":"60be7de3cdf17d54a0126d19e4766bf6","size":2212,"timeStamp":"2022-02-04T22:28:42.12207733Z"},"pod-0.log":{"path":"pod-0.log","md5":"49ce1f7b566be1c2cca9791020bfe788","size":56,"timeStamp":"2022-02-04T22:28:42.103722703Z"},"pod-metrics-0.log":{"path":"pod-metrics-0.log","md5":"77e208b6a00e52b8548919c2620da432","size":23197,"timeStamp":"2022-02-04T22:28:42.062758422Z"},"task-stderr-0.log":{"path":"task-stderr-0.log","md5":"b4d6e997589257cccda0527bbb4a8103","size":83,"timeStamp":"2022-02-04T22:28:42.091302524Z"},"task-stdout-0.log":{"path":"task-stdout-0.log","md5":"12517304b36ec62541d1463286e04115","size":27883,"timeStamp":"2022-02-04T22:28:42.091921564Z"},"task-stdouterr-0.log":{"path":"task-stdouterr-0.log","md5":"6d66b5dd208b3cb211fe5d8949848735","size":27966,"timeStamp":"2022-02-04T22:28:42.090704334Z"},"tes-input-handler-init-container-stderr-0.log":{"path":"tes-input-handler-init-container-stderr-0.log","md5":"d41d8cd98f00b204e9800998ecf8427e","size":0,"timeStamp":"2022-02-04T22:28:42.149943894Z"},"tes-input-handler-init-container-stdout-0.log":{"path":"tes-input-handler-init-container-stdout-0.log","md5":"d41d8cd98f00b204e9800998ecf8427e","size":0,"timeStamp":"2022-02-04T22:28:42.091186061Z"},"tes-input-handler-init-container-stdouterr-0.log":{"path":"tes-input-handler-init-container-stdouterr-0.log","md5":"d41d8cd98f00b204e9800998ecf8427e","size":0,"timeStamp":"2022-02-04T22:28:42.113107945Z"}}