{"bsfs-stderr-0.log":{"path":"bsfs-stderr-0.log","md5":"d41d8cd98f00b204e9800998ecf8427e","size":0,"timeStamp":"2022-02-04T22:10:34.046446334Z"},"bsfs-stdout-0.log":{"path":"bsfs-stdout-0.log","md5":"1fd8b3d54bcab1bce7deebe16bb19cfe","size":1782,"timeStamp":"2022-02-04T22:10:34.047076301Z"},"bsfs-stdouterr-0.log":{"path":"bsfs-stdouterr-0.log","md5":"1fd8b3d54bcab1bce7deebe16bb19cfe","size":1782,"timeStamp":"2022-02-04T22:10:34.012410642Z"},"heartbeat-init-stderr-0.log":{"path":"heartbeat-init-stderr-0.log","md5":"cbc373b7bfd3562062ea50013940a875","size":19594,"timeStamp":"2022-02-04T22:10:34.010809551Z"},"heartbeat-init-stdout-0.log":{"path":"heartbeat-init-stdout-0.log","md5":"d41d8cd98f00b204e9800998ecf8427e","size":0,"timeStamp":"2022-02-04T22:10:34.021681778Z"},"heartbeat-init-stdouterr-0.log":{"path":"heartbeat-init-stdouterr-0.log","md5":"cbc373b7bfd3562062ea50013940a875","size":19594,"timeStamp":"2022-02-04T22:10:34.008259272Z"},"heartbeat-stderr-0.log":{"path":"heartbeat-stderr-0.log","md5":"ada6a0b23c2a14dc223344cedec72906","size":226,"timeStamp":"2022-02-04T22:10:34.050381865Z"},"heartbeat-stdout-0.log":{"path":"heartbeat-stdout-0.log","md5":"d41d8cd98f00b204e9800998ecf8427e","size":0,"timeStamp":"2022-02-04T22:10:34.012352262Z"},"heartbeat-stdouterr-0.log":{"path":"heartbeat-stdouterr-0.log","md5":"ada6a0b23c2a14dc223344cedec72906","size":226,"timeStamp":"2022-02-04T22:10:34.008161267Z"},"logging-stderr-0.log":{"path":"logging-stderr-0.log","md5":"e4ecc5745c4ea3fbb3a377a4ca95c06f","size":634,"timeStamp":"2022-02-04T22:10:34.040785677Z"},"logging-stdout-0.log":{"path":"logging-stdout-0.log","md5":"38aba068a5ed417ba90755e25eb44070","size":90,"timeStamp":"2022-02-04T22:10:34.032907475Z"},"logging-stdouterr-0.log":{"path":"logging-stdouterr-0.log","md5":"604f6585c4f47d7dd8fedfb1b8c53486","size":724,"timeStamp":"2022-02-04T22:10:34.036833173Z"},"network-init-stderr-0.log":{"path":"network-init-stderr-0.log","md5":"d41d8cd98f00b204e9800998ecf8427e","size":0,"timeStamp":"2022-02-04T22:10:34.041273326Z"},"network-init-stdout-0.log":{"path":"network-init-stdout-0.log","md5":"d41d8cd98f00b204e9800998ecf8427e","size":0,"timeStamp":"2022-02-04T22:10:34.039962769Z"},"network-init-stdouterr-0.log":{"path":"network-init-stdouterr-0.log","md5":"d41d8cd98f00b204e9800998ecf8427e","size":0,"timeStamp":"2022-02-04T22:10:34.042865718Z"},"output0-stderr-0.log":{"path":"output0-stderr-0.log","md5":"f2c485ea8b419975040ca54226dd2bae","size":4192,"timeStamp":"2022-02-04T22:10:34.047441429Z"},"output0-stdout-0.log":{"path":"output0-stdout-0.log","md5":"d41d8cd98f00b204e9800998ecf8427e","size":0,"timeStamp":"2022-02-04T22:10:34.062813387Z"},"output0-stdouterr-0.log":{"path":"output0-stdouterr-0.log","md5":"f2c485ea8b419975040ca54226dd2bae","size":4192,"timeStamp":"2022-02-04T22:10:34.071251078Z"},"output1-stderr-0.log":{"path":"output1-stderr-0.log","md5":"4fe5dfaf1ff74b4f331074f1d122eba3","size":942,"timeStamp":"2022-02-04T22:10:34.070760836Z"},"output1-stdout-0.log":{"path":"output1-stdout-0.log","md5":"d41d8cd98f00b204e9800998ecf8427e","size":0,"timeStamp":"2022-02-04T22:10:34.088131871Z"},"output1-stdouterr-0.log":{"path":"output1-stdouterr-0.log","md5":"4fe5dfaf1ff74b4f331074f1d122eba3","size":942,"timeStamp":"2022-02-04T22:10:34.084706949Z"},"permission-init-stderr-0.log":{"path":"permission-init-stderr-0.log","md5":"d41d8cd98f00b204e9800998ecf8427e","size":0,"timeStamp":"2022-02-04T22:10:34.071360934Z"},"permission-init-stdout-0.log":{"path":"permission-init-stdout-0.log","md5":"36c115e98f99f8413bab622461b29d32","size":2288,"timeStamp":"2022-02-04T22:10:34.083181988Z"},"permission-init-stdouterr-0.log":{"path":"permission-init-stdouterr-0.log","md5":"36c115e98f99f8413bab622461b29d32","size":2288,"timeStamp":"2022-02-04T22:10:34.08252963Z"},"pod-0.log":{"path":"pod-0.log","md5":"a48defb1979e97729ecefb666c061a79","size":56,"timeStamp":"2022-02-04T22:10:34.107578506Z"},"pod-metrics-0.log":{"path":"pod-metrics-0.log","md5":"ffc14d040eb49ea5f070b4f86d69694f","size":5263,"timeStamp":"2022-02-04T22:10:34.082570795Z"},"task-stderr-0.log":{"path":"task-stderr-0.log","md5":"d41d8cd98f00b204e9800998ecf8427e","size":0,"timeStamp":"2022-02-04T22:10:34.090589295Z"},"task-stdout-0.log":{"path":"task-stdout-0.log","md5":"a9fd603cc744f9858160fd5c7d635a90","size":7279,"timeStamp":"2022-02-04T22:10:34.100337451Z"},"task-stdouterr-0.log":{"path":"task-stdouterr-0.log","md5":"a9fd603cc744f9858160fd5c7d635a90","size":7279,"timeStamp":"2022-02-04T22:10:34.100159832Z"},"tes-input-handler-init-container-stderr-0.log":{"path":"tes-input-handler-init-container-stderr-0.log","md5":"d41d8cd98f00b204e9800998ecf8427e","size":0,"timeStamp":"2022-02-04T22:10:34.096839729Z"},"tes-input-handler-init-container-stdout-0.log":{"path":"tes-input-handler-init-container-stdout-0.log","md5":"d41d8cd98f00b204e9800998ecf8427e","size":0,"timeStamp":"2022-02-04T22:10:34.114098776Z"},"tes-input-handler-init-container-stdouterr-0.log":{"path":"tes-input-handler-init-container-stdouterr-0.log","md5":"d41d8cd98f00b204e9800998ecf8427e","size":0,"timeStamp":"2022-02-04T22:10:34.114961518Z"}}