{"bsfs-stderr-0.log":{"path":"bsfs-stderr-0.log","md5":"d41d8cd98f00b204e9800998ecf8427e","size":0,"timeStamp":"2022-02-04T22:27:20.734763523Z"},"bsfs-stdout-0.log":{"path":"bsfs-stdout-0.log","md5":"1b9ff149174469d5d02f7c30fb316974","size":1795,"timeStamp":"2022-02-04T22:27:20.711534595Z"},"bsfs-stdouterr-0.log":{"path":"bsfs-stdouterr-0.log","md5":"1b9ff149174469d5d02f7c30fb316974","size":1795,"timeStamp":"2022-02-04T22:27:20.761962582Z"},"dragen-init-stderr-0.log":{"path":"dragen-init-stderr-0.log","md5":"f37957f6cdc32ef638effe4f5bff8a8a","size":161,"timeStamp":"2022-02-04T22:27:20.733466024Z"},"dragen-init-stdout-0.log":{"path":"dragen-init-stdout-0.log","md5":"6fc050b72ac2d3ddd08e5eaf40af6e36","size":320,"timeStamp":"2022-02-04T22:27:20.751993098Z"},"dragen-init-stdouterr-0.log":{"path":"dragen-init-stdouterr-0.log","md5":"58e90ea072caa90e2efa6d8704ebbfc0","size":481,"timeStamp":"2022-02-04T22:27:20.719510332Z"},"heartbeat-init-stderr-0.log":{"path":"heartbeat-init-stderr-0.log","md5":"02e10e09b3865f777eeb4bbf30102070","size":16430,"timeStamp":"2022-02-04T22:27:20.775882741Z"},"heartbeat-init-stdout-0.log":{"path":"heartbeat-init-stdout-0.log","md5":"d41d8cd98f00b204e9800998ecf8427e","size":0,"timeStamp":"2022-02-04T22:27:20.722285811Z"},"heartbeat-init-stdouterr-0.log":{"path":"heartbeat-init-stdouterr-0.log","md5":"02e10e09b3865f777eeb4bbf30102070","size":16430,"timeStamp":"2022-02-04T22:27:20.738832489Z"},"heartbeat-stderr-0.log":{"path":"heartbeat-stderr-0.log","md5":"7be39305b2e81c31ba89fca481884e0e","size":675,"timeStamp":"2022-02-04T22:27:20.71510039Z"},"heartbeat-stdout-0.log":{"path":"heartbeat-stdout-0.log","md5":"d41d8cd98f00b204e9800998ecf8427e","size":0,"timeStamp":"2022-02-04T22:27:20.746069266Z"},"heartbeat-stdouterr-0.log":{"path":"heartbeat-stdouterr-0.log","md5":"7be39305b2e81c31ba89fca481884e0e","size":675,"timeStamp":"2022-02-04T22:27:20.758591259Z"},"logging-stderr-0.log":{"path":"logging-stderr-0.log","md5":"2a62e3fc5deb3f78cc06f49637b2f8af","size":12159,"timeStamp":"2022-02-04T22:27:20.792481539Z"},"logging-stdout-0.log":{"path":"logging-stdout-0.log","md5":"38aba068a5ed417ba90755e25eb44070","size":90,"timeStamp":"2022-02-04T22:27:20.792871993Z"},"logging-stdouterr-0.log":{"path":"logging-stdouterr-0.log","md5":"244d6ede981f72d3345c9ee6efbbaf86","size":12249,"timeStamp":"2022-02-04T22:27:20.79690174Z"},"network-init-stderr-0.log":{"path":"network-init-stderr-0.log","md5":"d41d8cd98f00b204e9800998ecf8427e","size":0,"timeStamp":"2022-02-04T22:27:20.770939868Z"},"network-init-stdout-0.log":{"path":"network-init-stdout-0.log","md5":"d41d8cd98f00b204e9800998ecf8427e","size":0,"timeStamp":"2022-02-04T22:27:20.764448338Z"},"network-init-stdouterr-0.log":{"path":"network-init-stdouterr-0.log","md5":"d41d8cd98f00b204e9800998ecf8427e","size":0,"timeStamp":"2022-02-04T22:27:20.787248376Z"},"output0-stderr-0.log":{"path":"output0-stderr-0.log","md5":"86469b27f6e7e89c3493d6d308d5b68c","size":5003,"timeStamp":"2022-02-04T22:27:20.812399667Z"},"output0-stdout-0.log":{"path":"output0-stdout-0.log","md5":"d41d8cd98f00b204e9800998ecf8427e","size":0,"timeStamp":"2022-02-04T22:27:20.791656342Z"},"output0-stdouterr-0.log":{"path":"output0-stdouterr-0.log","md5":"86469b27f6e7e89c3493d6d308d5b68c","size":5003,"timeStamp":"2022-02-04T22:27:20.791302943Z"},"output1-stderr-0.log":{"path":"output1-stderr-0.log","md5":"ac9a9b84f1465094823fc6592c4a5ce6","size":1576,"timeStamp":"2022-02-04T22:27:20.792236177Z"},"output1-stdout-0.log":{"path":"output1-stdout-0.log","md5":"d41d8cd98f00b204e9800998ecf8427e","size":0,"timeStamp":"2022-02-04T22:27:20.820264768Z"},"output1-stdouterr-0.log":{"path":"output1-stdouterr-0.log","md5":"ac9a9b84f1465094823fc6592c4a5ce6","size":1576,"timeStamp":"2022-02-04T22:27:20.802682436Z"},"permission-init-stderr-0.log":{"path":"permission-init-stderr-0.log","md5":"d41d8cd98f00b204e9800998ecf8427e","size":0,"timeStamp":"2022-02-04T22:27:20.864003444Z"},"permission-init-stdout-0.log":{"path":"permission-init-stdout-0.log","md5":"bdc0f69b1187d19e19e4b77c78053ad2","size":2212,"timeStamp":"2022-02-04T22:27:20.841355504Z"},"permission-init-stdouterr-0.log":{"path":"permission-init-stdouterr-0.log","md5":"bdc0f69b1187d19e19e4b77c78053ad2","size":2212,"timeStamp":"2022-02-04T22:27:20.823130839Z"},"pod-0.log":{"path":"pod-0.log","md5":"4ba9984cc2354d4d995e19a9e01634c7","size":56,"timeStamp":"2022-02-04T22:27:20.851757195Z"},"pod-metrics-0.log":{"path":"pod-metrics-0.log","md5":"b2697d27d7b9d56d727a5d470d3a66d9","size":22901,"timeStamp":"2022-02-04T22:27:20.827550808Z"},"task-stderr-0.log":{"path":"task-stderr-0.log","md5":"b4d6e997589257cccda0527bbb4a8103","size":83,"timeStamp":"2022-02-04T22:27:20.826274521Z"},"task-stdout-0.log":{"path":"task-stdout-0.log","md5":"17c6fa191d8bf463cd71c087ed0627e9","size":27884,"timeStamp":"2022-02-04T22:27:20.864387069Z"},"task-stdouterr-0.log":{"path":"task-stdouterr-0.log","md5":"13c52795456467b7f379bdc0af844b7e","size":27967,"timeStamp":"2022-02-04T22:27:20.831031059Z"},"tes-input-handler-init-container-stderr-0.log":{"path":"tes-input-handler-init-container-stderr-0.log","md5":"d41d8cd98f00b204e9800998ecf8427e","size":0,"timeStamp":"2022-02-04T22:27:20.844291432Z"},"tes-input-handler-init-container-stdout-0.log":{"path":"tes-input-handler-init-container-stdout-0.log","md5":"d41d8cd98f00b204e9800998ecf8427e","size":0,"timeStamp":"2022-02-04T22:27:20.851381853Z"},"tes-input-handler-init-container-stdouterr-0.log":{"path":"tes-input-handler-init-container-stdouterr-0.log","md5":"d41d8cd98f00b204e9800998ecf8427e","size":0,"timeStamp":"2022-02-04T22:27:20.854314611Z"}}