{"bsfs-stderr-0.log":{"path":"bsfs-stderr-0.log","md5":"d41d8cd98f00b204e9800998ecf8427e","size":0,"timeStamp":"2022-02-04T22:28:59.278645021Z"},"bsfs-stdout-0.log":{"path":"bsfs-stdout-0.log","md5":"1da2db8e78a7350aeacb6af0e0fe96d6","size":1796,"timeStamp":"2022-02-04T22:28:59.279235432Z"},"bsfs-stdouterr-0.log":{"path":"bsfs-stdouterr-0.log","md5":"1da2db8e78a7350aeacb6af0e0fe96d6","size":1796,"timeStamp":"2022-02-04T22:28:59.274149216Z"},"dragen-init-stderr-0.log":{"path":"dragen-init-stderr-0.log","md5":"f37957f6cdc32ef638effe4f5bff8a8a","size":161,"timeStamp":"2022-02-04T22:28:59.335819252Z"},"dragen-init-stdout-0.log":{"path":"dragen-init-stdout-0.log","md5":"9244add434130fde47f53cf79b0a61ca","size":322,"timeStamp":"2022-02-04T22:28:59.276997442Z"},"dragen-init-stdouterr-0.log":{"path":"dragen-init-stdouterr-0.log","md5":"e96f11670a7b3c692e250179ffb3f4a3","size":483,"timeStamp":"2022-02-04T22:28:59.269739719Z"},"heartbeat-init-stderr-0.log":{"path":"heartbeat-init-stderr-0.log","md5":"63af77652f1010b54afe9a82ebd6e9c3","size":16430,"timeStamp":"2022-02-04T22:28:59.276928227Z"},"heartbeat-init-stdout-0.log":{"path":"heartbeat-init-stdout-0.log","md5":"d41d8cd98f00b204e9800998ecf8427e","size":0,"timeStamp":"2022-02-04T22:28:59.292963573Z"},"heartbeat-init-stdouterr-0.log":{"path":"heartbeat-init-stdouterr-0.log","md5":"63af77652f1010b54afe9a82ebd6e9c3","size":16430,"timeStamp":"2022-02-04T22:28:59.306581192Z"},"heartbeat-stderr-0.log":{"path":"heartbeat-stderr-0.log","md5":"934722c63d370a6b4f1742da1769f9a3","size":676,"timeStamp":"2022-02-04T22:28:59.276674987Z"},"heartbeat-stdout-0.log":{"path":"heartbeat-stdout-0.log","md5":"d41d8cd98f00b204e9800998ecf8427e","size":0,"timeStamp":"2022-02-04T22:28:59.306746546Z"},"heartbeat-stdouterr-0.log":{"path":"heartbeat-stdouterr-0.log","md5":"934722c63d370a6b4f1742da1769f9a3","size":676,"timeStamp":"2022-02-04T22:28:59.300649303Z"},"logging-stderr-0.log":{"path":"logging-stderr-0.log","md5":"69052aa958c5ade331c7ccc1d862c61a","size":12158,"timeStamp":"2022-02-04T22:28:59.309410753Z"},"logging-stdout-0.log":{"path":"logging-stdout-0.log","md5":"38aba068a5ed417ba90755e25eb44070","size":90,"timeStamp":"2022-02-04T22:28:59.316376531Z"},"logging-stdouterr-0.log":{"path":"logging-stdouterr-0.log","md5":"870b427becb4bcaee1a10ea4c80504c8","size":12248,"timeStamp":"2022-02-04T22:28:59.313513004Z"},"network-init-stderr-0.log":{"path":"network-init-stderr-0.log","md5":"d41d8cd98f00b204e9800998ecf8427e","size":0,"timeStamp":"2022-02-04T22:28:59.34639298Z"},"network-init-stdout-0.log":{"path":"network-init-stdout-0.log","md5":"d41d8cd98f00b204e9800998ecf8427e","size":0,"timeStamp":"2022-02-04T22:28:59.314085044Z"},"network-init-stdouterr-0.log":{"path":"network-init-stdouterr-0.log","md5":"d41d8cd98f00b204e9800998ecf8427e","size":0,"timeStamp":"2022-02-04T22:28:59.409805147Z"},"output0-stderr-0.log":{"path":"output0-stderr-0.log","md5":"f051a7c4a40d1ad7cfec8f6e53bdf015","size":5004,"timeStamp":"2022-02-04T22:28:59.345633173Z"},"output0-stdout-0.log":{"path":"output0-stdout-0.log","md5":"d41d8cd98f00b204e9800998ecf8427e","size":0,"timeStamp":"2022-02-04T22:28:59.347555832Z"},"output0-stdouterr-0.log":{"path":"output0-stdouterr-0.log","md5":"f051a7c4a40d1ad7cfec8f6e53bdf015","size":5004,"timeStamp":"2022-02-04T22:28:59.346222919Z"},"output1-stderr-0.log":{"path":"output1-stderr-0.log","md5":"b813441eeb271c8997e04fa9b6f01acc","size":1576,"timeStamp":"2022-02-04T22:28:59.353667491Z"},"output1-stdout-0.log":{"path":"output1-stdout-0.log","md5":"d41d8cd98f00b204e9800998ecf8427e","size":0,"timeStamp":"2022-02-04T22:28:59.348702986Z"},"output1-stdouterr-0.log":{"path":"output1-stdouterr-0.log","md5":"b813441eeb271c8997e04fa9b6f01acc","size":1576,"timeStamp":"2022-02-04T22:28:59.39280763Z"},"permission-init-stderr-0.log":{"path":"permission-init-stderr-0.log","md5":"d41d8cd98f00b204e9800998ecf8427e","size":0,"timeStamp":"2022-02-04T22:28:59.404967092Z"},"permission-init-stdout-0.log":{"path":"permission-init-stdout-0.log","md5":"c4b293e8a821858a0990cdb94987b2d5","size":2212,"timeStamp":"2022-02-04T22:28:59.365583749Z"},"permission-init-stdouterr-0.log":{"path":"permission-init-stdouterr-0.log","md5":"c4b293e8a821858a0990cdb94987b2d5","size":2212,"timeStamp":"2022-02-04T22:28:59.384070045Z"},"pod-0.log":{"path":"pod-0.log","md5":"bdfa805f6700053005f1e68c1adefbd2","size":56,"timeStamp":"2022-02-04T22:28:59.37385153Z"},"pod-metrics-0.log":{"path":"pod-metrics-0.log","md5":"f3f4f28240f6af86eff010cfb18c51a0","size":23083,"timeStamp":"2022-02-04T22:28:59.443119049Z"},"task-stderr-0.log":{"path":"task-stderr-0.log","md5":"b4d6e997589257cccda0527bbb4a8103","size":83,"timeStamp":"2022-02-04T22:28:59.381477304Z"},"task-stdout-0.log":{"path":"task-stdout-0.log","md5":"bc754af098ba83ff847251d349658645","size":27884,"timeStamp":"2022-02-04T22:28:59.432209077Z"},"task-stdouterr-0.log":{"path":"task-stdouterr-0.log","md5":"9ae34018e40766e7aa85621d8b01d3b7","size":27967,"timeStamp":"2022-02-04T22:28:59.386142538Z"},"tes-input-handler-init-container-stderr-0.log":{"path":"tes-input-handler-init-container-stderr-0.log","md5":"d41d8cd98f00b204e9800998ecf8427e","size":0,"timeStamp":"2022-02-04T22:28:59.396233025Z"},"tes-input-handler-init-container-stdout-0.log":{"path":"tes-input-handler-init-container-stdout-0.log","md5":"d41d8cd98f00b204e9800998ecf8427e","size":0,"timeStamp":"2022-02-04T22:28:59.447366687Z"},"tes-input-handler-init-container-stdouterr-0.log":{"path":"tes-input-handler-init-container-stdouterr-0.log","md5":"d41d8cd98f00b204e9800998ecf8427e","size":0,"timeStamp":"2022-02-04T22:28:59.408203183Z"}}