{"bsfs-stderr-0.log":{"path":"bsfs-stderr-0.log","md5":"d41d8cd98f00b204e9800998ecf8427e","size":0,"timeStamp":"2022-02-04T22:27:11.209168634Z"},"bsfs-stdout-0.log":{"path":"bsfs-stdout-0.log","md5":"ca297ead696ea0e00d330731fe321ecd","size":1795,"timeStamp":"2022-02-04T22:27:11.212192112Z"},"bsfs-stdouterr-0.log":{"path":"bsfs-stdouterr-0.log","md5":"ca297ead696ea0e00d330731fe321ecd","size":1795,"timeStamp":"2022-02-04T22:27:11.209223835Z"},"dragen-init-stderr-0.log":{"path":"dragen-init-stderr-0.log","md5":"f37957f6cdc32ef638effe4f5bff8a8a","size":161,"timeStamp":"2022-02-04T22:27:11.227621512Z"},"dragen-init-stdout-0.log":{"path":"dragen-init-stdout-0.log","md5":"6fc050b72ac2d3ddd08e5eaf40af6e36","size":320,"timeStamp":"2022-02-04T22:27:11.259624739Z"},"dragen-init-stdouterr-0.log":{"path":"dragen-init-stdouterr-0.log","md5":"7b0e88126b47506e4858fdd9872f822a","size":481,"timeStamp":"2022-02-04T22:27:11.205094908Z"},"heartbeat-init-stderr-0.log":{"path":"heartbeat-init-stderr-0.log","md5":"613ddb78ef2d6b1cd299c0eb4fd263be","size":16430,"timeStamp":"2022-02-04T22:27:11.254830118Z"},"heartbeat-init-stdout-0.log":{"path":"heartbeat-init-stdout-0.log","md5":"d41d8cd98f00b204e9800998ecf8427e","size":0,"timeStamp":"2022-02-04T22:27:11.221132662Z"},"heartbeat-init-stdouterr-0.log":{"path":"heartbeat-init-stdouterr-0.log","md5":"613ddb78ef2d6b1cd299c0eb4fd263be","size":16430,"timeStamp":"2022-02-04T22:27:11.204046374Z"},"heartbeat-stderr-0.log":{"path":"heartbeat-stderr-0.log","md5":"94a17d67858d819f0fb36673edfcc560","size":678,"timeStamp":"2022-02-04T22:27:11.249573427Z"},"heartbeat-stdout-0.log":{"path":"heartbeat-stdout-0.log","md5":"d41d8cd98f00b204e9800998ecf8427e","size":0,"timeStamp":"2022-02-04T22:27:11.332065864Z"},"heartbeat-stdouterr-0.log":{"path":"heartbeat-stdouterr-0.log","md5":"94a17d67858d819f0fb36673edfcc560","size":678,"timeStamp":"2022-02-04T22:27:11.263181741Z"},"logging-stderr-0.log":{"path":"logging-stderr-0.log","md5":"a92514e774c384f6d4444c4ea8aa2e00","size":12158,"timeStamp":"2022-02-04T22:27:11.24700612Z"},"logging-stdout-0.log":{"path":"logging-stdout-0.log","md5":"38aba068a5ed417ba90755e25eb44070","size":90,"timeStamp":"2022-02-04T22:27:11.250660801Z"},"logging-stdouterr-0.log":{"path":"logging-stdouterr-0.log","md5":"2b99bccd805ae8fe6b5da9ba7503b414","size":12248,"timeStamp":"2022-02-04T22:27:11.262804946Z"},"network-init-stderr-0.log":{"path":"network-init-stderr-0.log","md5":"d41d8cd98f00b204e9800998ecf8427e","size":0,"timeStamp":"2022-02-04T22:27:11.250278475Z"},"network-init-stdout-0.log":{"path":"network-init-stdout-0.log","md5":"d41d8cd98f00b204e9800998ecf8427e","size":0,"timeStamp":"2022-02-04T22:27:11.276840051Z"},"network-init-stdouterr-0.log":{"path":"network-init-stdouterr-0.log","md5":"d41d8cd98f00b204e9800998ecf8427e","size":0,"timeStamp":"2022-02-04T22:27:11.313944774Z"},"output0-stderr-0.log":{"path":"output0-stderr-0.log","md5":"2f7c6a4fefadaaba342138301b0674f1","size":5009,"timeStamp":"2022-02-04T22:27:11.28966688Z"},"output0-stdout-0.log":{"path":"output0-stdout-0.log","md5":"d41d8cd98f00b204e9800998ecf8427e","size":0,"timeStamp":"2022-02-04T22:27:11.336082827Z"},"output0-stdouterr-0.log":{"path":"output0-stdouterr-0.log","md5":"2f7c6a4fefadaaba342138301b0674f1","size":5009,"timeStamp":"2022-02-04T22:27:11.281652703Z"},"output1-stderr-0.log":{"path":"output1-stderr-0.log","md5":"0f5af6d2fc4d92650eac102acbcb935e","size":1577,"timeStamp":"2022-02-04T22:27:11.284622978Z"},"output1-stdout-0.log":{"path":"output1-stdout-0.log","md5":"d41d8cd98f00b204e9800998ecf8427e","size":0,"timeStamp":"2022-02-04T22:27:11.296732493Z"},"output1-stdouterr-0.log":{"path":"output1-stdouterr-0.log","md5":"0f5af6d2fc4d92650eac102acbcb935e","size":1577,"timeStamp":"2022-02-04T22:27:11.299978008Z"},"permission-init-stderr-0.log":{"path":"permission-init-stderr-0.log","md5":"d41d8cd98f00b204e9800998ecf8427e","size":0,"timeStamp":"2022-02-04T22:27:11.293013968Z"},"permission-init-stdout-0.log":{"path":"permission-init-stdout-0.log","md5":"7d866e8e963d2e855657b0924382cb45","size":2212,"timeStamp":"2022-02-04T22:27:11.304679773Z"},"permission-init-stdouterr-0.log":{"path":"permission-init-stdouterr-0.log","md5":"7d866e8e963d2e855657b0924382cb45","size":2212,"timeStamp":"2022-02-04T22:27:11.310162512Z"},"pod-0.log":{"path":"pod-0.log","md5":"630f8e463a478a198c507b5c8cc8d862","size":56,"timeStamp":"2022-02-04T22:27:11.312540052Z"},"pod-metrics-0.log":{"path":"pod-metrics-0.log","md5":"645b1c4800a1cea5b3f3c934510bba9c","size":22839,"timeStamp":"2022-02-04T22:27:11.335663268Z"},"task-stderr-0.log":{"path":"task-stderr-0.log","md5":"b4d6e997589257cccda0527bbb4a8103","size":83,"timeStamp":"2022-02-04T22:27:11.327935473Z"},"task-stdout-0.log":{"path":"task-stdout-0.log","md5":"e5a5d15c6c26585cf0eb6236f58cff6c","size":27883,"timeStamp":"2022-02-04T22:27:11.326240625Z"},"task-stdouterr-0.log":{"path":"task-stdouterr-0.log","md5":"f9422b4aae890cffb370750a09b68e4d","size":27966,"timeStamp":"2022-02-04T22:27:11.335131314Z"},"tes-input-handler-init-container-stderr-0.log":{"path":"tes-input-handler-init-container-stderr-0.log","md5":"d41d8cd98f00b204e9800998ecf8427e","size":0,"timeStamp":"2022-02-04T22:27:11.363985184Z"},"tes-input-handler-init-container-stdout-0.log":{"path":"tes-input-handler-init-container-stdout-0.log","md5":"d41d8cd98f00b204e9800998ecf8427e","size":0,"timeStamp":"2022-02-04T22:27:11.356460353Z"},"tes-input-handler-init-container-stdouterr-0.log":{"path":"tes-input-handler-init-container-stdouterr-0.log","md5":"d41d8cd98f00b204e9800998ecf8427e","size":0,"timeStamp":"2022-02-04T22:27:11.339983022Z"}}