{"bsfs-stderr-0.log":{"path":"bsfs-stderr-0.log","md5":"d41d8cd98f00b204e9800998ecf8427e","size":0,"timeStamp":"2022-02-04T22:28:05.323563Z"},"bsfs-stdout-0.log":{"path":"bsfs-stdout-0.log","md5":"ef041d2b010c4a5a86867b8b0935b0a7","size":1796,"timeStamp":"2022-02-04T22:28:05.354284148Z"},"bsfs-stdouterr-0.log":{"path":"bsfs-stdouterr-0.log","md5":"ef041d2b010c4a5a86867b8b0935b0a7","size":1796,"timeStamp":"2022-02-04T22:28:05.343894062Z"},"dragen-init-stderr-0.log":{"path":"dragen-init-stderr-0.log","md5":"f37957f6cdc32ef638effe4f5bff8a8a","size":161,"timeStamp":"2022-02-04T22:28:05.347639353Z"},"dragen-init-stdout-0.log":{"path":"dragen-init-stdout-0.log","md5":"9244add434130fde47f53cf79b0a61ca","size":322,"timeStamp":"2022-02-04T22:28:05.323652609Z"},"dragen-init-stdouterr-0.log":{"path":"dragen-init-stdouterr-0.log","md5":"845547e10083085ef4cbdf2aef223832","size":483,"timeStamp":"2022-02-04T22:28:05.362989851Z"},"heartbeat-init-stderr-0.log":{"path":"heartbeat-init-stderr-0.log","md5":"82337bf90a6bb0bcb72ad3df824c55e9","size":16430,"timeStamp":"2022-02-04T22:28:05.379110103Z"},"heartbeat-init-stdout-0.log":{"path":"heartbeat-init-stdout-0.log","md5":"d41d8cd98f00b204e9800998ecf8427e","size":0,"timeStamp":"2022-02-04T22:28:05.324675562Z"},"heartbeat-init-stdouterr-0.log":{"path":"heartbeat-init-stdouterr-0.log","md5":"82337bf90a6bb0bcb72ad3df824c55e9","size":16430,"timeStamp":"2022-02-04T22:28:05.328368212Z"},"heartbeat-stderr-0.log":{"path":"heartbeat-stderr-0.log","md5":"94589052ed6b94e185a5b7003a4a133f","size":677,"timeStamp":"2022-02-04T22:28:05.328418146Z"},"heartbeat-stdout-0.log":{"path":"heartbeat-stdout-0.log","md5":"d41d8cd98f00b204e9800998ecf8427e","size":0,"timeStamp":"2022-02-04T22:28:05.38001811Z"},"heartbeat-stdouterr-0.log":{"path":"heartbeat-stdouterr-0.log","md5":"94589052ed6b94e185a5b7003a4a133f","size":677,"timeStamp":"2022-02-04T22:28:05.353233534Z"},"logging-stderr-0.log":{"path":"logging-stderr-0.log","md5":"be8f33d3cb57a70bc3c7edc2be71a23f","size":12159,"timeStamp":"2022-02-04T22:28:05.410635256Z"},"logging-stdout-0.log":{"path":"logging-stdout-0.log","md5":"38aba068a5ed417ba90755e25eb44070","size":90,"timeStamp":"2022-02-04T22:28:05.370379032Z"},"logging-stdouterr-0.log":{"path":"logging-stdouterr-0.log","md5":"5fb8bd9067de31afeb091a0b358b473c","size":12249,"timeStamp":"2022-02-04T22:28:05.375710995Z"},"network-init-stderr-0.log":{"path":"network-init-stderr-0.log","md5":"d41d8cd98f00b204e9800998ecf8427e","size":0,"timeStamp":"2022-02-04T22:28:05.372077564Z"},"network-init-stdout-0.log":{"path":"network-init-stdout-0.log","md5":"d41d8cd98f00b204e9800998ecf8427e","size":0,"timeStamp":"2022-02-04T22:28:05.387675318Z"},"network-init-stdouterr-0.log":{"path":"network-init-stdouterr-0.log","md5":"d41d8cd98f00b204e9800998ecf8427e","size":0,"timeStamp":"2022-02-04T22:28:05.379731404Z"},"output0-stderr-0.log":{"path":"output0-stderr-0.log","md5":"12f0bb9cfba9a10490bec0d6e334162a","size":5004,"timeStamp":"2022-02-04T22:28:05.393698053Z"},"output0-stdout-0.log":{"path":"output0-stdout-0.log","md5":"d41d8cd98f00b204e9800998ecf8427e","size":0,"timeStamp":"2022-02-04T22:28:05.429430917Z"},"output0-stdouterr-0.log":{"path":"output0-stdouterr-0.log","md5":"12f0bb9cfba9a10490bec0d6e334162a","size":5004,"timeStamp":"2022-02-04T22:28:05.400727424Z"},"output1-stderr-0.log":{"path":"output1-stderr-0.log","md5":"69f7679354d084d4e9cf750d9777b261","size":1576,"timeStamp":"2022-02-04T22:28:05.400019374Z"},"output1-stdout-0.log":{"path":"output1-stdout-0.log","md5":"d41d8cd98f00b204e9800998ecf8427e","size":0,"timeStamp":"2022-02-04T22:28:05.414039471Z"},"output1-stdouterr-0.log":{"path":"output1-stdouterr-0.log","md5":"69f7679354d084d4e9cf750d9777b261","size":1576,"timeStamp":"2022-02-04T22:28:05.406684087Z"},"permission-init-stderr-0.log":{"path":"permission-init-stderr-0.log","md5":"d41d8cd98f00b204e9800998ecf8427e","size":0,"timeStamp":"2022-02-04T22:28:05.406150101Z"},"permission-init-stdout-0.log":{"path":"permission-init-stdout-0.log","md5":"e948905b0a1d5ba98bfe805bfea80377","size":2212,"timeStamp":"2022-02-04T22:28:05.416983475Z"},"permission-init-stdouterr-0.log":{"path":"permission-init-stdouterr-0.log","md5":"e948905b0a1d5ba98bfe805bfea80377","size":2212,"timeStamp":"2022-02-04T22:28:05.475317388Z"},"pod-0.log":{"path":"pod-0.log","md5":"906a3e8aacfd5b6b6604e78b58e65cd7","size":56,"timeStamp":"2022-02-04T22:28:05.429646785Z"},"pod-metrics-0.log":{"path":"pod-metrics-0.log","md5":"cb76fc932bfafe016db9083fc63d3968","size":23015,"timeStamp":"2022-02-04T22:28:05.43403068Z"},"task-stderr-0.log":{"path":"task-stderr-0.log","md5":"b4d6e997589257cccda0527bbb4a8103","size":83,"timeStamp":"2022-02-04T22:28:05.426549073Z"},"task-stdout-0.log":{"path":"task-stdout-0.log","md5":"bf9d4200a55639ea01edc991fb8c47ca","size":27882,"timeStamp":"2022-02-04T22:28:05.48590387Z"},"task-stdouterr-0.log":{"path":"task-stdouterr-0.log","md5":"e0c3a34198d5ccdd59a6bed022e87001","size":27965,"timeStamp":"2022-02-04T22:28:05.435570286Z"},"tes-input-handler-init-container-stderr-0.log":{"path":"tes-input-handler-init-container-stderr-0.log","md5":"d41d8cd98f00b204e9800998ecf8427e","size":0,"timeStamp":"2022-02-04T22:28:05.440230847Z"},"tes-input-handler-init-container-stdout-0.log":{"path":"tes-input-handler-init-container-stdout-0.log","md5":"d41d8cd98f00b204e9800998ecf8427e","size":0,"timeStamp":"2022-02-04T22:28:05.442655529Z"},"tes-input-handler-init-container-stdouterr-0.log":{"path":"tes-input-handler-init-container-stdouterr-0.log","md5":"d41d8cd98f00b204e9800998ecf8427e","size":0,"timeStamp":"2022-02-04T22:28:05.445858773Z"}}