{"bsfs-stderr-0.log":{"path":"bsfs-stderr-0.log","md5":"d41d8cd98f00b204e9800998ecf8427e","size":0,"timeStamp":"2022-02-04T22:26:49.339814731Z"},"bsfs-stdout-0.log":{"path":"bsfs-stdout-0.log","md5":"fe92909addb726bcec734cedb6b02165","size":1796,"timeStamp":"2022-02-04T22:26:49.370210804Z"},"bsfs-stdouterr-0.log":{"path":"bsfs-stdouterr-0.log","md5":"fe92909addb726bcec734cedb6b02165","size":1796,"timeStamp":"2022-02-04T22:26:49.338232719Z"},"dragen-init-stderr-0.log":{"path":"dragen-init-stderr-0.log","md5":"f37957f6cdc32ef638effe4f5bff8a8a","size":161,"timeStamp":"2022-02-04T22:26:49.412689925Z"},"dragen-init-stdout-0.log":{"path":"dragen-init-stdout-0.log","md5":"0a1761ce485370cf56d36fd90f6a9e22","size":321,"timeStamp":"2022-02-04T22:26:49.381474261Z"},"dragen-init-stdouterr-0.log":{"path":"dragen-init-stdouterr-0.log","md5":"efd74b8ae847de661c79490026dee5b8","size":482,"timeStamp":"2022-02-04T22:26:49.334959505Z"},"heartbeat-init-stderr-0.log":{"path":"heartbeat-init-stderr-0.log","md5":"651fc39b277191e25eec1b5184075227","size":16430,"timeStamp":"2022-02-04T22:26:49.333207999Z"},"heartbeat-init-stdout-0.log":{"path":"heartbeat-init-stdout-0.log","md5":"d41d8cd98f00b204e9800998ecf8427e","size":0,"timeStamp":"2022-02-04T22:26:49.332565964Z"},"heartbeat-init-stdouterr-0.log":{"path":"heartbeat-init-stdouterr-0.log","md5":"651fc39b277191e25eec1b5184075227","size":16430,"timeStamp":"2022-02-04T22:26:49.351296167Z"},"heartbeat-stderr-0.log":{"path":"heartbeat-stderr-0.log","md5":"d2786ba1e8e5d539b80088058fced565","size":677,"timeStamp":"2022-02-04T22:26:49.347811127Z"},"heartbeat-stdout-0.log":{"path":"heartbeat-stdout-0.log","md5":"d41d8cd98f00b204e9800998ecf8427e","size":0,"timeStamp":"2022-02-04T22:26:49.360098964Z"},"heartbeat-stdouterr-0.log":{"path":"heartbeat-stdouterr-0.log","md5":"d2786ba1e8e5d539b80088058fced565","size":677,"timeStamp":"2022-02-04T22:26:49.358362475Z"},"logging-stderr-0.log":{"path":"logging-stderr-0.log","md5":"5dd175dd3b8f8e31000de800e139af00","size":12158,"timeStamp":"2022-02-04T22:26:49.366966302Z"},"logging-stdout-0.log":{"path":"logging-stdout-0.log","md5":"38aba068a5ed417ba90755e25eb44070","size":90,"timeStamp":"2022-02-04T22:26:49.363666761Z"},"logging-stdouterr-0.log":{"path":"logging-stdouterr-0.log","md5":"3e2cf8fe98f0b8e5ebd4ebe5dac24cb6","size":12248,"timeStamp":"2022-02-04T22:26:49.378867933Z"},"network-init-stderr-0.log":{"path":"network-init-stderr-0.log","md5":"d41d8cd98f00b204e9800998ecf8427e","size":0,"timeStamp":"2022-02-04T22:26:49.393075596Z"},"network-init-stdout-0.log":{"path":"network-init-stdout-0.log","md5":"d41d8cd98f00b204e9800998ecf8427e","size":0,"timeStamp":"2022-02-04T22:26:49.382366784Z"},"network-init-stdouterr-0.log":{"path":"network-init-stdouterr-0.log","md5":"d41d8cd98f00b204e9800998ecf8427e","size":0,"timeStamp":"2022-02-04T22:26:49.388385348Z"},"output0-stderr-0.log":{"path":"output0-stderr-0.log","md5":"abb32befe6292f29ecd90f0b0b75034e","size":5005,"timeStamp":"2022-02-04T22:26:49.387293745Z"},"output0-stdout-0.log":{"path":"output0-stdout-0.log","md5":"d41d8cd98f00b204e9800998ecf8427e","size":0,"timeStamp":"2022-02-04T22:26:49.393701647Z"},"output0-stdouterr-0.log":{"path":"output0-stdouterr-0.log","md5":"abb32befe6292f29ecd90f0b0b75034e","size":5005,"timeStamp":"2022-02-04T22:26:49.412095349Z"},"output1-stderr-0.log":{"path":"output1-stderr-0.log","md5":"a360afc6c1c866f8407c70cfb66c1455","size":1577,"timeStamp":"2022-02-04T22:26:49.42159869Z"},"output1-stdout-0.log":{"path":"output1-stdout-0.log","md5":"d41d8cd98f00b204e9800998ecf8427e","size":0,"timeStamp":"2022-02-04T22:26:49.404754116Z"},"output1-stdouterr-0.log":{"path":"output1-stdouterr-0.log","md5":"a360afc6c1c866f8407c70cfb66c1455","size":1577,"timeStamp":"2022-02-04T22:26:49.428637806Z"},"permission-init-stderr-0.log":{"path":"permission-init-stderr-0.log","md5":"d41d8cd98f00b204e9800998ecf8427e","size":0,"timeStamp":"2022-02-04T22:26:49.415988102Z"},"permission-init-stdout-0.log":{"path":"permission-init-stdout-0.log","md5":"eeaf5824d118fa236f9e9c9c7b4e6a94","size":2212,"timeStamp":"2022-02-04T22:26:49.41356892Z"},"permission-init-stdouterr-0.log":{"path":"permission-init-stdouterr-0.log","md5":"eeaf5824d118fa236f9e9c9c7b4e6a94","size":2212,"timeStamp":"2022-02-04T22:26:49.43642181Z"},"pod-0.log":{"path":"pod-0.log","md5":"164129b42dfbab766d4cc62a0fe1f0ff","size":56,"timeStamp":"2022-02-04T22:26:49.427524133Z"},"pod-metrics-0.log":{"path":"pod-metrics-0.log","md5":"ea5302db021d1dffb77d78c27df7183a","size":23105,"timeStamp":"2022-02-04T22:26:49.424535804Z"},"task-stderr-0.log":{"path":"task-stderr-0.log","md5":"b4d6e997589257cccda0527bbb4a8103","size":83,"timeStamp":"2022-02-04T22:26:49.453751435Z"},"task-stdout-0.log":{"path":"task-stdout-0.log","md5":"674929c4840017ca8f380265f187c9dd","size":27729,"timeStamp":"2022-02-04T22:26:49.472832853Z"},"task-stdouterr-0.log":{"path":"task-stdouterr-0.log","md5":"6b5efa0ff35c6f37f243cff786bfbf82","size":27812,"timeStamp":"2022-02-04T22:26:49.454438164Z"},"tes-input-handler-init-container-stderr-0.log":{"path":"tes-input-handler-init-container-stderr-0.log","md5":"d41d8cd98f00b204e9800998ecf8427e","size":0,"timeStamp":"2022-02-04T22:26:49.443056345Z"},"tes-input-handler-init-container-stdout-0.log":{"path":"tes-input-handler-init-container-stdout-0.log","md5":"d41d8cd98f00b204e9800998ecf8427e","size":0,"timeStamp":"2022-02-04T22:26:49.449019593Z"},"tes-input-handler-init-container-stdouterr-0.log":{"path":"tes-input-handler-init-container-stdouterr-0.log","md5":"d41d8cd98f00b204e9800998ecf8427e","size":0,"timeStamp":"2022-02-04T22:26:49.456481765Z"}}