{"bsfs-stderr-0.log":{"path":"bsfs-stderr-0.log","md5":"d41d8cd98f00b204e9800998ecf8427e","size":0,"timeStamp":"2022-02-04T22:27:02.179594884Z"},"bsfs-stdout-0.log":{"path":"bsfs-stdout-0.log","md5":"72b2215f367586f6af772050839ddfb0","size":1796,"timeStamp":"2022-02-04T22:27:02.16402867Z"},"bsfs-stdouterr-0.log":{"path":"bsfs-stdouterr-0.log","md5":"72b2215f367586f6af772050839ddfb0","size":1796,"timeStamp":"2022-02-04T22:27:02.162128725Z"},"dragen-init-stderr-0.log":{"path":"dragen-init-stderr-0.log","md5":"f37957f6cdc32ef638effe4f5bff8a8a","size":161,"timeStamp":"2022-02-04T22:27:02.156907165Z"},"dragen-init-stdout-0.log":{"path":"dragen-init-stdout-0.log","md5":"9244add434130fde47f53cf79b0a61ca","size":322,"timeStamp":"2022-02-04T22:27:02.261498349Z"},"dragen-init-stdouterr-0.log":{"path":"dragen-init-stdouterr-0.log","md5":"69f871a45d65a206b5801ed038c2a1c8","size":483,"timeStamp":"2022-02-04T22:27:02.16543245Z"},"heartbeat-init-stderr-0.log":{"path":"heartbeat-init-stderr-0.log","md5":"4f57f95325d977bd9f2a2a3fc7e97021","size":16430,"timeStamp":"2022-02-04T22:27:02.236629329Z"},"heartbeat-init-stdout-0.log":{"path":"heartbeat-init-stdout-0.log","md5":"d41d8cd98f00b204e9800998ecf8427e","size":0,"timeStamp":"2022-02-04T22:27:02.160819328Z"},"heartbeat-init-stdouterr-0.log":{"path":"heartbeat-init-stdouterr-0.log","md5":"4f57f95325d977bd9f2a2a3fc7e97021","size":16430,"timeStamp":"2022-02-04T22:27:02.162961136Z"},"heartbeat-stderr-0.log":{"path":"heartbeat-stderr-0.log","md5":"e765a8fa1d4ee4a7393b24179a424ebd","size":677,"timeStamp":"2022-02-04T22:27:02.181554553Z"},"heartbeat-stdout-0.log":{"path":"heartbeat-stdout-0.log","md5":"d41d8cd98f00b204e9800998ecf8427e","size":0,"timeStamp":"2022-02-04T22:27:02.194603581Z"},"heartbeat-stdouterr-0.log":{"path":"heartbeat-stdouterr-0.log","md5":"e765a8fa1d4ee4a7393b24179a424ebd","size":677,"timeStamp":"2022-02-04T22:27:02.190054267Z"},"logging-stderr-0.log":{"path":"logging-stderr-0.log","md5":"8c6797ac27abc86b8ff6b94972e87a37","size":12158,"timeStamp":"2022-02-04T22:27:02.194269484Z"},"logging-stdout-0.log":{"path":"logging-stdout-0.log","md5":"38aba068a5ed417ba90755e25eb44070","size":90,"timeStamp":"2022-02-04T22:27:02.264134218Z"},"logging-stdouterr-0.log":{"path":"logging-stdouterr-0.log","md5":"eec6debeef7b8042d39a46d913ea060e","size":12248,"timeStamp":"2022-02-04T22:27:02.200461052Z"},"network-init-stderr-0.log":{"path":"network-init-stderr-0.log","md5":"d41d8cd98f00b204e9800998ecf8427e","size":0,"timeStamp":"2022-02-04T22:27:02.205838584Z"},"network-init-stdout-0.log":{"path":"network-init-stdout-0.log","md5":"d41d8cd98f00b204e9800998ecf8427e","size":0,"timeStamp":"2022-02-04T22:27:02.211983848Z"},"network-init-stdouterr-0.log":{"path":"network-init-stdouterr-0.log","md5":"d41d8cd98f00b204e9800998ecf8427e","size":0,"timeStamp":"2022-02-04T22:27:02.207447805Z"},"output0-stderr-0.log":{"path":"output0-stderr-0.log","md5":"72acb0deb19717cbc599f25b18091644","size":5002,"timeStamp":"2022-02-04T22:27:02.21587287Z"},"output0-stdout-0.log":{"path":"output0-stdout-0.log","md5":"d41d8cd98f00b204e9800998ecf8427e","size":0,"timeStamp":"2022-02-04T22:27:02.265464738Z"},"output0-stdouterr-0.log":{"path":"output0-stdouterr-0.log","md5":"72acb0deb19717cbc599f25b18091644","size":5002,"timeStamp":"2022-02-04T22:27:02.225112761Z"},"output1-stderr-0.log":{"path":"output1-stderr-0.log","md5":"4cd02bf01b121c2fd679cc720e644dbf","size":1576,"timeStamp":"2022-02-04T22:27:02.227935526Z"},"output1-stdout-0.log":{"path":"output1-stdout-0.log","md5":"d41d8cd98f00b204e9800998ecf8427e","size":0,"timeStamp":"2022-02-04T22:27:02.235179848Z"},"output1-stdouterr-0.log":{"path":"output1-stdouterr-0.log","md5":"4cd02bf01b121c2fd679cc720e644dbf","size":1576,"timeStamp":"2022-02-04T22:27:02.235094869Z"},"permission-init-stderr-0.log":{"path":"permission-init-stderr-0.log","md5":"d41d8cd98f00b204e9800998ecf8427e","size":0,"timeStamp":"2022-02-04T22:27:02.244822948Z"},"permission-init-stdout-0.log":{"path":"permission-init-stdout-0.log","md5":"a4d4e68f63c89006bc0c9e22b76a83a2","size":2212,"timeStamp":"2022-02-04T22:27:02.248952589Z"},"permission-init-stdouterr-0.log":{"path":"permission-init-stdouterr-0.log","md5":"a4d4e68f63c89006bc0c9e22b76a83a2","size":2212,"timeStamp":"2022-02-04T22:27:02.25140998Z"},"pod-0.log":{"path":"pod-0.log","md5":"605e038d42a611f9ab39424ef172f8a7","size":56,"timeStamp":"2022-02-04T22:27:02.253355202Z"},"pod-metrics-0.log":{"path":"pod-metrics-0.log","md5":"80b42c0a7e0d9cafb90b54e2991b4907","size":23009,"timeStamp":"2022-02-04T22:27:02.329944986Z"},"task-stderr-0.log":{"path":"task-stderr-0.log","md5":"b4d6e997589257cccda0527bbb4a8103","size":83,"timeStamp":"2022-02-04T22:27:02.263842337Z"},"task-stdout-0.log":{"path":"task-stdout-0.log","md5":"ed51e6cd42463a4cce6c79a842d6cabe","size":27883,"timeStamp":"2022-02-04T22:27:02.275204757Z"},"task-stdouterr-0.log":{"path":"task-stdouterr-0.log","md5":"7a00ebdfc419d114c394726784aa6a31","size":27966,"timeStamp":"2022-02-04T22:27:02.26895053Z"},"tes-input-handler-init-container-stderr-0.log":{"path":"tes-input-handler-init-container-stderr-0.log","md5":"d41d8cd98f00b204e9800998ecf8427e","size":0,"timeStamp":"2022-02-04T22:27:02.275418961Z"},"tes-input-handler-init-container-stdout-0.log":{"path":"tes-input-handler-init-container-stdout-0.log","md5":"d41d8cd98f00b204e9800998ecf8427e","size":0,"timeStamp":"2022-02-04T22:27:02.276190855Z"},"tes-input-handler-init-container-stdouterr-0.log":{"path":"tes-input-handler-init-container-stdouterr-0.log","md5":"d41d8cd98f00b204e9800998ecf8427e","size":0,"timeStamp":"2022-02-04T22:27:02.283398884Z"}}