{"bsfs-stderr-0.log":{"path":"bsfs-stderr-0.log","md5":"d41d8cd98f00b204e9800998ecf8427e","size":0,"timeStamp":"2022-02-04T22:26:52.372505178Z"},"bsfs-stdout-0.log":{"path":"bsfs-stdout-0.log","md5":"135c822a0aa5ac3d895a2ef138995ff6","size":1796,"timeStamp":"2022-02-04T22:26:52.379850761Z"},"bsfs-stdouterr-0.log":{"path":"bsfs-stdouterr-0.log","md5":"135c822a0aa5ac3d895a2ef138995ff6","size":1796,"timeStamp":"2022-02-04T22:26:52.377464948Z"},"dragen-init-stderr-0.log":{"path":"dragen-init-stderr-0.log","md5":"f37957f6cdc32ef638effe4f5bff8a8a","size":161,"timeStamp":"2022-02-04T22:26:52.3965369Z"},"dragen-init-stdout-0.log":{"path":"dragen-init-stdout-0.log","md5":"9244add434130fde47f53cf79b0a61ca","size":322,"timeStamp":"2022-02-04T22:26:52.349166477Z"},"dragen-init-stdouterr-0.log":{"path":"dragen-init-stdouterr-0.log","md5":"18f27bd59cd350ed0c21e81c03c54a9f","size":483,"timeStamp":"2022-02-04T22:26:52.372544311Z"},"heartbeat-init-stderr-0.log":{"path":"heartbeat-init-stderr-0.log","md5":"fc44cf7895eaed61a0be758bec9c7646","size":16430,"timeStamp":"2022-02-04T22:26:52.38813117Z"},"heartbeat-init-stdout-0.log":{"path":"heartbeat-init-stdout-0.log","md5":"d41d8cd98f00b204e9800998ecf8427e","size":0,"timeStamp":"2022-02-04T22:26:52.360306706Z"},"heartbeat-init-stdouterr-0.log":{"path":"heartbeat-init-stdouterr-0.log","md5":"fc44cf7895eaed61a0be758bec9c7646","size":16430,"timeStamp":"2022-02-04T22:26:52.342880636Z"},"heartbeat-stderr-0.log":{"path":"heartbeat-stderr-0.log","md5":"58751406640409a84b9bd9071f2732ad","size":677,"timeStamp":"2022-02-04T22:26:52.346014034Z"},"heartbeat-stdout-0.log":{"path":"heartbeat-stdout-0.log","md5":"d41d8cd98f00b204e9800998ecf8427e","size":0,"timeStamp":"2022-02-04T22:26:52.377846205Z"},"heartbeat-stdouterr-0.log":{"path":"heartbeat-stdouterr-0.log","md5":"58751406640409a84b9bd9071f2732ad","size":677,"timeStamp":"2022-02-04T22:26:52.373949272Z"},"logging-stderr-0.log":{"path":"logging-stderr-0.log","md5":"aa7745617c9d775c11e702d3c4b685c4","size":12158,"timeStamp":"2022-02-04T22:26:52.375897715Z"},"logging-stdout-0.log":{"path":"logging-stdout-0.log","md5":"38aba068a5ed417ba90755e25eb44070","size":90,"timeStamp":"2022-02-04T22:26:52.39326538Z"},"logging-stdouterr-0.log":{"path":"logging-stdouterr-0.log","md5":"3f5569bc93e68aa301a97c0a90e32e44","size":12248,"timeStamp":"2022-02-04T22:26:52.425242984Z"},"network-init-stderr-0.log":{"path":"network-init-stderr-0.log","md5":"d41d8cd98f00b204e9800998ecf8427e","size":0,"timeStamp":"2022-02-04T22:26:52.41013461Z"},"network-init-stdout-0.log":{"path":"network-init-stdout-0.log","md5":"d41d8cd98f00b204e9800998ecf8427e","size":0,"timeStamp":"2022-02-04T22:26:52.409397926Z"},"network-init-stdouterr-0.log":{"path":"network-init-stdouterr-0.log","md5":"d41d8cd98f00b204e9800998ecf8427e","size":0,"timeStamp":"2022-02-04T22:26:52.409487555Z"},"output0-stderr-0.log":{"path":"output0-stderr-0.log","md5":"86f730d8a659f5b86d0d3443c13d303b","size":5001,"timeStamp":"2022-02-04T22:26:52.417102247Z"},"output0-stdout-0.log":{"path":"output0-stdout-0.log","md5":"d41d8cd98f00b204e9800998ecf8427e","size":0,"timeStamp":"2022-02-04T22:26:52.408331218Z"},"output0-stdouterr-0.log":{"path":"output0-stdouterr-0.log","md5":"86f730d8a659f5b86d0d3443c13d303b","size":5001,"timeStamp":"2022-02-04T22:26:52.457447352Z"},"output1-stderr-0.log":{"path":"output1-stderr-0.log","md5":"34d9b14e69b750678ee86b6f5230e03d","size":1576,"timeStamp":"2022-02-04T22:26:52.44582166Z"},"output1-stdout-0.log":{"path":"output1-stdout-0.log","md5":"d41d8cd98f00b204e9800998ecf8427e","size":0,"timeStamp":"2022-02-04T22:26:52.423789123Z"},"output1-stdouterr-0.log":{"path":"output1-stdouterr-0.log","md5":"34d9b14e69b750678ee86b6f5230e03d","size":1576,"timeStamp":"2022-02-04T22:26:52.430322361Z"},"permission-init-stderr-0.log":{"path":"permission-init-stderr-0.log","md5":"d41d8cd98f00b204e9800998ecf8427e","size":0,"timeStamp":"2022-02-04T22:26:52.446314568Z"},"permission-init-stdout-0.log":{"path":"permission-init-stdout-0.log","md5":"8e6866112281a0b452918d7bf0878c5e","size":2212,"timeStamp":"2022-02-04T22:26:52.500268705Z"},"permission-init-stdouterr-0.log":{"path":"permission-init-stdouterr-0.log","md5":"8e6866112281a0b452918d7bf0878c5e","size":2212,"timeStamp":"2022-02-04T22:26:52.438578447Z"},"pod-0.log":{"path":"pod-0.log","md5":"33f6723407c7700834918b9b52e653bb","size":56,"timeStamp":"2022-02-04T22:26:52.534745968Z"},"pod-metrics-0.log":{"path":"pod-metrics-0.log","md5":"af25e863439724fd5a53678eab6b1bbb","size":23092,"timeStamp":"2022-02-04T22:26:52.442076537Z"},"task-stderr-0.log":{"path":"task-stderr-0.log","md5":"b4d6e997589257cccda0527bbb4a8103","size":83,"timeStamp":"2022-02-04T22:26:52.455600988Z"},"task-stdout-0.log":{"path":"task-stdout-0.log","md5":"323278a4b0b125ab286a8a27558dac7d","size":27883,"timeStamp":"2022-02-04T22:26:52.461966606Z"},"task-stdouterr-0.log":{"path":"task-stdouterr-0.log","md5":"72e86724590c2329aaec0faee02a426f","size":27966,"timeStamp":"2022-02-04T22:26:52.465118468Z"},"tes-input-handler-init-container-stderr-0.log":{"path":"tes-input-handler-init-container-stderr-0.log","md5":"d41d8cd98f00b204e9800998ecf8427e","size":0,"timeStamp":"2022-02-04T22:26:52.494017938Z"},"tes-input-handler-init-container-stdout-0.log":{"path":"tes-input-handler-init-container-stdout-0.log","md5":"d41d8cd98f00b204e9800998ecf8427e","size":0,"timeStamp":"2022-02-04T22:26:52.468151608Z"},"tes-input-handler-init-container-stdouterr-0.log":{"path":"tes-input-handler-init-container-stdouterr-0.log","md5":"d41d8cd98f00b204e9800998ecf8427e","size":0,"timeStamp":"2022-02-04T22:26:52.4719991Z"}}