{"bsfs-stderr-0.log":{"path":"bsfs-stderr-0.log","md5":"d41d8cd98f00b204e9800998ecf8427e","size":0,"timeStamp":"2022-02-04T22:29:32.490226748Z"},"bsfs-stdout-0.log":{"path":"bsfs-stdout-0.log","md5":"695f1f7989e2616a10faa43ed6672200","size":1795,"timeStamp":"2022-02-04T22:29:32.513114498Z"},"bsfs-stdouterr-0.log":{"path":"bsfs-stdouterr-0.log","md5":"695f1f7989e2616a10faa43ed6672200","size":1795,"timeStamp":"2022-02-04T22:29:32.497038409Z"},"dragen-init-stderr-0.log":{"path":"dragen-init-stderr-0.log","md5":"f37957f6cdc32ef638effe4f5bff8a8a","size":161,"timeStamp":"2022-02-04T22:29:32.499973405Z"},"dragen-init-stdout-0.log":{"path":"dragen-init-stdout-0.log","md5":"9244add434130fde47f53cf79b0a61ca","size":322,"timeStamp":"2022-02-04T22:29:32.495877408Z"},"dragen-init-stdouterr-0.log":{"path":"dragen-init-stdouterr-0.log","md5":"ca78cbc3688ea42ef21a5fafefb06171","size":483,"timeStamp":"2022-02-04T22:29:32.492662537Z"},"heartbeat-init-stderr-0.log":{"path":"heartbeat-init-stderr-0.log","md5":"cee60fe438418c9200f9c794f5b62bb8","size":16430,"timeStamp":"2022-02-04T22:29:32.51308217Z"},"heartbeat-init-stdout-0.log":{"path":"heartbeat-init-stdout-0.log","md5":"d41d8cd98f00b204e9800998ecf8427e","size":0,"timeStamp":"2022-02-04T22:29:32.526229856Z"},"heartbeat-init-stdouterr-0.log":{"path":"heartbeat-init-stdouterr-0.log","md5":"cee60fe438418c9200f9c794f5b62bb8","size":16430,"timeStamp":"2022-02-04T22:29:32.49012682Z"},"heartbeat-stderr-0.log":{"path":"heartbeat-stderr-0.log","md5":"c00f18305003eda897ec8c0e14196abd","size":677,"timeStamp":"2022-02-04T22:29:32.500553555Z"},"heartbeat-stdout-0.log":{"path":"heartbeat-stdout-0.log","md5":"d41d8cd98f00b204e9800998ecf8427e","size":0,"timeStamp":"2022-02-04T22:29:32.517720055Z"},"heartbeat-stdouterr-0.log":{"path":"heartbeat-stdouterr-0.log","md5":"c00f18305003eda897ec8c0e14196abd","size":677,"timeStamp":"2022-02-04T22:29:32.519841975Z"},"logging-stderr-0.log":{"path":"logging-stderr-0.log","md5":"81c58cd634a64e40dc03011d62be7984","size":12159,"timeStamp":"2022-02-04T22:29:32.56710843Z"},"logging-stdout-0.log":{"path":"logging-stdout-0.log","md5":"38aba068a5ed417ba90755e25eb44070","size":90,"timeStamp":"2022-02-04T22:29:32.550381204Z"},"logging-stdouterr-0.log":{"path":"logging-stdouterr-0.log","md5":"9686ae05d9a2a278a1d6911b3a621633","size":12249,"timeStamp":"2022-02-04T22:29:32.526448531Z"},"network-init-stderr-0.log":{"path":"network-init-stderr-0.log","md5":"d41d8cd98f00b204e9800998ecf8427e","size":0,"timeStamp":"2022-02-04T22:29:32.525960739Z"},"network-init-stdout-0.log":{"path":"network-init-stdout-0.log","md5":"d41d8cd98f00b204e9800998ecf8427e","size":0,"timeStamp":"2022-02-04T22:29:32.581877343Z"},"network-init-stdouterr-0.log":{"path":"network-init-stdouterr-0.log","md5":"d41d8cd98f00b204e9800998ecf8427e","size":0,"timeStamp":"2022-02-04T22:29:32.536476593Z"},"output0-stderr-0.log":{"path":"output0-stderr-0.log","md5":"620927136d630bc0a2b34aab6884e8ad","size":5004,"timeStamp":"2022-02-04T22:29:32.567663274Z"},"output0-stdout-0.log":{"path":"output0-stdout-0.log","md5":"d41d8cd98f00b204e9800998ecf8427e","size":0,"timeStamp":"2022-02-04T22:29:32.543799338Z"},"output0-stdouterr-0.log":{"path":"output0-stdouterr-0.log","md5":"620927136d630bc0a2b34aab6884e8ad","size":5004,"timeStamp":"2022-02-04T22:29:32.545743949Z"},"output1-stderr-0.log":{"path":"output1-stderr-0.log","md5":"e45692e3bf6204f01967201fb1a9c805","size":1576,"timeStamp":"2022-02-04T22:29:32.554839911Z"},"output1-stdout-0.log":{"path":"output1-stdout-0.log","md5":"d41d8cd98f00b204e9800998ecf8427e","size":0,"timeStamp":"2022-02-04T22:29:32.549722994Z"},"output1-stdouterr-0.log":{"path":"output1-stdouterr-0.log","md5":"e45692e3bf6204f01967201fb1a9c805","size":1576,"timeStamp":"2022-02-04T22:29:32.58842669Z"},"permission-init-stderr-0.log":{"path":"permission-init-stderr-0.log","md5":"d41d8cd98f00b204e9800998ecf8427e","size":0,"timeStamp":"2022-02-04T22:29:32.569695016Z"},"permission-init-stdout-0.log":{"path":"permission-init-stdout-0.log","md5":"21d70ca5ea81b5aba9ddced4a0ec2868","size":2212,"timeStamp":"2022-02-04T22:29:32.574341878Z"},"permission-init-stdouterr-0.log":{"path":"permission-init-stdouterr-0.log","md5":"21d70ca5ea81b5aba9ddced4a0ec2868","size":2212,"timeStamp":"2022-02-04T22:29:32.568101717Z"},"pod-0.log":{"path":"pod-0.log","md5":"5564885a22d0f71661465b2f678be2e1","size":56,"timeStamp":"2022-02-04T22:29:32.589998685Z"},"pod-metrics-0.log":{"path":"pod-metrics-0.log","md5":"bde8d4bfd674fe7b9b29d1c5c0348c0e","size":22802,"timeStamp":"2022-02-04T22:29:32.584097306Z"},"task-stderr-0.log":{"path":"task-stderr-0.log","md5":"b4d6e997589257cccda0527bbb4a8103","size":83,"timeStamp":"2022-02-04T22:29:32.584297792Z"},"task-stdout-0.log":{"path":"task-stdout-0.log","md5":"908cdf455a99c9adf8db40d69edd7e82","size":27884,"timeStamp":"2022-02-04T22:29:32.632383909Z"},"task-stdouterr-0.log":{"path":"task-stdouterr-0.log","md5":"874367fd70ac6d45a6f939ee1d8e6e3a","size":27967,"timeStamp":"2022-02-04T22:29:32.619161456Z"},"tes-input-handler-init-container-stderr-0.log":{"path":"tes-input-handler-init-container-stderr-0.log","md5":"d41d8cd98f00b204e9800998ecf8427e","size":0,"timeStamp":"2022-02-04T22:29:32.593445068Z"},"tes-input-handler-init-container-stdout-0.log":{"path":"tes-input-handler-init-container-stdout-0.log","md5":"d41d8cd98f00b204e9800998ecf8427e","size":0,"timeStamp":"2022-02-04T22:29:32.601570059Z"},"tes-input-handler-init-container-stdouterr-0.log":{"path":"tes-input-handler-init-container-stdouterr-0.log","md5":"d41d8cd98f00b204e9800998ecf8427e","size":0,"timeStamp":"2022-02-04T22:29:32.625390918Z"}}